ISO-10303-21;
HEADER;
/* Generated by software containing ST-Developer
 * from STEP Tools, Inc. (www.steptools.com) 
 */
/* OPTION: using custom renumber hook */

FILE_DESCRIPTION(
/* description */ ('STEP AP242 Edition 2',
'CAx-IF Rec.Pracs.---Representation and Presentation of Product Manufa
cturing Information (PMI)---4.0---2014-10-13',
'CAx-IF Rec.Pracs.---3D Tessellated Geometry---0.4---2014-09-14','2;1',
'CAx-IF Rec.Pracs.---User Defined Attributes---1.5---2016-08-15'),
/* implementation_level */ '2;1');

FILE_NAME(
/* name */ 'f1',
/* time_stamp */ '2026-08-01T14:08:29Z',
/* author */ (''),
/* organization */ (''),
/* preprocessor_version */ 'ST-DEVELOPER v20',
/* originating_system */ 'ONSHAPE BY PTC INC, 1.218',
/* authorisation */ '  ');

FILE_SCHEMA (('AP242_MANAGED_MODEL_BASED_3D_ENGINEERING_MIM_LF { 1 0 10303 442 3 1 4 }'));
ENDSEC;

DATA;
#10=SHAPE_REPRESENTATION_RELATIONSHIP('','',#8488,#11);
#11=ADVANCED_BREP_SHAPE_REPRESENTATION('',(#8486),#14647);
#12=B_SPLINE_SURFACE_WITH_KNOTS('',1,3,((#10812,#10813,#10814,#10815),(#10816,
#10817,#10818,#10819)),.RULED_SURF.,.F.,.F.,.F.,(2,2),(4,4),(0.,1.),(0.,
1.),.PIECEWISE_BEZIER_KNOTS.);
#13=B_SPLINE_SURFACE_WITH_KNOTS('',1,3,((#10829,#10830,#10831,#10832),(#10833,
#10834,#10835,#10836)),.RULED_SURF.,.F.,.F.,.F.,(2,2),(4,4),(0.,1.),(0.,
1.),.PIECEWISE_BEZIER_KNOTS.);
#14=B_SPLINE_SURFACE_WITH_KNOTS('',1,3,((#10906,#10907,#10908,#10909),(#10910,
#10911,#10912,#10913)),.RULED_SURF.,.F.,.F.,.F.,(2,2),(4,4),(0.,1.),(0.,
1.),.PIECEWISE_BEZIER_KNOTS.);
#15=B_SPLINE_SURFACE_WITH_KNOTS('',1,3,((#10949,#10950,#10951,#10952),(#10953,
#10954,#10955,#10956)),.RULED_SURF.,.F.,.F.,.F.,(2,2),(4,4),(0.,1.),(0.,
1.),.PIECEWISE_BEZIER_KNOTS.);
#16=B_SPLINE_SURFACE_WITH_KNOTS('',1,3,((#11026,#11027,#11028,#11029),(#11030,
#11031,#11032,#11033)),.RULED_SURF.,.F.,.F.,.F.,(2,2),(4,4),(0.,1.),(0.,
1.),.PIECEWISE_BEZIER_KNOTS.);
#17=B_SPLINE_SURFACE_WITH_KNOTS('',1,3,((#11043,#11044,#11045,#11046),(#11047,
#11048,#11049,#11050)),.RULED_SURF.,.F.,.F.,.F.,(2,2),(4,4),(0.,1.),(0.,
1.),.PIECEWISE_BEZIER_KNOTS.);
#18=B_SPLINE_SURFACE_WITH_KNOTS('',1,3,((#11144,#11145,#11146,#11147),(#11148,
#11149,#11150,#11151)),.RULED_SURF.,.F.,.F.,.F.,(2,2),(4,4),(0.,1.),(0.,
1.),.PIECEWISE_BEZIER_KNOTS.);
#19=B_SPLINE_SURFACE_WITH_KNOTS('',1,3,((#11219,#11220,#11221,#11222),(#11223,
#11224,#11225,#11226)),.RULED_SURF.,.F.,.F.,.F.,(2,2),(4,4),(0.,1.),(0.,
1.),.PIECEWISE_BEZIER_KNOTS.);
#20=B_SPLINE_SURFACE_WITH_KNOTS('',1,3,((#11282,#11283,#11284,#11285),(#11286,
#11287,#11288,#11289)),.SURF_OF_LINEAR_EXTRUSION.,.F.,.F.,.F.,(2,2),(4,
4),(0.,1.),(0.,1.),.PIECEWISE_BEZIER_KNOTS.);
#21=B_SPLINE_SURFACE_WITH_KNOTS('',1,3,((#11304,#11305,#11306,#11307),(#11308,
#11309,#11310,#11311)),.SURF_OF_LINEAR_EXTRUSION.,.F.,.F.,.F.,(2,2),(4,
4),(0.,1.),(0.,1.),.PIECEWISE_BEZIER_KNOTS.);
#22=B_SPLINE_SURFACE_WITH_KNOTS('',1,3,((#11350,#11351,#11352,#11353,#11354,
#11355),(#11356,#11357,#11358,#11359,#11360,#11361)),.RULED_SURF.,.F.,.F.,
 .F.,(2,2),(4,2,4),(0.,1.),(0.,0.5,1.),.UNSPECIFIED.);
#23=B_SPLINE_SURFACE_WITH_KNOTS('',1,3,((#11371,#11372,#11373,#11374),(#11375,
#11376,#11377,#11378)),.RULED_SURF.,.F.,.F.,.F.,(2,2),(4,4),(0.,1.),(0.,
1.),.PIECEWISE_BEZIER_KNOTS.);
#24=B_SPLINE_SURFACE_WITH_KNOTS('',1,3,((#11388,#11389,#11390,#11391),(#11392,
#11393,#11394,#11395)),.RULED_SURF.,.F.,.F.,.F.,(2,2),(4,4),(0.,1.),(0.,
1.),.PIECEWISE_BEZIER_KNOTS.);
#25=B_SPLINE_SURFACE_WITH_KNOTS('',1,3,((#11405,#11406,#11407,#11408),(#11409,
#11410,#11411,#11412)),.RULED_SURF.,.F.,.F.,.F.,(2,2),(4,4),(0.,1.),(0.,
1.),.PIECEWISE_BEZIER_KNOTS.);
#26=B_SPLINE_SURFACE_WITH_KNOTS('',1,3,((#11422,#11423,#11424,#11425),(#11426,
#11427,#11428,#11429)),.RULED_SURF.,.F.,.F.,.F.,(2,2),(4,4),(0.,1.),(0.,
1.),.PIECEWISE_BEZIER_KNOTS.);
#27=B_SPLINE_SURFACE_WITH_KNOTS('',1,3,((#11449,#11450,#11451,#11452),(#11453,
#11454,#11455,#11456)),.RULED_SURF.,.F.,.F.,.F.,(2,2),(4,4),(0.,1.),(0.,
1.),.PIECEWISE_BEZIER_KNOTS.);
#28=B_SPLINE_SURFACE_WITH_KNOTS('',1,3,((#11476,#11477,#11478,#11479,#11480,
#11481),(#11482,#11483,#11484,#11485,#11486,#11487)),.RULED_SURF.,.F.,.F.,
 .F.,(2,2),(4,2,4),(0.,1.),(0.,0.5,1.),.UNSPECIFIED.);
#29=B_SPLINE_SURFACE_WITH_KNOTS('',1,3,((#11497,#11498,#11499,#11500),(#11501,
#11502,#11503,#11504)),.RULED_SURF.,.F.,.F.,.F.,(2,2),(4,4),(0.,1.),(0.,
1.),.PIECEWISE_BEZIER_KNOTS.);
#30=B_SPLINE_SURFACE_WITH_KNOTS('',1,3,((#11514,#11515,#11516,#11517),(#11518,
#11519,#11520,#11521)),.RULED_SURF.,.F.,.F.,.F.,(2,2),(4,4),(0.,1.),(0.,
1.),.PIECEWISE_BEZIER_KNOTS.);
#31=B_SPLINE_SURFACE_WITH_KNOTS('',1,3,((#11531,#11532,#11533,#11534,#11535,
#11536,#11537,#11538,#11539,#11540),(#11541,#11542,#11543,#11544,#11545,
#11546,#11547,#11548,#11549,#11550)),.RULED_SURF.,.F.,.F.,.F.,(2,2),(4,
2,2,2,4),(0.,1.),(0.,0.25,0.5,0.75,1.),.UNSPECIFIED.);
#32=B_SPLINE_SURFACE_WITH_KNOTS('',1,3,((#11561,#11562,#11563,#11564,#11565,
#11566),(#11567,#11568,#11569,#11570,#11571,#11572)),.RULED_SURF.,.F.,.F.,
 .F.,(2,2),(4,2,4),(0.,1.),(0.,0.5,1.),.UNSPECIFIED.);
#33=B_SPLINE_SURFACE_WITH_KNOTS('',1,3,((#11582,#11583,#11584,#11585),(#11586,
#11587,#11588,#11589)),.RULED_SURF.,.F.,.F.,.F.,(2,2),(4,4),(0.,1.),(0.,
1.),.PIECEWISE_BEZIER_KNOTS.);
#34=B_SPLINE_SURFACE_WITH_KNOTS('',1,3,((#11599,#11600,#11601,#11602),(#11603,
#11604,#11605,#11606)),.RULED_SURF.,.F.,.F.,.F.,(2,2),(4,4),(0.,1.),(0.,
1.),.PIECEWISE_BEZIER_KNOTS.);
#35=B_SPLINE_SURFACE_WITH_KNOTS('',1,3,((#11616,#11617,#11618,#11619,#11620,
#11621),(#11622,#11623,#11624,#11625,#11626,#11627)),.RULED_SURF.,.F.,.F.,
 .F.,(2,2),(4,2,4),(0.,1.),(0.,0.5,1.),.UNSPECIFIED.);
#36=B_SPLINE_SURFACE_WITH_KNOTS('',1,3,((#11688,#11689,#11690,#11691),(#11692,
#11693,#11694,#11695)),.RULED_SURF.,.F.,.F.,.F.,(2,2),(4,4),(0.,1.),(0.,
1.),.PIECEWISE_BEZIER_KNOTS.);
#37=B_SPLINE_SURFACE_WITH_KNOTS('',1,3,((#11710,#11711,#11712,#11713,#11714,
#11715),(#11716,#11717,#11718,#11719,#11720,#11721)),.RULED_SURF.,.F.,.F.,
 .F.,(2,2),(4,2,4),(0.,1.),(0.,0.5,1.),.UNSPECIFIED.);
#38=B_SPLINE_SURFACE_WITH_KNOTS('',1,3,((#11736,#11737,#11738,#11739,#11740,
#11741),(#11742,#11743,#11744,#11745,#11746,#11747)),.RULED_SURF.,.F.,.F.,
 .F.,(2,2),(4,2,4),(0.,1.),(0.,0.5,1.),.UNSPECIFIED.);
#39=B_SPLINE_SURFACE_WITH_KNOTS('',1,3,((#11762,#11763,#11764,#11765),(#11766,
#11767,#11768,#11769)),.RULED_SURF.,.F.,.F.,.F.,(2,2),(4,4),(0.,1.),(0.,
1.),.PIECEWISE_BEZIER_KNOTS.);
#40=B_SPLINE_SURFACE_WITH_KNOTS('',1,3,((#11859,#11860,#11861,#11862,#11863,
#11864),(#11865,#11866,#11867,#11868,#11869,#11870)),.RULED_SURF.,.F.,.F.,
 .F.,(2,2),(4,2,4),(0.,1.),(0.,0.5,1.),.UNSPECIFIED.);
#41=B_SPLINE_SURFACE_WITH_KNOTS('',1,3,((#11885,#11886,#11887,#11888),(#11889,
#11890,#11891,#11892)),.RULED_SURF.,.F.,.F.,.F.,(2,2),(4,4),(0.,1.),(0.,
1.),.PIECEWISE_BEZIER_KNOTS.);
#42=B_SPLINE_SURFACE_WITH_KNOTS('',1,3,((#11907,#11908,#11909,#11910),(#11911,
#11912,#11913,#11914)),.RULED_SURF.,.F.,.F.,.F.,(2,2),(4,4),(0.,1.),(0.,
1.),.PIECEWISE_BEZIER_KNOTS.);
#43=B_SPLINE_SURFACE_WITH_KNOTS('',1,3,((#11929,#11930,#11931,#11932,#11933,
#11934),(#11935,#11936,#11937,#11938,#11939,#11940)),.RULED_SURF.,.F.,.F.,
 .F.,(2,2),(4,2,4),(0.,1.),(0.,0.5,1.),.UNSPECIFIED.);
#44=B_SPLINE_SURFACE_WITH_KNOTS('',1,3,((#11984,#11985,#11986,#11987),(#11988,
#11989,#11990,#11991)),.RULED_SURF.,.F.,.F.,.F.,(2,2),(4,4),(0.,1.),(0.,
1.),.PIECEWISE_BEZIER_KNOTS.);
#45=B_SPLINE_SURFACE_WITH_KNOTS('',1,3,((#12061,#12062,#12063,#12064),(#12065,
#12066,#12067,#12068)),.RULED_SURF.,.F.,.F.,.F.,(2,2),(4,4),(0.,1.),(0.,
1.),.PIECEWISE_BEZIER_KNOTS.);
#46=B_SPLINE_SURFACE_WITH_KNOTS('',1,3,((#12078,#12079,#12080,#12081),(#12082,
#12083,#12084,#12085)),.RULED_SURF.,.F.,.F.,.F.,(2,2),(4,4),(0.,1.),(0.,
1.),.PIECEWISE_BEZIER_KNOTS.);
#47=B_SPLINE_SURFACE_WITH_KNOTS('',1,3,((#12105,#12106,#12107,#12108),(#12109,
#12110,#12111,#12112)),.RULED_SURF.,.F.,.F.,.F.,(2,2),(4,4),(0.,1.),(0.,
1.),.PIECEWISE_BEZIER_KNOTS.);
#48=B_SPLINE_SURFACE_WITH_KNOTS('',1,3,((#12122,#12123,#12124,#12125,#12126,
#12127),(#12128,#12129,#12130,#12131,#12132,#12133)),.RULED_SURF.,.F.,.F.,
 .F.,(2,2),(4,2,4),(0.,1.),(0.,0.5,1.),.UNSPECIFIED.);
#49=B_SPLINE_SURFACE_WITH_KNOTS('',1,3,((#12143,#12144,#12145,#12146,#12147,
#12148),(#12149,#12150,#12151,#12152,#12153,#12154)),.RULED_SURF.,.F.,.F.,
 .F.,(2,2),(4,2,4),(0.,1.),(0.,0.5,1.),.UNSPECIFIED.);
#50=B_SPLINE_SURFACE_WITH_KNOTS('',1,3,((#12164,#12165,#12166,#12167),(#12168,
#12169,#12170,#12171)),.RULED_SURF.,.F.,.F.,.F.,(2,2),(4,4),(0.,1.),(0.,
1.),.PIECEWISE_BEZIER_KNOTS.);
#51=B_SPLINE_SURFACE_WITH_KNOTS('',1,3,((#12181,#12182,#12183,#12184),(#12185,
#12186,#12187,#12188)),.RULED_SURF.,.F.,.F.,.F.,(2,2),(4,4),(0.,1.),(0.,
1.),.PIECEWISE_BEZIER_KNOTS.);
#52=B_SPLINE_SURFACE_WITH_KNOTS('',1,3,((#12238,#12239,#12240,#12241),(#12242,
#12243,#12244,#12245)),.RULED_SURF.,.F.,.F.,.F.,(2,2),(4,4),(0.,1.),(0.,
1.),.PIECEWISE_BEZIER_KNOTS.);
#53=B_SPLINE_SURFACE_WITH_KNOTS('',1,3,((#12265,#12266,#12267,#12268,#12269,
#12270),(#12271,#12272,#12273,#12274,#12275,#12276)),.RULED_SURF.,.F.,.F.,
 .F.,(2,2),(4,2,4),(0.,1.),(0.,0.5,1.),.UNSPECIFIED.);
#54=B_SPLINE_SURFACE_WITH_KNOTS('',1,3,((#12296,#12297,#12298,#12299),(#12300,
#12301,#12302,#12303)),.RULED_SURF.,.F.,.F.,.F.,(2,2),(4,4),(0.,1.),(0.,
1.),.PIECEWISE_BEZIER_KNOTS.);
#55=B_SPLINE_SURFACE_WITH_KNOTS('',1,3,((#12313,#12314,#12315,#12316),(#12317,
#12318,#12319,#12320)),.RULED_SURF.,.F.,.F.,.F.,(2,2),(4,4),(0.,1.),(0.,
1.),.PIECEWISE_BEZIER_KNOTS.);
#56=B_SPLINE_SURFACE_WITH_KNOTS('',1,3,((#12330,#12331,#12332,#12333),(#12334,
#12335,#12336,#12337)),.RULED_SURF.,.F.,.F.,.F.,(2,2),(4,4),(0.,1.),(0.,
1.),.PIECEWISE_BEZIER_KNOTS.);
#57=B_SPLINE_SURFACE_WITH_KNOTS('',1,3,((#12387,#12388,#12389,#12390),(#12391,
#12392,#12393,#12394)),.RULED_SURF.,.F.,.F.,.F.,(2,2),(4,4),(0.,1.),(0.,
1.),.PIECEWISE_BEZIER_KNOTS.);
#58=B_SPLINE_SURFACE_WITH_KNOTS('',1,3,((#12424,#12425,#12426,#12427),(#12428,
#12429,#12430,#12431)),.RULED_SURF.,.F.,.F.,.F.,(2,2),(4,4),(0.,1.),(0.,
1.),.PIECEWISE_BEZIER_KNOTS.);
#59=B_SPLINE_SURFACE_WITH_KNOTS('',1,3,((#12476,#12477,#12478,#12479,#12480,
#12481),(#12482,#12483,#12484,#12485,#12486,#12487)),.RULED_SURF.,.F.,.F.,
 .F.,(2,2),(4,2,4),(0.,1.),(0.,0.5,1.),.UNSPECIFIED.);
#60=B_SPLINE_SURFACE_WITH_KNOTS('',1,3,((#12502,#12503,#12504,#12505),(#12506,
#12507,#12508,#12509)),.RULED_SURF.,.F.,.F.,.F.,(2,2),(4,4),(0.,1.),(0.,
1.),.PIECEWISE_BEZIER_KNOTS.);
#61=B_SPLINE_SURFACE_WITH_KNOTS('',1,3,((#12524,#12525,#12526,#12527),(#12528,
#12529,#12530,#12531)),.RULED_SURF.,.F.,.F.,.F.,(2,2),(4,4),(0.,1.),(0.,
1.),.PIECEWISE_BEZIER_KNOTS.);
#62=B_SPLINE_SURFACE_WITH_KNOTS('',1,3,((#12634,#12635,#12636,#12637),(#12638,
#12639,#12640,#12641)),.RULED_SURF.,.F.,.F.,.F.,(2,2),(4,4),(0.,1.),(0.,
1.),.PIECEWISE_BEZIER_KNOTS.);
#63=B_SPLINE_SURFACE_WITH_KNOTS('',1,3,((#12651,#12652,#12653,#12654),(#12655,
#12656,#12657,#12658)),.RULED_SURF.,.F.,.F.,.F.,(2,2),(4,4),(0.,1.),(0.,
1.),.PIECEWISE_BEZIER_KNOTS.);
#64=B_SPLINE_SURFACE_WITH_KNOTS('',1,3,((#12728,#12729,#12730,#12731),(#12732,
#12733,#12734,#12735)),.RULED_SURF.,.F.,.F.,.F.,(2,2),(4,4),(0.,1.),(0.,
1.),.PIECEWISE_BEZIER_KNOTS.);
#65=B_SPLINE_SURFACE_WITH_KNOTS('',1,3,((#12771,#12772,#12773,#12774),(#12775,
#12776,#12777,#12778)),.RULED_SURF.,.F.,.F.,.F.,(2,2),(4,4),(0.,1.),(0.,
1.),.PIECEWISE_BEZIER_KNOTS.);
#66=B_SPLINE_SURFACE_WITH_KNOTS('',1,3,((#12848,#12849,#12850,#12851),(#12852,
#12853,#12854,#12855)),.RULED_SURF.,.F.,.F.,.F.,(2,2),(4,4),(0.,1.),(0.,
1.),.PIECEWISE_BEZIER_KNOTS.);
#67=B_SPLINE_SURFACE_WITH_KNOTS('',1,3,((#12865,#12866,#12867,#12868),(#12869,
#12870,#12871,#12872)),.RULED_SURF.,.F.,.F.,.F.,(2,2),(4,4),(0.,1.),(0.,
1.),.PIECEWISE_BEZIER_KNOTS.);
#68=B_SPLINE_SURFACE_WITH_KNOTS('',1,3,((#12966,#12967,#12968,#12969),(#12970,
#12971,#12972,#12973)),.RULED_SURF.,.F.,.F.,.F.,(2,2),(4,4),(0.,1.),(0.,
1.),.PIECEWISE_BEZIER_KNOTS.);
#69=B_SPLINE_SURFACE_WITH_KNOTS('',1,3,((#13041,#13042,#13043,#13044),(#13045,
#13046,#13047,#13048)),.RULED_SURF.,.F.,.F.,.F.,(2,2),(4,4),(0.,1.),(0.,
1.),.PIECEWISE_BEZIER_KNOTS.);
#70=B_SPLINE_SURFACE_WITH_KNOTS('',1,3,((#13104,#13105,#13106,#13107),(#13108,
#13109,#13110,#13111)),.SURF_OF_LINEAR_EXTRUSION.,.F.,.F.,.F.,(2,2),(4,
4),(0.,1.),(0.,1.),.PIECEWISE_BEZIER_KNOTS.);
#71=B_SPLINE_SURFACE_WITH_KNOTS('',1,3,((#13126,#13127,#13128,#13129),(#13130,
#13131,#13132,#13133)),.SURF_OF_LINEAR_EXTRUSION.,.F.,.F.,.F.,(2,2),(4,
4),(0.,1.),(0.,1.),.PIECEWISE_BEZIER_KNOTS.);
#72=B_SPLINE_SURFACE_WITH_KNOTS('',1,3,((#13172,#13173,#13174,#13175,#13176,
#13177),(#13178,#13179,#13180,#13181,#13182,#13183)),.RULED_SURF.,.F.,.F.,
 .F.,(2,2),(4,2,4),(0.,1.),(0.,0.5,1.),.UNSPECIFIED.);
#73=B_SPLINE_SURFACE_WITH_KNOTS('',1,3,((#13193,#13194,#13195,#13196),(#13197,
#13198,#13199,#13200)),.RULED_SURF.,.F.,.F.,.F.,(2,2),(4,4),(0.,1.),(0.,
1.),.PIECEWISE_BEZIER_KNOTS.);
#74=B_SPLINE_SURFACE_WITH_KNOTS('',1,3,((#13210,#13211,#13212,#13213),(#13214,
#13215,#13216,#13217)),.RULED_SURF.,.F.,.F.,.F.,(2,2),(4,4),(0.,1.),(0.,
1.),.PIECEWISE_BEZIER_KNOTS.);
#75=B_SPLINE_SURFACE_WITH_KNOTS('',1,3,((#13227,#13228,#13229,#13230),(#13231,
#13232,#13233,#13234)),.RULED_SURF.,.F.,.F.,.F.,(2,2),(4,4),(0.,1.),(0.,
1.),.PIECEWISE_BEZIER_KNOTS.);
#76=B_SPLINE_SURFACE_WITH_KNOTS('',1,3,((#13244,#13245,#13246,#13247),(#13248,
#13249,#13250,#13251)),.RULED_SURF.,.F.,.F.,.F.,(2,2),(4,4),(0.,1.),(0.,
1.),.PIECEWISE_BEZIER_KNOTS.);
#77=B_SPLINE_SURFACE_WITH_KNOTS('',1,3,((#13271,#13272,#13273,#13274),(#13275,
#13276,#13277,#13278)),.RULED_SURF.,.F.,.F.,.F.,(2,2),(4,4),(0.,1.),(0.,
1.),.PIECEWISE_BEZIER_KNOTS.);
#78=B_SPLINE_SURFACE_WITH_KNOTS('',1,3,((#13298,#13299,#13300,#13301,#13302,
#13303),(#13304,#13305,#13306,#13307,#13308,#13309)),.RULED_SURF.,.F.,.F.,
 .F.,(2,2),(4,2,4),(0.,1.),(0.,0.5,1.),.UNSPECIFIED.);
#79=B_SPLINE_SURFACE_WITH_KNOTS('',1,3,((#13319,#13320,#13321,#13322),(#13323,
#13324,#13325,#13326)),.RULED_SURF.,.F.,.F.,.F.,(2,2),(4,4),(0.,1.),(0.,
1.),.PIECEWISE_BEZIER_KNOTS.);
#80=B_SPLINE_SURFACE_WITH_KNOTS('',1,3,((#13336,#13337,#13338,#13339),(#13340,
#13341,#13342,#13343)),.RULED_SURF.,.F.,.F.,.F.,(2,2),(4,4),(0.,1.),(0.,
1.),.PIECEWISE_BEZIER_KNOTS.);
#81=B_SPLINE_SURFACE_WITH_KNOTS('',1,3,((#13353,#13354,#13355,#13356,#13357,
#13358,#13359,#13360,#13361,#13362),(#13363,#13364,#13365,#13366,#13367,
#13368,#13369,#13370,#13371,#13372)),.RULED_SURF.,.F.,.F.,.F.,(2,2),(4,
2,2,2,4),(0.,1.),(0.,0.25,0.5,0.75,1.),.UNSPECIFIED.);
#82=B_SPLINE_SURFACE_WITH_KNOTS('',1,3,((#13383,#13384,#13385,#13386,#13387,
#13388),(#13389,#13390,#13391,#13392,#13393,#13394)),.RULED_SURF.,.F.,.F.,
 .F.,(2,2),(4,2,4),(0.,1.),(0.,0.5,1.),.UNSPECIFIED.);
#83=B_SPLINE_SURFACE_WITH_KNOTS('',1,3,((#13404,#13405,#13406,#13407),(#13408,
#13409,#13410,#13411)),.RULED_SURF.,.F.,.F.,.F.,(2,2),(4,4),(0.,1.),(0.,
1.),.PIECEWISE_BEZIER_KNOTS.);
#84=B_SPLINE_SURFACE_WITH_KNOTS('',1,3,((#13421,#13422,#13423,#13424),(#13425,
#13426,#13427,#13428)),.RULED_SURF.,.F.,.F.,.F.,(2,2),(4,4),(0.,1.),(0.,
1.),.PIECEWISE_BEZIER_KNOTS.);
#85=B_SPLINE_SURFACE_WITH_KNOTS('',1,3,((#13438,#13439,#13440,#13441,#13442,
#13443),(#13444,#13445,#13446,#13447,#13448,#13449)),.RULED_SURF.,.F.,.F.,
 .F.,(2,2),(4,2,4),(0.,1.),(0.,0.5,1.),.UNSPECIFIED.);
#86=B_SPLINE_SURFACE_WITH_KNOTS('',1,3,((#13510,#13511,#13512,#13513),(#13514,
#13515,#13516,#13517)),.RULED_SURF.,.F.,.F.,.F.,(2,2),(4,4),(0.,1.),(0.,
1.),.PIECEWISE_BEZIER_KNOTS.);
#87=B_SPLINE_SURFACE_WITH_KNOTS('',1,3,((#13532,#13533,#13534,#13535,#13536,
#13537),(#13538,#13539,#13540,#13541,#13542,#13543)),.RULED_SURF.,.F.,.F.,
 .F.,(2,2),(4,2,4),(0.,1.),(0.,0.5,1.),.UNSPECIFIED.);
#88=B_SPLINE_SURFACE_WITH_KNOTS('',1,3,((#13558,#13559,#13560,#13561,#13562,
#13563),(#13564,#13565,#13566,#13567,#13568,#13569)),.RULED_SURF.,.F.,.F.,
 .F.,(2,2),(4,2,4),(0.,1.),(0.,0.5,1.),.UNSPECIFIED.);
#89=B_SPLINE_SURFACE_WITH_KNOTS('',1,3,((#13584,#13585,#13586,#13587),(#13588,
#13589,#13590,#13591)),.RULED_SURF.,.F.,.F.,.F.,(2,2),(4,4),(0.,1.),(0.,
1.),.PIECEWISE_BEZIER_KNOTS.);
#90=B_SPLINE_SURFACE_WITH_KNOTS('',1,3,((#13681,#13682,#13683,#13684,#13685,
#13686),(#13687,#13688,#13689,#13690,#13691,#13692)),.RULED_SURF.,.F.,.F.,
 .F.,(2,2),(4,2,4),(0.,1.),(0.,0.5,1.),.UNSPECIFIED.);
#91=B_SPLINE_SURFACE_WITH_KNOTS('',1,3,((#13707,#13708,#13709,#13710),(#13711,
#13712,#13713,#13714)),.RULED_SURF.,.F.,.F.,.F.,(2,2),(4,4),(0.,1.),(0.,
1.),.PIECEWISE_BEZIER_KNOTS.);
#92=B_SPLINE_SURFACE_WITH_KNOTS('',1,3,((#13729,#13730,#13731,#13732),(#13733,
#13734,#13735,#13736)),.RULED_SURF.,.F.,.F.,.F.,(2,2),(4,4),(0.,1.),(0.,
1.),.PIECEWISE_BEZIER_KNOTS.);
#93=B_SPLINE_SURFACE_WITH_KNOTS('',1,3,((#13751,#13752,#13753,#13754,#13755,
#13756),(#13757,#13758,#13759,#13760,#13761,#13762)),.RULED_SURF.,.F.,.F.,
 .F.,(2,2),(4,2,4),(0.,1.),(0.,0.5,1.),.UNSPECIFIED.);
#94=B_SPLINE_SURFACE_WITH_KNOTS('',1,3,((#13806,#13807,#13808,#13809),(#13810,
#13811,#13812,#13813)),.RULED_SURF.,.F.,.F.,.F.,(2,2),(4,4),(0.,1.),(0.,
1.),.PIECEWISE_BEZIER_KNOTS.);
#95=B_SPLINE_SURFACE_WITH_KNOTS('',1,3,((#13883,#13884,#13885,#13886),(#13887,
#13888,#13889,#13890)),.RULED_SURF.,.F.,.F.,.F.,(2,2),(4,4),(0.,1.),(0.,
1.),.PIECEWISE_BEZIER_KNOTS.);
#96=B_SPLINE_SURFACE_WITH_KNOTS('',1,3,((#13900,#13901,#13902,#13903),(#13904,
#13905,#13906,#13907)),.RULED_SURF.,.F.,.F.,.F.,(2,2),(4,4),(0.,1.),(0.,
1.),.PIECEWISE_BEZIER_KNOTS.);
#97=B_SPLINE_SURFACE_WITH_KNOTS('',1,3,((#13927,#13928,#13929,#13930),(#13931,
#13932,#13933,#13934)),.RULED_SURF.,.F.,.F.,.F.,(2,2),(4,4),(0.,1.),(0.,
1.),.PIECEWISE_BEZIER_KNOTS.);
#98=B_SPLINE_SURFACE_WITH_KNOTS('',1,3,((#13944,#13945,#13946,#13947,#13948,
#13949),(#13950,#13951,#13952,#13953,#13954,#13955)),.RULED_SURF.,.F.,.F.,
 .F.,(2,2),(4,2,4),(0.,1.),(0.,0.5,1.),.UNSPECIFIED.);
#99=B_SPLINE_SURFACE_WITH_KNOTS('',1,3,((#13965,#13966,#13967,#13968,#13969,
#13970),(#13971,#13972,#13973,#13974,#13975,#13976)),.RULED_SURF.,.F.,.F.,
 .F.,(2,2),(4,2,4),(0.,1.),(0.,0.5,1.),.UNSPECIFIED.);
#100=B_SPLINE_SURFACE_WITH_KNOTS('',1,3,((#13986,#13987,#13988,#13989),
(#13990,#13991,#13992,#13993)),.RULED_SURF.,.F.,.F.,.F.,(2,2),(4,4),(0.,
1.),(0.,1.),.PIECEWISE_BEZIER_KNOTS.);
#101=B_SPLINE_SURFACE_WITH_KNOTS('',1,3,((#14003,#14004,#14005,#14006),
(#14007,#14008,#14009,#14010)),.RULED_SURF.,.F.,.F.,.F.,(2,2),(4,4),(0.,
1.),(0.,1.),.PIECEWISE_BEZIER_KNOTS.);
#102=B_SPLINE_SURFACE_WITH_KNOTS('',1,3,((#14060,#14061,#14062,#14063),
(#14064,#14065,#14066,#14067)),.RULED_SURF.,.F.,.F.,.F.,(2,2),(4,4),(0.,
1.),(0.,1.),.PIECEWISE_BEZIER_KNOTS.);
#103=B_SPLINE_SURFACE_WITH_KNOTS('',1,3,((#14087,#14088,#14089,#14090,#14091,
#14092),(#14093,#14094,#14095,#14096,#14097,#14098)),.RULED_SURF.,.F.,.F.,
 .F.,(2,2),(4,2,4),(0.,1.),(0.,0.5,1.),.UNSPECIFIED.);
#104=B_SPLINE_SURFACE_WITH_KNOTS('',1,3,((#14118,#14119,#14120,#14121),
(#14122,#14123,#14124,#14125)),.RULED_SURF.,.F.,.F.,.F.,(2,2),(4,4),(0.,
1.),(0.,1.),.PIECEWISE_BEZIER_KNOTS.);
#105=B_SPLINE_SURFACE_WITH_KNOTS('',1,3,((#14135,#14136,#14137,#14138),
(#14139,#14140,#14141,#14142)),.RULED_SURF.,.F.,.F.,.F.,(2,2),(4,4),(0.,
1.),(0.,1.),.PIECEWISE_BEZIER_KNOTS.);
#106=B_SPLINE_SURFACE_WITH_KNOTS('',1,3,((#14152,#14153,#14154,#14155),
(#14156,#14157,#14158,#14159)),.RULED_SURF.,.F.,.F.,.F.,(2,2),(4,4),(0.,
1.),(0.,1.),.PIECEWISE_BEZIER_KNOTS.);
#107=B_SPLINE_SURFACE_WITH_KNOTS('',1,3,((#14209,#14210,#14211,#14212),
(#14213,#14214,#14215,#14216)),.RULED_SURF.,.F.,.F.,.F.,(2,2),(4,4),(0.,
1.),(0.,1.),.PIECEWISE_BEZIER_KNOTS.);
#108=B_SPLINE_SURFACE_WITH_KNOTS('',1,3,((#14246,#14247,#14248,#14249),
(#14250,#14251,#14252,#14253)),.RULED_SURF.,.F.,.F.,.F.,(2,2),(4,4),(0.,
1.),(0.,1.),.PIECEWISE_BEZIER_KNOTS.);
#109=B_SPLINE_SURFACE_WITH_KNOTS('',1,3,((#14298,#14299,#14300,#14301,#14302,
#14303),(#14304,#14305,#14306,#14307,#14308,#14309)),.RULED_SURF.,.F.,.F.,
 .F.,(2,2),(4,2,4),(0.,1.),(0.,0.5,1.),.UNSPECIFIED.);
#110=B_SPLINE_SURFACE_WITH_KNOTS('',1,3,((#14324,#14325,#14326,#14327),
(#14328,#14329,#14330,#14331)),.RULED_SURF.,.F.,.F.,.F.,(2,2),(4,4),(0.,
1.),(0.,1.),.PIECEWISE_BEZIER_KNOTS.);
#111=B_SPLINE_SURFACE_WITH_KNOTS('',1,3,((#14346,#14347,#14348,#14349),
(#14350,#14351,#14352,#14353)),.RULED_SURF.,.F.,.F.,.F.,(2,2),(4,4),(0.,
1.),(0.,1.),.PIECEWISE_BEZIER_KNOTS.);
#112=B_SPLINE_SURFACE_WITH_KNOTS('',1,3,((#14460,#14461,#14462,#14463,#14464,
#14465),(#14466,#14467,#14468,#14469,#14470,#14471)),.RULED_SURF.,.F.,.F.,
 .F.,(2,2),(4,2,4),(0.,1.),(0.,0.5,1.),.UNSPECIFIED.);
#113=B_SPLINE_SURFACE_WITH_KNOTS('',1,3,((#14481,#14482,#14483,#14484),
(#14485,#14486,#14487,#14488)),.RULED_SURF.,.F.,.F.,.F.,(2,2),(4,4),(0.,
1.),(0.,1.),.PIECEWISE_BEZIER_KNOTS.);
#114=B_SPLINE_SURFACE_WITH_KNOTS('',1,3,((#14585,#14586,#14587,#14588,#14589,
#14590),(#14591,#14592,#14593,#14594,#14595,#14596)),.RULED_SURF.,.F.,.F.,
 .F.,(2,2),(4,2,4),(0.,1.),(0.,0.5,1.),.UNSPECIFIED.);
#115=B_SPLINE_SURFACE_WITH_KNOTS('',1,3,((#14606,#14607,#14608,#14609),
(#14610,#14611,#14612,#14613)),.RULED_SURF.,.F.,.F.,.F.,(2,2),(4,4),(0.,
1.),(0.,1.),.PIECEWISE_BEZIER_KNOTS.);
#116=DRAUGHTING_PRE_DEFINED_COLOUR('red');
#117=TOROIDAL_SURFACE('',#8551,0.0375,0.0025);
#118=TOROIDAL_SURFACE('',#8552,0.0375,0.0025);
#119=PLANE('',#8545);
#120=PLANE('',#8550);
#121=PLANE('',#8553);
#122=PLANE('',#8555);
#123=PLANE('',#8556);
#124=PLANE('',#8558);
#125=PLANE('',#8560);
#126=PLANE('',#8562);
#127=PLANE('',#8572);
#128=PLANE('',#8574);
#129=PLANE('',#8575);
#130=PLANE('',#8586);
#131=PLANE('',#8587);
#132=PLANE('',#8589);
#133=PLANE('',#8591);
#134=PLANE('',#8593);
#135=PLANE('',#8597);
#136=PLANE('',#8599);
#137=PLANE('',#8600);
#138=PLANE('',#8602);
#139=PLANE('',#8604);
#140=PLANE('',#8606);
#141=PLANE('',#8610);
#142=PLANE('',#8612);
#143=PLANE('',#8613);
#144=PLANE('',#8615);
#145=PLANE('',#8617);
#146=PLANE('',#8619);
#147=PLANE('',#8621);
#148=PLANE('',#8623);
#149=PLANE('',#8625);
#150=PLANE('',#8627);
#151=PLANE('',#8630);
#152=PLANE('',#8631);
#153=PLANE('',#8633);
#154=PLANE('',#8634);
#155=PLANE('',#8645);
#156=PLANE('',#8646);
#157=PLANE('',#8653);
#158=PLANE('',#8655);
#159=PLANE('',#8663);
#160=PLANE('',#8670);
#161=PLANE('',#8679);
#162=PLANE('',#8682);
#163=PLANE('',#8684);
#164=PLANE('',#8685);
#165=PLANE('',#8687);
#166=PLANE('',#8689);
#167=PLANE('',#8691);
#168=PLANE('',#8701);
#169=PLANE('',#8703);
#170=PLANE('',#8704);
#171=PLANE('',#8715);
#172=PLANE('',#8716);
#173=PLANE('',#8718);
#174=PLANE('',#8720);
#175=PLANE('',#8722);
#176=PLANE('',#8726);
#177=PLANE('',#8728);
#178=PLANE('',#8729);
#179=PLANE('',#8731);
#180=PLANE('',#8733);
#181=PLANE('',#8735);
#182=PLANE('',#8739);
#183=PLANE('',#8741);
#184=PLANE('',#8742);
#185=PLANE('',#8744);
#186=PLANE('',#8746);
#187=PLANE('',#8748);
#188=PLANE('',#8750);
#189=PLANE('',#8752);
#190=PLANE('',#8754);
#191=PLANE('',#8756);
#192=PLANE('',#8759);
#193=PLANE('',#8760);
#194=PLANE('',#8762);
#195=PLANE('',#8763);
#196=PLANE('',#8774);
#197=PLANE('',#8775);
#198=PLANE('',#8782);
#199=PLANE('',#8784);
#200=PLANE('',#8792);
#201=PLANE('',#8799);
#202=PLANE('',#8808);
#203=PLANE('',#8814);
#204=PLANE('',#8815);
#205=PLANE('',#8817);
#206=PLANE('',#8819);
#207=PLANE('',#8820);
#208=PLANE('',#8822);
#209=PLANE('',#8830);
#210=PLANE('',#8831);
#211=PLANE('',#8833);
#212=PLANE('',#8835);
#213=PLANE('',#8836);
#214=PLANE('',#8838);
#215=CIRCLE('',#8495,0.04);
#216=CIRCLE('',#8496,0.04);
#217=CIRCLE('',#8498,0.04);
#218=CIRCLE('',#8499,0.04);
#219=CIRCLE('',#8504,0.04);
#220=CIRCLE('',#8505,0.04);
#221=CIRCLE('',#8506,0.04);
#222=CIRCLE('',#8507,0.04);
#223=CIRCLE('',#8508,0.04);
#224=CIRCLE('',#8509,0.04);
#225=CIRCLE('',#8510,0.04);
#226=CIRCLE('',#8511,0.04);
#227=CIRCLE('',#8512,0.04);
#228=CIRCLE('',#8514,0.04);
#229=CIRCLE('',#8515,0.04);
#230=CIRCLE('',#8516,0.04);
#231=CIRCLE('',#8517,0.04);
#232=CIRCLE('',#8518,0.04);
#233=CIRCLE('',#8519,0.04);
#234=CIRCLE('',#8520,0.04);
#235=CIRCLE('',#8521,0.04);
#236=CIRCLE('',#8522,0.04);
#237=CIRCLE('',#8523,0.04);
#238=CIRCLE('',#8524,0.04);
#239=CIRCLE('',#8526,0.04);
#240=CIRCLE('',#8527,0.04);
#241=CIRCLE('',#8528,0.04);
#242=CIRCLE('',#8529,0.04);
#243=CIRCLE('',#8530,0.04);
#244=CIRCLE('',#8531,0.04);
#245=CIRCLE('',#8532,0.04);
#246=CIRCLE('',#8537,0.04);
#247=CIRCLE('',#8539,0.04);
#248=CIRCLE('',#8540,0.04);
#249=CIRCLE('',#8546,0.0375);
#250=CIRCLE('',#8548,0.035);
#251=CIRCLE('',#8549,0.035);
#252=CIRCLE('',#8554,0.0408);
#253=CIRCLE('',#8557,0.0408);
#254=CIRCLE('',#8561,0.0408);
#255=CIRCLE('',#8573,0.0408);
#256=CIRCLE('',#8588,0.0408);
#257=CIRCLE('',#8592,0.0408);
#258=CIRCLE('',#8598,0.0408);
#259=CIRCLE('',#8601,0.0408);
#260=CIRCLE('',#8605,0.0408);
#261=CIRCLE('',#8611,0.0408);
#262=CIRCLE('',#8614,0.0408);
#263=CIRCLE('',#8626,0.0408);
#264=CIRCLE('',#8632,0.0408);
#265=CIRCLE('',#8635,0.0408);
#266=CIRCLE('',#8647,0.04);
#267=CIRCLE('',#8648,0.0408);
#268=CIRCLE('',#8654,0.0408);
#269=CIRCLE('',#8671,0.0408);
#270=CIRCLE('',#8683,0.0408);
#271=CIRCLE('',#8686,0.0408);
#272=CIRCLE('',#8690,0.0408);
#273=CIRCLE('',#8702,0.0408);
#274=CIRCLE('',#8717,0.0408);
#275=CIRCLE('',#8721,0.0408);
#276=CIRCLE('',#8727,0.0408);
#277=CIRCLE('',#8730,0.0408);
#278=CIRCLE('',#8734,0.0408);
#279=CIRCLE('',#8740,0.0408);
#280=CIRCLE('',#8743,0.0408);
#281=CIRCLE('',#8755,0.0408);
#282=CIRCLE('',#8761,0.0408);
#283=CIRCLE('',#8764,0.0408);
#284=CIRCLE('',#8776,0.04);
#285=CIRCLE('',#8777,0.0408);
#286=CIRCLE('',#8783,0.0408);
#287=CIRCLE('',#8800,0.0408);
#288=B_SPLINE_CURVE_WITH_KNOTS('',3,(#9696,#9697,#9698,#9699),
 .UNSPECIFIED.,.F.,.F.,(4,4),(0.,1.),.UNSPECIFIED.);
#289=B_SPLINE_CURVE_WITH_KNOTS('',3,(#9701,#9702,#9703,#9704),
 .UNSPECIFIED.,.F.,.F.,(4,4),(0.,1.),.UNSPECIFIED.);
#290=B_SPLINE_CURVE_WITH_KNOTS('',3,(#9706,#9707,#9708,#9709),
 .UNSPECIFIED.,.F.,.F.,(4,4),(0.,0.000429685806923354),.UNSPECIFIED.);
#291=B_SPLINE_CURVE_WITH_KNOTS('',3,(#9711,#9712,#9713,#9714),
 .UNSPECIFIED.,.F.,.F.,(4,4),(0.,0.000238139913023033),.UNSPECIFIED.);
#292=B_SPLINE_CURVE_WITH_KNOTS('',3,(#9716,#9717,#9718,#9719),
 .UNSPECIFIED.,.F.,.F.,(4,4),(0.,0.000216813174515513),.UNSPECIFIED.);
#293=B_SPLINE_CURVE_WITH_KNOTS('',3,(#9721,#9722,#9723,#9724),
 .UNSPECIFIED.,.F.,.F.,(4,4),(-3.37783186837859E-16,0.000310256402151141),
 .UNSPECIFIED.);
#294=B_SPLINE_CURVE_WITH_KNOTS('',3,(#9728,#9729,#9730,#9731),
 .UNSPECIFIED.,.F.,.F.,(4,4),(0.,1.),.UNSPECIFIED.);
#295=B_SPLINE_CURVE_WITH_KNOTS('',3,(#9733,#9734,#9735,#9736),
 .UNSPECIFIED.,.F.,.F.,(4,4),(0.,1.),.UNSPECIFIED.);
#296=B_SPLINE_CURVE_WITH_KNOTS('',3,(#9737,#9738,#9739,#9740),
 .UNSPECIFIED.,.F.,.F.,(4,4),(0.,1.),.UNSPECIFIED.);
#297=B_SPLINE_CURVE_WITH_KNOTS('',3,(#9751,#9752,#9753,#9754),
 .UNSPECIFIED.,.F.,.F.,(4,4),(0.,1.00000000000003),.UNSPECIFIED.);
#298=B_SPLINE_CURVE_WITH_KNOTS('',3,(#9756,#9757,#9758,#9759),
 .UNSPECIFIED.,.F.,.F.,(4,4),(0.,1.),.UNSPECIFIED.);
#299=B_SPLINE_CURVE_WITH_KNOTS('',3,(#9761,#9762,#9763,#9764),
 .UNSPECIFIED.,.F.,.F.,(4,4),(0.,1.),.UNSPECIFIED.);
#300=B_SPLINE_CURVE_WITH_KNOTS('',3,(#9766,#9767,#9768,#9769),
 .UNSPECIFIED.,.F.,.F.,(4,4),(4.49572519478596E-13,0.000366474437705291),
 .UNSPECIFIED.);
#301=B_SPLINE_CURVE_WITH_KNOTS('',3,(#9771,#9772,#9773,#9774),
 .UNSPECIFIED.,.F.,.F.,(4,4),(0.,1.),.UNSPECIFIED.);
#302=B_SPLINE_CURVE_WITH_KNOTS('',3,(#9776,#9777,#9778,#9779),
 .UNSPECIFIED.,.F.,.F.,(4,4),(0.,1.),.UNSPECIFIED.);
#303=B_SPLINE_CURVE_WITH_KNOTS('',3,(#9781,#9782,#9783,#9784),
 .UNSPECIFIED.,.F.,.F.,(4,4),(0.,1.),.UNSPECIFIED.);
#304=B_SPLINE_CURVE_WITH_KNOTS('',3,(#9786,#9787,#9788,#9789),
 .UNSPECIFIED.,.F.,.F.,(4,4),(0.,1.),.UNSPECIFIED.);
#305=B_SPLINE_CURVE_WITH_KNOTS('',3,(#9791,#9792,#9793,#9794,#9795),
 .UNSPECIFIED.,.F.,.F.,(4,1,4),(0.,0.5,1.),.UNSPECIFIED.);
#306=B_SPLINE_CURVE_WITH_KNOTS('',3,(#9797,#9798,#9799,#9800),
 .UNSPECIFIED.,.F.,.F.,(4,4),(0.,1.),.UNSPECIFIED.);
#307=B_SPLINE_CURVE_WITH_KNOTS('',3,(#9802,#9803,#9804,#9805),
 .UNSPECIFIED.,.F.,.F.,(4,4),(0.,1.),.UNSPECIFIED.);
#308=B_SPLINE_CURVE_WITH_KNOTS('',3,(#9807,#9808,#9809,#9810),
 .UNSPECIFIED.,.F.,.F.,(4,4),(0.,1.),.UNSPECIFIED.);
#309=B_SPLINE_CURVE_WITH_KNOTS('',3,(#9812,#9813,#9814,#9815),
 .UNSPECIFIED.,.F.,.F.,(4,4),(1.30160625638505E-12,0.00114570373847534),
 .UNSPECIFIED.);
#310=B_SPLINE_CURVE_WITH_KNOTS('',3,(#9817,#9818,#9819,#9820),
 .UNSPECIFIED.,.F.,.F.,(4,4),(0.,1.),.UNSPECIFIED.);
#311=B_SPLINE_CURVE_WITH_KNOTS('',3,(#9822,#9823,#9824,#9825),
 .UNSPECIFIED.,.F.,.F.,(4,4),(1.42175141225537E-12,0.00100890813712046),
 .UNSPECIFIED.);
#312=B_SPLINE_CURVE_WITH_KNOTS('',3,(#9827,#9828,#9829,#9830),
 .UNSPECIFIED.,.F.,.F.,(4,4),(0.,1.),.UNSPECIFIED.);
#313=B_SPLINE_CURVE_WITH_KNOTS('',3,(#9832,#9833,#9834,#9835),
 .UNSPECIFIED.,.F.,.F.,(4,4),(0.,1.),.UNSPECIFIED.);
#314=B_SPLINE_CURVE_WITH_KNOTS('',3,(#9837,#9838,#9839,#9840),
 .UNSPECIFIED.,.F.,.F.,(4,4),(0.,1.),.UNSPECIFIED.);
#315=B_SPLINE_CURVE_WITH_KNOTS('',3,(#9842,#9843,#9844,#9845),
 .UNSPECIFIED.,.F.,.F.,(4,4),(0.,1.),.UNSPECIFIED.);
#316=B_SPLINE_CURVE_WITH_KNOTS('',3,(#9855,#9856,#9857,#9858),
 .UNSPECIFIED.,.F.,.F.,(4,4),(0.,1.),.UNSPECIFIED.);
#317=B_SPLINE_CURVE_WITH_KNOTS('',3,(#9860,#9861,#9862,#9863),
 .UNSPECIFIED.,.F.,.F.,(4,4),(0.,1.),.UNSPECIFIED.);
#318=B_SPLINE_CURVE_WITH_KNOTS('',3,(#9865,#9866,#9867,#9868),
 .UNSPECIFIED.,.F.,.F.,(4,4),(0.,1.),.UNSPECIFIED.);
#319=B_SPLINE_CURVE_WITH_KNOTS('',3,(#9870,#9871,#9872,#9873),
 .UNSPECIFIED.,.F.,.F.,(4,4),(2.97923192573905E-13,0.000558081458375452),
 .UNSPECIFIED.);
#320=B_SPLINE_CURVE_WITH_KNOTS('',3,(#9875,#9876,#9877,#9878),
 .UNSPECIFIED.,.F.,.F.,(4,4),(0.,1.),.UNSPECIFIED.);
#321=B_SPLINE_CURVE_WITH_KNOTS('',3,(#9880,#9881,#9882,#9883),
 .UNSPECIFIED.,.F.,.F.,(4,4),(6.80580902696059E-13,0.00115630446431014),
 .UNSPECIFIED.);
#322=B_SPLINE_CURVE_WITH_KNOTS('',3,(#9885,#9886,#9887,#9888),
 .UNSPECIFIED.,.F.,.F.,(4,4),(0.,1.),.UNSPECIFIED.);
#323=B_SPLINE_CURVE_WITH_KNOTS('',3,(#9890,#9891,#9892,#9893),
 .UNSPECIFIED.,.F.,.F.,(4,4),(5.97857827522573E-13,0.00122213295934749),
 .UNSPECIFIED.);
#324=B_SPLINE_CURVE_WITH_KNOTS('',3,(#9895,#9896,#9897,#9898),
 .UNSPECIFIED.,.F.,.F.,(4,4),(-2.25094140375581E-13,0.000388434399663898),
 .UNSPECIFIED.);
#325=B_SPLINE_CURVE_WITH_KNOTS('',3,(#9900,#9901,#9902,#9903),
 .UNSPECIFIED.,.F.,.F.,(4,4),(-6.40420333951341E-13,0.000281150348356813),
 .UNSPECIFIED.);
#326=B_SPLINE_CURVE_WITH_KNOTS('',3,(#9905,#9906,#9907,#9908),
 .UNSPECIFIED.,.F.,.F.,(4,4),(-6.54492139737922E-13,0.00033381768346516),
 .UNSPECIFIED.);
#327=B_SPLINE_CURVE_WITH_KNOTS('',3,(#9910,#9911,#9912,#9913),
 .UNSPECIFIED.,.F.,.F.,(4,4),(0.,1.),.UNSPECIFIED.);
#328=B_SPLINE_CURVE_WITH_KNOTS('',3,(#9915,#9916,#9917,#9918),
 .UNSPECIFIED.,.F.,.F.,(4,4),(0.,1.),.UNSPECIFIED.);
#329=B_SPLINE_CURVE_WITH_KNOTS('',3,(#9920,#9921,#9922,#9923),
 .UNSPECIFIED.,.F.,.F.,(4,4),(0.,1.),.UNSPECIFIED.);
#330=B_SPLINE_CURVE_WITH_KNOTS('',3,(#9925,#9926,#9927,#9928),
 .UNSPECIFIED.,.F.,.F.,(4,4),(0.,1.),.UNSPECIFIED.);
#331=B_SPLINE_CURVE_WITH_KNOTS('',3,(#9930,#9931,#9932,#9933),
 .UNSPECIFIED.,.F.,.F.,(4,4),(0.,1.),.UNSPECIFIED.);
#332=B_SPLINE_CURVE_WITH_KNOTS('',3,(#9935,#9936,#9937,#9938),
 .UNSPECIFIED.,.F.,.F.,(4,4),(0.,1.),.UNSPECIFIED.);
#333=B_SPLINE_CURVE_WITH_KNOTS('',3,(#9940,#9941,#9942,#9943),
 .UNSPECIFIED.,.F.,.F.,(4,4),(0.,1.),.UNSPECIFIED.);
#334=B_SPLINE_CURVE_WITH_KNOTS('',3,(#9945,#9946,#9947,#9948),
 .UNSPECIFIED.,.F.,.F.,(4,4),(0.,1.),.UNSPECIFIED.);
#335=B_SPLINE_CURVE_WITH_KNOTS('',3,(#9950,#9951,#9952,#9953),
 .UNSPECIFIED.,.F.,.F.,(4,4),(1.22495107564972E-12,0.000471844777171959),
 .UNSPECIFIED.);
#336=B_SPLINE_CURVE_WITH_KNOTS('',3,(#9955,#9956,#9957,#9958),
 .UNSPECIFIED.,.F.,.F.,(4,4),(-2.23766827549959E-12,0.000390211267728515),
 .UNSPECIFIED.);
#337=B_SPLINE_CURVE_WITH_KNOTS('',3,(#9960,#9961,#9962,#9963),
 .UNSPECIFIED.,.F.,.F.,(4,4),(-2.59261741849398E-13,0.000407257475177556),
 .UNSPECIFIED.);
#338=B_SPLINE_CURVE_WITH_KNOTS('',3,(#9965,#9966,#9967,#9968),
 .UNSPECIFIED.,.F.,.F.,(4,4),(-8.67361737988404E-19,0.000423147716088393),
 .UNSPECIFIED.);
#339=B_SPLINE_CURVE_WITH_KNOTS('',3,(#9970,#9971,#9972,#9973),
 .UNSPECIFIED.,.F.,.F.,(4,4),(0.,0.000287814332389876),.UNSPECIFIED.);
#340=B_SPLINE_CURVE_WITH_KNOTS('',3,(#9975,#9976,#9977,#9978),
 .UNSPECIFIED.,.F.,.F.,(4,4),(-2.05498777174594E-12,0.00034323549149977),
 .UNSPECIFIED.);
#341=B_SPLINE_CURVE_WITH_KNOTS('',3,(#9980,#9981,#9982,#9983),
 .UNSPECIFIED.,.F.,.F.,(4,4),(0.,1.),.UNSPECIFIED.);
#342=B_SPLINE_CURVE_WITH_KNOTS('',3,(#9996,#9997,#9998,#9999),
 .UNSPECIFIED.,.F.,.F.,(4,4),(-1.08083030372907E-13,0.000453064022466936),
 .UNSPECIFIED.);
#343=B_SPLINE_CURVE_WITH_KNOTS('',3,(#10014,#10015,#10016,#10017),
 .UNSPECIFIED.,.F.,.F.,(4,4),(0.,1.),.UNSPECIFIED.);
#344=B_SPLINE_CURVE_WITH_KNOTS('',3,(#10019,#10020,#10021,#10022),
 .UNSPECIFIED.,.F.,.F.,(4,4),(0.,0.000467869197123239),.UNSPECIFIED.);
#345=B_SPLINE_CURVE_WITH_KNOTS('',3,(#10024,#10025,#10026,#10027),
 .UNSPECIFIED.,.F.,.F.,(4,4),(3.16735563011844E-12,0.000313391937320212),
 .UNSPECIFIED.);
#346=B_SPLINE_CURVE_WITH_KNOTS('',3,(#10028,#10029,#10030,#10031),
 .UNSPECIFIED.,.F.,.F.,(4,4),(-1.42501678859763E-13,0.000454907757692701),
 .UNSPECIFIED.);
#347=B_SPLINE_CURVE_WITH_KNOTS('',3,(#10046,#10047,#10048,#10049),
 .UNSPECIFIED.,.F.,.F.,(4,4),(0.,1.),.UNSPECIFIED.);
#348=B_SPLINE_CURVE_WITH_KNOTS('',3,(#10051,#10052,#10053,#10054),
 .UNSPECIFIED.,.F.,.F.,(4,4),(0.,0.000494428927041136),.UNSPECIFIED.);
#349=B_SPLINE_CURVE_WITH_KNOTS('',3,(#10056,#10057,#10058,#10059),
 .UNSPECIFIED.,.F.,.F.,(4,4),(3.74645346187454E-12,0.000321856558312546),
 .UNSPECIFIED.);
#350=B_SPLINE_CURVE_WITH_KNOTS('',3,(#10060,#10061,#10062,#10063),
 .UNSPECIFIED.,.F.,.F.,(4,4),(-2.42714648292924E-13,0.000457937341915291),
 .UNSPECIFIED.);
#351=B_SPLINE_CURVE_WITH_KNOTS('',3,(#10076,#10077,#10078,#10079),
 .UNSPECIFIED.,.F.,.F.,(4,4),(-7.91722915526039E-12,0.000457952489943094),
 .UNSPECIFIED.);
#352=B_SPLINE_CURVE_WITH_KNOTS('',3,(#10081,#10082,#10083,#10084),
 .UNSPECIFIED.,.F.,.F.,(4,4),(1.48808229500317E-12,0.000339011134438547),
 .UNSPECIFIED.);
#353=B_SPLINE_CURVE_WITH_KNOTS('',3,(#10086,#10087,#10088,#10089),
 .UNSPECIFIED.,.F.,.F.,(4,4),(-4.38251648512966E-13,0.000547692581743797),
 .UNSPECIFIED.);
#354=B_SPLINE_CURVE_WITH_KNOTS('',3,(#10091,#10092,#10093,#10094),
 .UNSPECIFIED.,.F.,.F.,(4,4),(0.,1.),.UNSPECIFIED.);
#355=B_SPLINE_CURVE_WITH_KNOTS('',3,(#10096,#10097,#10098,#10099),
 .UNSPECIFIED.,.F.,.F.,(4,4),(0.,1.),.UNSPECIFIED.);
#356=B_SPLINE_CURVE_WITH_KNOTS('',3,(#10101,#10102,#10103,#10104),
 .UNSPECIFIED.,.F.,.F.,(4,4),(2.60208521396521E-18,0.000558689985180869),
 .UNSPECIFIED.);
#357=B_SPLINE_CURVE_WITH_KNOTS('',3,(#10106,#10107,#10108,#10109),
 .UNSPECIFIED.,.F.,.F.,(4,4),(5.77986834196411E-12,0.000338522344222186),
 .UNSPECIFIED.);
#358=B_SPLINE_CURVE_WITH_KNOTS('',3,(#10111,#10112,#10113,#10114),
 .UNSPECIFIED.,.F.,.F.,(4,4),(-6.93889390390723E-18,0.000435973869199878),
 .UNSPECIFIED.);
#359=B_SPLINE_CURVE_WITH_KNOTS('',3,(#10116,#10117,#10118,#10119),
 .UNSPECIFIED.,.F.,.F.,(4,4),(-1.03489677222811E-11,0.000436008757005841),
 .UNSPECIFIED.);
#360=B_SPLINE_CURVE_WITH_KNOTS('',3,(#10121,#10122,#10123,#10124),
 .UNSPECIFIED.,.F.,.F.,(4,4),(1.08387267003665E-12,0.000333112579116542),
 .UNSPECIFIED.);
#361=B_SPLINE_CURVE_WITH_KNOTS('',3,(#10126,#10127,#10128,#10129),
 .UNSPECIFIED.,.F.,.F.,(4,4),(-4.26868284643389E-13,0.000550729080813826),
 .UNSPECIFIED.);
#362=B_SPLINE_CURVE_WITH_KNOTS('',3,(#10131,#10132,#10133,#10134),
 .UNSPECIFIED.,.F.,.F.,(4,4),(0.,1.),.UNSPECIFIED.);
#363=B_SPLINE_CURVE_WITH_KNOTS('',3,(#10138,#10139,#10140,#10141),
 .UNSPECIFIED.,.F.,.F.,(4,4),(0.,1.),.UNSPECIFIED.);
#364=B_SPLINE_CURVE_WITH_KNOTS('',3,(#10143,#10144,#10145,#10146),
 .UNSPECIFIED.,.F.,.F.,(4,4),(0.,1.),.UNSPECIFIED.);
#365=B_SPLINE_CURVE_WITH_KNOTS('',3,(#10150,#10151,#10152,#10153),
 .UNSPECIFIED.,.F.,.F.,(4,4),(0.,1.),.UNSPECIFIED.);
#366=B_SPLINE_CURVE_WITH_KNOTS('',3,(#10155,#10156,#10157,#10158),
 .UNSPECIFIED.,.F.,.F.,(4,4),(6.5595627910181E-14,0.000611012365965052),
 .UNSPECIFIED.);
#367=B_SPLINE_CURVE_WITH_KNOTS('',3,(#10160,#10161,#10162,#10163),
 .UNSPECIFIED.,.F.,.F.,(4,4),(3.80948593087199E-17,0.00034341179622489),
 .UNSPECIFIED.);
#368=B_SPLINE_CURVE_WITH_KNOTS('',3,(#10165,#10166,#10167,#10168),
 .UNSPECIFIED.,.F.,.F.,(4,4),(-2.70660013498847E-12,0.000356211716386321),
 .UNSPECIFIED.);
#369=B_SPLINE_CURVE_WITH_KNOTS('',3,(#10170,#10171,#10172,#10173),
 .UNSPECIFIED.,.F.,.F.,(4,4),(-2.09714055474618E-11,0.000356200615984028),
 .UNSPECIFIED.);
#370=B_SPLINE_CURVE_WITH_KNOTS('',3,(#10175,#10176,#10177,#10178),
 .UNSPECIFIED.,.F.,.F.,(4,4),(2.69482050903374E-13,0.000343392097872223),
 .UNSPECIFIED.);
#371=B_SPLINE_CURVE_WITH_KNOTS('',3,(#10180,#10181,#10182,#10183),
 .UNSPECIFIED.,.F.,.F.,(4,4),(-2.83403292153372E-13,0.00061101448538176),
 .UNSPECIFIED.);
#372=B_SPLINE_CURVE_WITH_KNOTS('',3,(#10185,#10186,#10187,#10188),
 .UNSPECIFIED.,.F.,.F.,(4,4),(0.,1.),.UNSPECIFIED.);
#373=B_SPLINE_CURVE_WITH_KNOTS('',3,(#10190,#10191,#10192,#10193),
 .UNSPECIFIED.,.F.,.F.,(4,4),(0.,1.),.UNSPECIFIED.);
#374=B_SPLINE_CURVE_WITH_KNOTS('',3,(#10195,#10196,#10197,#10198),
 .UNSPECIFIED.,.F.,.F.,(4,4),(1.57353858699202E-16,0.000547685420954176),
 .UNSPECIFIED.);
#375=B_SPLINE_CURVE_WITH_KNOTS('',3,(#10200,#10201,#10202,#10203),
 .UNSPECIFIED.,.F.,.F.,(4,4),(5.02200355515794E-12,0.000338930568470924),
 .UNSPECIFIED.);
#376=B_SPLINE_CURVE_WITH_KNOTS('',3,(#10216,#10217,#10218,#10219),
 .UNSPECIFIED.,.F.,.F.,(4,4),(0.,1.),.UNSPECIFIED.);
#377=B_SPLINE_CURVE_WITH_KNOTS('',3,(#10230,#10231,#10232,#10233),
 .UNSPECIFIED.,.F.,.F.,(4,4),(0.,1.),.UNSPECIFIED.);
#378=B_SPLINE_CURVE_WITH_KNOTS('',3,(#10235,#10236,#10237,#10238),
 .UNSPECIFIED.,.F.,.F.,(4,4),(0.,1.),.UNSPECIFIED.);
#379=B_SPLINE_CURVE_WITH_KNOTS('',3,(#10240,#10241,#10242,#10243),
 .UNSPECIFIED.,.F.,.F.,(4,4),(0.,1.),.UNSPECIFIED.);
#380=B_SPLINE_CURVE_WITH_KNOTS('',3,(#10245,#10246,#10247,#10248),
 .UNSPECIFIED.,.F.,.F.,(4,4),(4.49565264304037E-13,0.000366474352796017),
 .UNSPECIFIED.);
#381=B_SPLINE_CURVE_WITH_KNOTS('',3,(#10250,#10251,#10252,#10253),
 .UNSPECIFIED.,.F.,.F.,(4,4),(0.,1.),.UNSPECIFIED.);
#382=B_SPLINE_CURVE_WITH_KNOTS('',3,(#10255,#10256,#10257,#10258),
 .UNSPECIFIED.,.F.,.F.,(4,4),(0.,1.),.UNSPECIFIED.);
#383=B_SPLINE_CURVE_WITH_KNOTS('',3,(#10260,#10261,#10262,#10263),
 .UNSPECIFIED.,.F.,.F.,(4,4),(0.,1.),.UNSPECIFIED.);
#384=B_SPLINE_CURVE_WITH_KNOTS('',3,(#10265,#10266,#10267,#10268),
 .UNSPECIFIED.,.F.,.F.,(4,4),(0.,1.),.UNSPECIFIED.);
#385=B_SPLINE_CURVE_WITH_KNOTS('',3,(#10270,#10271,#10272,#10273,#10274),
 .UNSPECIFIED.,.F.,.F.,(4,1,4),(0.,0.5,1.),.UNSPECIFIED.);
#386=B_SPLINE_CURVE_WITH_KNOTS('',3,(#10276,#10277,#10278,#10279),
 .UNSPECIFIED.,.F.,.F.,(4,4),(0.,1.),.UNSPECIFIED.);
#387=B_SPLINE_CURVE_WITH_KNOTS('',3,(#10281,#10282,#10283,#10284),
 .UNSPECIFIED.,.F.,.F.,(4,4),(0.,1.),.UNSPECIFIED.);
#388=B_SPLINE_CURVE_WITH_KNOTS('',3,(#10286,#10287,#10288,#10289),
 .UNSPECIFIED.,.F.,.F.,(4,4),(0.,1.),.UNSPECIFIED.);
#389=B_SPLINE_CURVE_WITH_KNOTS('',3,(#10291,#10292,#10293,#10294),
 .UNSPECIFIED.,.F.,.F.,(4,4),(1.30161271456493E-12,0.00114570347302478),
 .UNSPECIFIED.);
#390=B_SPLINE_CURVE_WITH_KNOTS('',3,(#10296,#10297,#10298,#10299),
 .UNSPECIFIED.,.F.,.F.,(4,4),(0.,1.),.UNSPECIFIED.);
#391=B_SPLINE_CURVE_WITH_KNOTS('',3,(#10301,#10302,#10303,#10304),
 .UNSPECIFIED.,.F.,.F.,(4,4),(1.42175369437412E-12,0.00100890790336512),
 .UNSPECIFIED.);
#392=B_SPLINE_CURVE_WITH_KNOTS('',3,(#10306,#10307,#10308,#10309),
 .UNSPECIFIED.,.F.,.F.,(4,4),(0.,1.),.UNSPECIFIED.);
#393=B_SPLINE_CURVE_WITH_KNOTS('',3,(#10311,#10312,#10313,#10314),
 .UNSPECIFIED.,.F.,.F.,(4,4),(0.,1.),.UNSPECIFIED.);
#394=B_SPLINE_CURVE_WITH_KNOTS('',3,(#10316,#10317,#10318,#10319),
 .UNSPECIFIED.,.F.,.F.,(4,4),(0.,1.),.UNSPECIFIED.);
#395=B_SPLINE_CURVE_WITH_KNOTS('',3,(#10321,#10322,#10323,#10324),
 .UNSPECIFIED.,.F.,.F.,(4,4),(0.,1.),.UNSPECIFIED.);
#396=B_SPLINE_CURVE_WITH_KNOTS('',3,(#10333,#10334,#10335,#10336),
 .UNSPECIFIED.,.F.,.F.,(4,4),(-2.4270770939902E-13,0.000457937448015802),
 .UNSPECIFIED.);
#397=B_SPLINE_CURVE_WITH_KNOTS('',3,(#10349,#10350,#10351,#10352),
 .UNSPECIFIED.,.F.,.F.,(4,4),(-7.9172235716192E-12,0.000457952596045963),
 .UNSPECIFIED.);
#398=B_SPLINE_CURVE_WITH_KNOTS('',3,(#10354,#10355,#10356,#10357),
 .UNSPECIFIED.,.F.,.F.,(4,4),(1.48807934502346E-12,0.000339011212965516),
 .UNSPECIFIED.);
#399=B_SPLINE_CURVE_WITH_KNOTS('',3,(#10359,#10360,#10361,#10362),
 .UNSPECIFIED.,.F.,.F.,(4,4),(-4.38252190614052E-13,0.000547692708638086),
 .UNSPECIFIED.);
#400=B_SPLINE_CURVE_WITH_KNOTS('',3,(#10364,#10365,#10366,#10367),
 .UNSPECIFIED.,.F.,.F.,(4,4),(0.,1.),.UNSPECIFIED.);
#401=B_SPLINE_CURVE_WITH_KNOTS('',3,(#10369,#10370,#10371,#10372),
 .UNSPECIFIED.,.F.,.F.,(4,4),(0.,1.),.UNSPECIFIED.);
#402=B_SPLINE_CURVE_WITH_KNOTS('',3,(#10374,#10375,#10376,#10377),
 .UNSPECIFIED.,.F.,.F.,(4,4),(2.38524477946811E-18,0.000558690114622455),
 .UNSPECIFIED.);
#403=B_SPLINE_CURVE_WITH_KNOTS('',3,(#10379,#10380,#10381,#10382),
 .UNSPECIFIED.,.F.,.F.,(4,4),(5.77986179244402E-12,0.000338522422635428),
 .UNSPECIFIED.);
#404=B_SPLINE_CURVE_WITH_KNOTS('',3,(#10384,#10385,#10386,#10387),
 .UNSPECIFIED.,.F.,.F.,(4,4),(-7.04731412115578E-18,0.000435974010694083),
 .UNSPECIFIED.);
#405=B_SPLINE_CURVE_WITH_KNOTS('',3,(#10389,#10390,#10391,#10392),
 .UNSPECIFIED.,.F.,.F.,(4,4),(-1.03489673970204E-11,0.000436008856931114),
 .UNSPECIFIED.);
#406=B_SPLINE_CURVE_WITH_KNOTS('',3,(#10394,#10395,#10396,#10397),
 .UNSPECIFIED.,.F.,.F.,(4,4),(1.08387345770143E-12,0.000333112656276729),
 .UNSPECIFIED.);
#407=B_SPLINE_CURVE_WITH_KNOTS('',3,(#10399,#10400,#10401,#10402),
 .UNSPECIFIED.,.F.,.F.,(4,4),(-4.26869477265779E-13,0.000550729208411563),
 .UNSPECIFIED.);
#408=B_SPLINE_CURVE_WITH_KNOTS('',3,(#10404,#10405,#10406,#10407),
 .UNSPECIFIED.,.F.,.F.,(4,4),(0.,1.),.UNSPECIFIED.);
#409=B_SPLINE_CURVE_WITH_KNOTS('',3,(#10411,#10412,#10413,#10414),
 .UNSPECIFIED.,.F.,.F.,(4,4),(0.,1.),.UNSPECIFIED.);
#410=B_SPLINE_CURVE_WITH_KNOTS('',3,(#10416,#10417,#10418,#10419),
 .UNSPECIFIED.,.F.,.F.,(4,4),(0.,1.),.UNSPECIFIED.);
#411=B_SPLINE_CURVE_WITH_KNOTS('',3,(#10423,#10424,#10425,#10426),
 .UNSPECIFIED.,.F.,.F.,(4,4),(0.,1.),.UNSPECIFIED.);
#412=B_SPLINE_CURVE_WITH_KNOTS('',3,(#10428,#10429,#10430,#10431),
 .UNSPECIFIED.,.F.,.F.,(4,4),(6.55951163233186E-14,0.000611012507529432),
 .UNSPECIFIED.);
#413=B_SPLINE_CURVE_WITH_KNOTS('',3,(#10433,#10434,#10435,#10436),
 .UNSPECIFIED.,.F.,.F.,(4,4),(3.76035326065404E-17,0.000343411875790833),
 .UNSPECIFIED.);
#414=B_SPLINE_CURVE_WITH_KNOTS('',3,(#10438,#10439,#10440,#10441),
 .UNSPECIFIED.,.F.,.F.,(4,4),(-2.70660016209352E-12,0.000356211798917736),
 .UNSPECIFIED.);
#415=B_SPLINE_CURVE_WITH_KNOTS('',3,(#10443,#10444,#10445,#10446),
 .UNSPECIFIED.,.F.,.F.,(4,4),(-2.09714134621376E-11,0.000356200698513005),
 .UNSPECIFIED.);
#416=B_SPLINE_CURVE_WITH_KNOTS('',3,(#10448,#10449,#10450,#10451),
 .UNSPECIFIED.,.F.,.F.,(4,4),(2.69481971994564E-13,0.000343392177433504),
 .UNSPECIFIED.);
#417=B_SPLINE_CURVE_WITH_KNOTS('',3,(#10453,#10454,#10455,#10456),
 .UNSPECIFIED.,.F.,.F.,(4,4),(-2.83400906908593E-13,0.000611014626946511),
 .UNSPECIFIED.);
#418=B_SPLINE_CURVE_WITH_KNOTS('',3,(#10458,#10459,#10460,#10461),
 .UNSPECIFIED.,.F.,.F.,(4,4),(0.,1.),.UNSPECIFIED.);
#419=B_SPLINE_CURVE_WITH_KNOTS('',3,(#10463,#10464,#10465,#10466),
 .UNSPECIFIED.,.F.,.F.,(4,4),(0.,1.),.UNSPECIFIED.);
#420=B_SPLINE_CURVE_WITH_KNOTS('',3,(#10468,#10469,#10470,#10471),
 .UNSPECIFIED.,.F.,.F.,(4,4),(1.54857473417201E-16,0.00054768554784644),
 .UNSPECIFIED.);
#421=B_SPLINE_CURVE_WITH_KNOTS('',3,(#10473,#10474,#10475,#10476),
 .UNSPECIFIED.,.F.,.F.,(4,4),(5.02199416136079E-12,0.00033893064697947),
 .UNSPECIFIED.);
#422=B_SPLINE_CURVE_WITH_KNOTS('',3,(#10477,#10478,#10479,#10480),
 .UNSPECIFIED.,.F.,.F.,(4,4),(-1.42502166750741E-13,0.000454907863091354),
 .UNSPECIFIED.);
#423=B_SPLINE_CURVE_WITH_KNOTS('',3,(#10495,#10496,#10497,#10498),
 .UNSPECIFIED.,.F.,.F.,(4,4),(0.,1.),.UNSPECIFIED.);
#424=B_SPLINE_CURVE_WITH_KNOTS('',3,(#10500,#10501,#10502,#10503),
 .UNSPECIFIED.,.F.,.F.,(4,4),(0.,0.000494429041594837),.UNSPECIFIED.);
#425=B_SPLINE_CURVE_WITH_KNOTS('',3,(#10505,#10506,#10507,#10508),
 .UNSPECIFIED.,.F.,.F.,(4,4),(3.74645995565946E-12,0.000321856632864902),
 .UNSPECIFIED.);
#426=B_SPLINE_CURVE_WITH_KNOTS('',3,(#10509,#10510,#10511,#10512),
 .UNSPECIFIED.,.F.,.F.,(4,4),(-1.08090348737572E-13,0.000453064127438387),
 .UNSPECIFIED.);
#427=B_SPLINE_CURVE_WITH_KNOTS('',3,(#10527,#10528,#10529,#10530),
 .UNSPECIFIED.,.F.,.F.,(4,4),(0.,1.),.UNSPECIFIED.);
#428=B_SPLINE_CURVE_WITH_KNOTS('',3,(#10532,#10533,#10534,#10535),
 .UNSPECIFIED.,.F.,.F.,(4,4),(0.,0.000467869305523492),.UNSPECIFIED.);
#429=B_SPLINE_CURVE_WITH_KNOTS('',3,(#10537,#10538,#10539,#10540),
 .UNSPECIFIED.,.F.,.F.,(4,4),(3.16734872075982E-12,0.0003133920099112),
 .UNSPECIFIED.);
#430=B_SPLINE_CURVE_WITH_KNOTS('',3,(#10562,#10563,#10564,#10565),
 .UNSPECIFIED.,.F.,.F.,(4,4),(0.,1.),.UNSPECIFIED.);
#431=B_SPLINE_CURVE_WITH_KNOTS('',3,(#10567,#10568,#10569,#10570),
 .UNSPECIFIED.,.F.,.F.,(4,4),(0.,1.),.UNSPECIFIED.);
#432=B_SPLINE_CURVE_WITH_KNOTS('',3,(#10572,#10573,#10574,#10575),
 .UNSPECIFIED.,.F.,.F.,(4,4),(0.,1.),.UNSPECIFIED.);
#433=B_SPLINE_CURVE_WITH_KNOTS('',3,(#10577,#10578,#10579,#10580),
 .UNSPECIFIED.,.F.,.F.,(4,4),(2.97925139229723E-13,0.00055808158767704),
 .UNSPECIFIED.);
#434=B_SPLINE_CURVE_WITH_KNOTS('',3,(#10582,#10583,#10584,#10585),
 .UNSPECIFIED.,.F.,.F.,(4,4),(0.,1.),.UNSPECIFIED.);
#435=B_SPLINE_CURVE_WITH_KNOTS('',3,(#10587,#10588,#10589,#10590),
 .UNSPECIFIED.,.F.,.F.,(4,4),(6.80580931914554E-13,0.00115630473221683),
 .UNSPECIFIED.);
#436=B_SPLINE_CURVE_WITH_KNOTS('',3,(#10592,#10593,#10594,#10595),
 .UNSPECIFIED.,.F.,.F.,(4,4),(0.,1.),.UNSPECIFIED.);
#437=B_SPLINE_CURVE_WITH_KNOTS('',3,(#10597,#10598,#10599,#10600),
 .UNSPECIFIED.,.F.,.F.,(4,4),(5.9787279485265E-13,0.00122213324250513),
 .UNSPECIFIED.);
#438=B_SPLINE_CURVE_WITH_KNOTS('',3,(#10602,#10603,#10604,#10605),
 .UNSPECIFIED.,.F.,.F.,(4,4),(-2.2510129610992E-13,0.000388434489660927),
 .UNSPECIFIED.);
#439=B_SPLINE_CURVE_WITH_KNOTS('',3,(#10607,#10608,#10609,#10610),
 .UNSPECIFIED.,.F.,.F.,(4,4),(-6.40420469476613E-13,0.000281150413497212),
 .UNSPECIFIED.);
#440=B_SPLINE_CURVE_WITH_KNOTS('',3,(#10612,#10613,#10614,#10615),
 .UNSPECIFIED.,.F.,.F.,(4,4),(-6.54492085527814E-13,0.00033381776080825),
 .UNSPECIFIED.);
#441=B_SPLINE_CURVE_WITH_KNOTS('',3,(#10617,#10618,#10619,#10620),
 .UNSPECIFIED.,.F.,.F.,(4,4),(0.,1.),.UNSPECIFIED.);
#442=B_SPLINE_CURVE_WITH_KNOTS('',3,(#10622,#10623,#10624,#10625),
 .UNSPECIFIED.,.F.,.F.,(4,4),(0.,1.),.UNSPECIFIED.);
#443=B_SPLINE_CURVE_WITH_KNOTS('',3,(#10627,#10628,#10629,#10630),
 .UNSPECIFIED.,.F.,.F.,(4,4),(0.,1.),.UNSPECIFIED.);
#444=B_SPLINE_CURVE_WITH_KNOTS('',3,(#10632,#10633,#10634,#10635),
 .UNSPECIFIED.,.F.,.F.,(4,4),(0.,1.),.UNSPECIFIED.);
#445=B_SPLINE_CURVE_WITH_KNOTS('',3,(#10637,#10638,#10639,#10640),
 .UNSPECIFIED.,.F.,.F.,(4,4),(0.,1.),.UNSPECIFIED.);
#446=B_SPLINE_CURVE_WITH_KNOTS('',3,(#10642,#10643,#10644,#10645),
 .UNSPECIFIED.,.F.,.F.,(4,4),(0.,1.),.UNSPECIFIED.);
#447=B_SPLINE_CURVE_WITH_KNOTS('',3,(#10647,#10648,#10649,#10650),
 .UNSPECIFIED.,.F.,.F.,(4,4),(0.,1.),.UNSPECIFIED.);
#448=B_SPLINE_CURVE_WITH_KNOTS('',3,(#10652,#10653,#10654,#10655),
 .UNSPECIFIED.,.F.,.F.,(4,4),(0.,1.),.UNSPECIFIED.);
#449=B_SPLINE_CURVE_WITH_KNOTS('',3,(#10657,#10658,#10659,#10660),
 .UNSPECIFIED.,.F.,.F.,(4,4),(1.22495864823421E-12,0.00047184488649436),
 .UNSPECIFIED.);
#450=B_SPLINE_CURVE_WITH_KNOTS('',3,(#10662,#10663,#10664,#10665),
 .UNSPECIFIED.,.F.,.F.,(4,4),(-2.23871832530365E-12,0.000390211358136985),
 .UNSPECIFIED.);
#451=B_SPLINE_CURVE_WITH_KNOTS('',3,(#10667,#10668,#10669,#10670),
 .UNSPECIFIED.,.F.,.F.,(4,4),(-2.59260549227008E-13,0.000407257569535167),
 .UNSPECIFIED.);
#452=B_SPLINE_CURVE_WITH_KNOTS('',3,(#10672,#10673,#10674,#10675),
 .UNSPECIFIED.,.F.,.F.,(4,4),(0.,0.00042314781412753),.UNSPECIFIED.);
#453=B_SPLINE_CURVE_WITH_KNOTS('',3,(#10677,#10678,#10679,#10680),
 .UNSPECIFIED.,.F.,.F.,(4,4),(0.,0.000287814399074312),.UNSPECIFIED.);
#454=B_SPLINE_CURVE_WITH_KNOTS('',3,(#10682,#10683,#10684,#10685),
 .UNSPECIFIED.,.F.,.F.,(4,4),(-2.05498774464088E-12,0.000343235571024823),
 .UNSPECIFIED.);
#455=B_SPLINE_CURVE_WITH_KNOTS('',3,(#10687,#10688,#10689,#10690),
 .UNSPECIFIED.,.F.,.F.,(4,4),(0.,1.),.UNSPECIFIED.);
#456=B_SPLINE_CURVE_WITH_KNOTS('',3,(#10700,#10701,#10702,#10703),
 .UNSPECIFIED.,.F.,.F.,(4,4),(0.,1.),.UNSPECIFIED.);
#457=B_SPLINE_CURVE_WITH_KNOTS('',3,(#10705,#10706,#10707,#10708),
 .UNSPECIFIED.,.F.,.F.,(4,4),(0.,1.),.UNSPECIFIED.);
#458=B_SPLINE_CURVE_WITH_KNOTS('',3,(#10710,#10711,#10712,#10713),
 .UNSPECIFIED.,.F.,.F.,(4,4),(0.,0.000469117441452596),.UNSPECIFIED.);
#459=B_SPLINE_CURVE_WITH_KNOTS('',3,(#10715,#10716,#10717,#10718),
 .UNSPECIFIED.,.F.,.F.,(4,4),(0.,0.000259993661299834),.UNSPECIFIED.);
#460=B_SPLINE_CURVE_WITH_KNOTS('',3,(#10720,#10721,#10722,#10723),
 .UNSPECIFIED.,.F.,.F.,(4,4),(0.,0.000236709800448805),.UNSPECIFIED.);
#461=B_SPLINE_CURVE_WITH_KNOTS('',3,(#10725,#10726,#10727,#10728),
 .UNSPECIFIED.,.F.,.F.,(4,4),(-1.15066376565887E-15,0.000338728119347922),
 .UNSPECIFIED.);
#462=B_SPLINE_CURVE_WITH_KNOTS('',3,(#10732,#10733,#10734,#10735),
 .UNSPECIFIED.,.F.,.F.,(4,4),(0.,1.),.UNSPECIFIED.);
#463=B_SPLINE_CURVE_WITH_KNOTS('',3,(#10737,#10738,#10739,#10740),
 .UNSPECIFIED.,.F.,.F.,(4,4),(0.,1.),.UNSPECIFIED.);
#464=B_SPLINE_CURVE_WITH_KNOTS('',3,(#10776,#10777,#10778,#10779),
 .UNSPECIFIED.,.F.,.F.,(4,4),(3.37640626134953E-7,0.999999691733871),
 .UNSPECIFIED.);
#465=B_SPLINE_CURVE_WITH_KNOTS('',3,(#10783,#10784,#10785,#10786),
 .UNSPECIFIED.,.F.,.F.,(4,4),(0.,1.),.UNSPECIFIED.);
#466=B_SPLINE_CURVE_WITH_KNOTS('',3,(#10788,#10789,#10790,#10791),
 .UNSPECIFIED.,.F.,.F.,(4,4),(-7.6215075917041E-15,0.000458406641242192),
 .UNSPECIFIED.);
#467=B_SPLINE_CURVE_WITH_KNOTS('',3,(#10793,#10794,#10795,#10796),
 .UNSPECIFIED.,.F.,.F.,(4,4),(0.,1.),.UNSPECIFIED.);
#468=B_SPLINE_CURVE_WITH_KNOTS('',3,(#10798,#10799,#10800,#10801),
 .UNSPECIFIED.,.F.,.F.,(4,4),(1.25337942809745E-15,0.000342404831015106),
 .UNSPECIFIED.);
#469=B_SPLINE_CURVE_WITH_KNOTS('',3,(#10803,#10804,#10805,#10806),
 .UNSPECIFIED.,.F.,.F.,(4,4),(0.,1.),.UNSPECIFIED.);
#470=B_SPLINE_CURVE_WITH_KNOTS('',3,(#10808,#10809,#10810,#10811),
 .UNSPECIFIED.,.F.,.F.,(4,4),(7.23004787498441E-13,0.000558146917149163),
 .UNSPECIFIED.);
#471=B_SPLINE_CURVE_WITH_KNOTS('',3,(#10820,#10821,#10822,#10823),
 .UNSPECIFIED.,.F.,.F.,(4,4),(0.,1.),.UNSPECIFIED.);
#472=B_SPLINE_CURVE_WITH_KNOTS('',3,(#10825,#10826,#10827,#10828),
 .UNSPECIFIED.,.F.,.F.,(4,4),(0.,1.),.UNSPECIFIED.);
#473=B_SPLINE_CURVE_WITH_KNOTS('',3,(#10837,#10838,#10839,#10840),
 .UNSPECIFIED.,.F.,.F.,(4,4),(0.,1.),.UNSPECIFIED.);
#474=B_SPLINE_CURVE_WITH_KNOTS('',3,(#10842,#10843,#10844,#10845),
 .UNSPECIFIED.,.F.,.F.,(4,4),(0.,1.),.UNSPECIFIED.);
#475=B_SPLINE_CURVE_WITH_KNOTS('',3,(#10847,#10848,#10849,#10850),
 .UNSPECIFIED.,.F.,.F.,(4,4),(0.,1.),.UNSPECIFIED.);
#476=B_SPLINE_CURVE_WITH_KNOTS('',3,(#10852,#10853,#10854,#10855),
 .UNSPECIFIED.,.F.,.F.,(4,4),(-9.01401349395758E-14,0.000622869703117515),
 .UNSPECIFIED.);
#477=B_SPLINE_CURVE_WITH_KNOTS('',3,(#10857,#10858,#10859,#10860),
 .UNSPECIFIED.,.F.,.F.,(4,4),(0.,1.),.UNSPECIFIED.);
#478=B_SPLINE_CURVE_WITH_KNOTS('',3,(#10862,#10863,#10864,#10865),
 .UNSPECIFIED.,.F.,.F.,(4,4),(1.97697912703094E-12,0.000347946821363453),
 .UNSPECIFIED.);
#479=B_SPLINE_CURVE_WITH_KNOTS('',3,(#10867,#10868,#10869,#10870),
 .UNSPECIFIED.,.F.,.F.,(4,4),(3.09276504158192E-7,0.999999638774933),
 .UNSPECIFIED.);
#480=B_SPLINE_CURVE_WITH_KNOTS('',3,(#10872,#10873,#10874,#10875),
 .UNSPECIFIED.,.F.,.F.,(4,4),(-1.2478829547382E-12,0.000357186263039244),
 .UNSPECIFIED.);
#481=B_SPLINE_CURVE_WITH_KNOTS('',3,(#10877,#10878,#10879,#10880),
 .UNSPECIFIED.,.F.,.F.,(4,4),(0.,0.999999713997933),.UNSPECIFIED.);
#482=B_SPLINE_CURVE_WITH_KNOTS('',3,(#10882,#10883,#10884,#10885),
 .UNSPECIFIED.,.F.,.F.,(4,4),(-3.68477969490966E-12,0.000357194437546954),
 .UNSPECIFIED.);
#483=B_SPLINE_CURVE_WITH_KNOTS('',3,(#10887,#10888,#10889,#10890),
 .UNSPECIFIED.,.F.,.F.,(4,4),(0.,1.),.UNSPECIFIED.);
#484=B_SPLINE_CURVE_WITH_KNOTS('',3,(#10892,#10893,#10894,#10895),
 .UNSPECIFIED.,.F.,.F.,(4,4),(2.02487636552658E-17,0.000347971877467714),
 .UNSPECIFIED.);
#485=B_SPLINE_CURVE_WITH_KNOTS('',3,(#10897,#10898,#10899,#10900),
 .UNSPECIFIED.,.F.,.F.,(4,4),(0.,1.),.UNSPECIFIED.);
#486=B_SPLINE_CURVE_WITH_KNOTS('',3,(#10902,#10903,#10904,#10905),
 .UNSPECIFIED.,.F.,.F.,(4,4),(5.74357187040106E-13,0.000622868125192873),
 .UNSPECIFIED.);
#487=B_SPLINE_CURVE_WITH_KNOTS('',3,(#10914,#10915,#10916,#10917),
 .UNSPECIFIED.,.F.,.F.,(4,4),(0.,1.),.UNSPECIFIED.);
#488=B_SPLINE_CURVE_WITH_KNOTS('',3,(#10919,#10920,#10921,#10922),
 .UNSPECIFIED.,.F.,.F.,(4,4),(0.,1.),.UNSPECIFIED.);
#489=B_SPLINE_CURVE_WITH_KNOTS('',3,(#10924,#10925,#10926,#10927),
 .UNSPECIFIED.,.F.,.F.,(4,4),(0.,1.),.UNSPECIFIED.);
#490=B_SPLINE_CURVE_WITH_KNOTS('',3,(#10931,#10932,#10933,#10934),
 .UNSPECIFIED.,.F.,.F.,(4,4),(0.,0.999999414822643),.UNSPECIFIED.);
#491=B_SPLINE_CURVE_WITH_KNOTS('',3,(#10937,#10938,#10939,#10940),
 .UNSPECIFIED.,.F.,.F.,(4,4),(0.,1.),.UNSPECIFIED.);
#492=B_SPLINE_CURVE_WITH_KNOTS('',3,(#10943,#10944,#10945,#10946),
 .UNSPECIFIED.,.F.,.F.,(4,4),(0.,1.),.UNSPECIFIED.);
#493=B_SPLINE_CURVE_WITH_KNOTS('',3,(#10957,#10958,#10959,#10960),
 .UNSPECIFIED.,.F.,.F.,(4,4),(0.,1.),.UNSPECIFIED.);
#494=B_SPLINE_CURVE_WITH_KNOTS('',3,(#10962,#10963,#10964,#10965),
 .UNSPECIFIED.,.F.,.F.,(4,4),(0.,1.),.UNSPECIFIED.);
#495=B_SPLINE_CURVE_WITH_KNOTS('',3,(#10967,#10968,#10969,#10970),
 .UNSPECIFIED.,.F.,.F.,(4,4),(0.,1.),.UNSPECIFIED.);
#496=B_SPLINE_CURVE_WITH_KNOTS('',3,(#10972,#10973,#10974,#10975),
 .UNSPECIFIED.,.F.,.F.,(4,4),(-1.91836997676109E-13,0.000561334461201585),
 .UNSPECIFIED.);
#497=B_SPLINE_CURVE_WITH_KNOTS('',3,(#10977,#10978,#10979,#10980),
 .UNSPECIFIED.,.F.,.F.,(4,4),(0.,0.99999957468576),.UNSPECIFIED.);
#498=B_SPLINE_CURVE_WITH_KNOTS('',3,(#10982,#10983,#10984,#10985),
 .UNSPECIFIED.,.F.,.F.,(4,4),(1.82345337982062E-12,0.00033667316583821),
 .UNSPECIFIED.);
#499=B_SPLINE_CURVE_WITH_KNOTS('',3,(#10987,#10988,#10989,#10990),
 .UNSPECIFIED.,.F.,.F.,(4,4),(0.,0.999999699894059),.UNSPECIFIED.);
#500=B_SPLINE_CURVE_WITH_KNOTS('',3,(#10992,#10993,#10994,#10995),
 .UNSPECIFIED.,.F.,.F.,(4,4),(-9.38645428744111E-13,0.000436533203948012),
 .UNSPECIFIED.);
#501=B_SPLINE_CURVE_WITH_KNOTS('',3,(#10997,#10998,#10999,#11000),
 .UNSPECIFIED.,.F.,.F.,(4,4),(0.,1.),.UNSPECIFIED.);
#502=B_SPLINE_CURVE_WITH_KNOTS('',3,(#11002,#11003,#11004,#11005),
 .UNSPECIFIED.,.F.,.F.,(4,4),(-7.44036830844369E-13,0.000436517436554332),
 .UNSPECIFIED.);
#503=B_SPLINE_CURVE_WITH_KNOTS('',3,(#11007,#11008,#11009,#11010),
 .UNSPECIFIED.,.F.,.F.,(4,4),(0.,1.),.UNSPECIFIED.);
#504=B_SPLINE_CURVE_WITH_KNOTS('',3,(#11012,#11013,#11014,#11015),
 .UNSPECIFIED.,.F.,.F.,(4,4),(7.52322692236689E-16,0.000342127261571227),
 .UNSPECIFIED.);
#505=B_SPLINE_CURVE_WITH_KNOTS('',3,(#11017,#11018,#11019,#11020),
 .UNSPECIFIED.,.F.,.F.,(4,4),(0.,1.),.UNSPECIFIED.);
#506=B_SPLINE_CURVE_WITH_KNOTS('',3,(#11022,#11023,#11024,#11025),
 .UNSPECIFIED.,.F.,.F.,(4,4),(5.81305133551125E-13,0.000569396905438587),
 .UNSPECIFIED.);
#507=B_SPLINE_CURVE_WITH_KNOTS('',3,(#11034,#11035,#11036,#11037),
 .UNSPECIFIED.,.F.,.F.,(4,4),(0.,1.),.UNSPECIFIED.);
#508=B_SPLINE_CURVE_WITH_KNOTS('',3,(#11039,#11040,#11041,#11042),
 .UNSPECIFIED.,.F.,.F.,(4,4),(0.,1.),.UNSPECIFIED.);
#509=B_SPLINE_CURVE_WITH_KNOTS('',3,(#11051,#11052,#11053,#11054),
 .UNSPECIFIED.,.F.,.F.,(4,4),(0.,1.),.UNSPECIFIED.);
#510=B_SPLINE_CURVE_WITH_KNOTS('',3,(#11056,#11057,#11058,#11059),
 .UNSPECIFIED.,.F.,.F.,(4,4),(0.,1.),.UNSPECIFIED.);
#511=B_SPLINE_CURVE_WITH_KNOTS('',3,(#11061,#11062,#11063,#11064),
 .UNSPECIFIED.,.F.,.F.,(4,4),(0.,1.),.UNSPECIFIED.);
#512=B_SPLINE_CURVE_WITH_KNOTS('',3,(#11066,#11067,#11068,#11069),
 .UNSPECIFIED.,.F.,.F.,(4,4),(-2.22094152964314E-13,0.000558151095065674),
 .UNSPECIFIED.);
#513=B_SPLINE_CURVE_WITH_KNOTS('',3,(#11071,#11072,#11073,#11074),
 .UNSPECIFIED.,.F.,.F.,(4,4),(0.,0.999999561229483),.UNSPECIFIED.);
#514=B_SPLINE_CURVE_WITH_KNOTS('',3,(#11076,#11077,#11078,#11079),
 .UNSPECIFIED.,.F.,.F.,(4,4),(1.89224246838294E-12,0.000342474932013495),
 .UNSPECIFIED.);
#515=B_SPLINE_CURVE_WITH_KNOTS('',3,(#11081,#11082,#11083,#11084),
 .UNSPECIFIED.,.F.,.F.,(4,4),(4.40939166100835E-7,1.),.UNSPECIFIED.);
#516=B_SPLINE_CURVE_WITH_KNOTS('',3,(#11086,#11087,#11088,#11089),
 .UNSPECIFIED.,.F.,.F.,(4,4),(1.02879750251463E-12,0.000458419249757548),
 .UNSPECIFIED.);
#517=B_SPLINE_CURVE_WITH_KNOTS('',3,(#11108,#11109,#11110,#11111),
 .UNSPECIFIED.,.F.,.F.,(4,4),(3.30530960604098E-7,0.999999689236079),
 .UNSPECIFIED.);
#518=B_SPLINE_CURVE_WITH_KNOTS('',3,(#11115,#11116,#11117,#11118),
 .UNSPECIFIED.,.F.,.F.,(4,4),(0.,1.),.UNSPECIFIED.);
#519=B_SPLINE_CURVE_WITH_KNOTS('',3,(#11120,#11121,#11122,#11123),
 .UNSPECIFIED.,.F.,.F.,(4,4),(-1.47814703185811E-15,0.000455278815361847),
 .UNSPECIFIED.);
#520=B_SPLINE_CURVE_WITH_KNOTS('',3,(#11125,#11126,#11127,#11128),
 .UNSPECIFIED.,.F.,.F.,(4,4),(0.,1.),.UNSPECIFIED.);
#521=B_SPLINE_CURVE_WITH_KNOTS('',3,(#11130,#11131,#11132,#11133),
 .UNSPECIFIED.,.F.,.F.,(4,4),(0.,0.000324953685152925),.UNSPECIFIED.);
#522=B_SPLINE_CURVE_WITH_KNOTS('',3,(#11135,#11136,#11137,#11138),
 .UNSPECIFIED.,.F.,.F.,(4,4),(0.,1.),.UNSPECIFIED.);
#523=B_SPLINE_CURVE_WITH_KNOTS('',3,(#11140,#11141,#11142,#11143),
 .UNSPECIFIED.,.F.,.F.,(4,4),(4.84556884905158E-13,0.000503749323160972),
 .UNSPECIFIED.);
#524=B_SPLINE_CURVE_WITH_KNOTS('',3,(#11152,#11153,#11154,#11155),
 .UNSPECIFIED.,.F.,.F.,(4,4),(0.,1.),.UNSPECIFIED.);
#525=B_SPLINE_CURVE_WITH_KNOTS('',3,(#11157,#11158,#11159,#11160),
 .UNSPECIFIED.,.F.,.F.,(4,4),(0.,1.),.UNSPECIFIED.);
#526=B_SPLINE_CURVE_WITH_KNOTS('',3,(#11183,#11184,#11185,#11186),
 .UNSPECIFIED.,.F.,.F.,(4,4),(3.27640789579338E-7,1.),.UNSPECIFIED.);
#527=B_SPLINE_CURVE_WITH_KNOTS('',3,(#11190,#11191,#11192,#11193),
 .UNSPECIFIED.,.F.,.F.,(4,4),(0.,1.),.UNSPECIFIED.);
#528=B_SPLINE_CURVE_WITH_KNOTS('',3,(#11195,#11196,#11197,#11198),
 .UNSPECIFIED.,.F.,.F.,(4,4),(0.,0.000453390530190218),.UNSPECIFIED.);
#529=B_SPLINE_CURVE_WITH_KNOTS('',3,(#11200,#11201,#11202,#11203),
 .UNSPECIFIED.,.F.,.F.,(4,4),(0.,1.),.UNSPECIFIED.);
#530=B_SPLINE_CURVE_WITH_KNOTS('',3,(#11205,#11206,#11207,#11208),
 .UNSPECIFIED.,.F.,.F.,(4,4),(0.,0.000316299310412158),.UNSPECIFIED.);
#531=B_SPLINE_CURVE_WITH_KNOTS('',3,(#11210,#11211,#11212,#11213),
 .UNSPECIFIED.,.F.,.F.,(4,4),(0.,1.),.UNSPECIFIED.);
#532=B_SPLINE_CURVE_WITH_KNOTS('',3,(#11215,#11216,#11217,#11218),
 .UNSPECIFIED.,.F.,.F.,(4,4),(3.12479911376122E-13,0.000476611950250769),
 .UNSPECIFIED.);
#533=B_SPLINE_CURVE_WITH_KNOTS('',3,(#11227,#11228,#11229,#11230),
 .UNSPECIFIED.,.F.,.F.,(4,4),(0.,1.),.UNSPECIFIED.);
#534=B_SPLINE_CURVE_WITH_KNOTS('',3,(#11232,#11233,#11234,#11235),
 .UNSPECIFIED.,.F.,.F.,(4,4),(0.,1.),.UNSPECIFIED.);
#535=B_SPLINE_CURVE_WITH_KNOTS('',3,(#11254,#11255,#11256,#11257),
 .UNSPECIFIED.,.F.,.F.,(4,4),(7.85227709258361E-7,0.999999227701748),
 .UNSPECIFIED.);
#536=B_SPLINE_CURVE_WITH_KNOTS('',3,(#11265,#11266,#11267,#11268),
 .UNSPECIFIED.,.F.,.F.,(4,4),(3.32192707414772E-7,0.999999667397238),
 .UNSPECIFIED.);
#537=B_SPLINE_CURVE_WITH_KNOTS('',3,(#11290,#11291,#11292,#11293),
 .UNSPECIFIED.,.F.,.F.,(4,4),(0.,1.),.UNSPECIFIED.);
#538=B_SPLINE_CURVE_WITH_KNOTS('',3,(#11295,#11296,#11297,#11298),
 .UNSPECIFIED.,.F.,.F.,(4,4),(0.,1.),.UNSPECIFIED.);
#539=B_SPLINE_CURVE_WITH_KNOTS('',3,(#11300,#11301,#11302,#11303),
 .UNSPECIFIED.,.F.,.F.,(4,4),(0.,1.),.UNSPECIFIED.);
#540=B_SPLINE_CURVE_WITH_KNOTS('',3,(#11312,#11313,#11314,#11315),
 .UNSPECIFIED.,.F.,.F.,(4,4),(0.,1.),.UNSPECIFIED.);
#541=B_SPLINE_CURVE_WITH_KNOTS('',3,(#11317,#11318,#11319,#11320),
 .UNSPECIFIED.,.F.,.F.,(4,4),(0.,1.),.UNSPECIFIED.);
#542=B_SPLINE_CURVE_WITH_KNOTS('',3,(#11322,#11323,#11324,#11325),
 .UNSPECIFIED.,.F.,.F.,(4,4),(3.123534169401E-7,0.999999687646572),
 .UNSPECIFIED.);
#543=B_SPLINE_CURVE_WITH_KNOTS('',3,(#11327,#11328,#11329,#11330),
 .UNSPECIFIED.,.F.,.F.,(4,4),(0.,1.),.UNSPECIFIED.);
#544=B_SPLINE_CURVE_WITH_KNOTS('',3,(#11344,#11345,#11346,#11347),
 .UNSPECIFIED.,.F.,.F.,(4,4),(0.,1.),.UNSPECIFIED.);
#545=B_SPLINE_CURVE_WITH_KNOTS('',3,(#11362,#11363,#11364,#11365),
 .UNSPECIFIED.,.F.,.F.,(4,4),(0.,1.),.UNSPECIFIED.);
#546=B_SPLINE_CURVE_WITH_KNOTS('',3,(#11367,#11368,#11369,#11370),
 .UNSPECIFIED.,.F.,.F.,(4,4),(0.,1.),.UNSPECIFIED.);
#547=B_SPLINE_CURVE_WITH_KNOTS('',3,(#11379,#11380,#11381,#11382),
 .UNSPECIFIED.,.F.,.F.,(4,4),(0.,1.),.UNSPECIFIED.);
#548=B_SPLINE_CURVE_WITH_KNOTS('',3,(#11384,#11385,#11386,#11387),
 .UNSPECIFIED.,.F.,.F.,(4,4),(0.,1.),.UNSPECIFIED.);
#549=B_SPLINE_CURVE_WITH_KNOTS('',3,(#11396,#11397,#11398,#11399),
 .UNSPECIFIED.,.F.,.F.,(4,4),(0.,1.),.UNSPECIFIED.);
#550=B_SPLINE_CURVE_WITH_KNOTS('',3,(#11401,#11402,#11403,#11404),
 .UNSPECIFIED.,.F.,.F.,(4,4),(0.,1.),.UNSPECIFIED.);
#551=B_SPLINE_CURVE_WITH_KNOTS('',3,(#11413,#11414,#11415,#11416),
 .UNSPECIFIED.,.F.,.F.,(4,4),(0.,1.),.UNSPECIFIED.);
#552=B_SPLINE_CURVE_WITH_KNOTS('',3,(#11418,#11419,#11420,#11421),
 .UNSPECIFIED.,.F.,.F.,(4,4),(0.,1.),.UNSPECIFIED.);
#553=B_SPLINE_CURVE_WITH_KNOTS('',3,(#11430,#11431,#11432,#11433),
 .UNSPECIFIED.,.F.,.F.,(4,4),(0.,1.),.UNSPECIFIED.);
#554=B_SPLINE_CURVE_WITH_KNOTS('',3,(#11435,#11436,#11437,#11438),
 .UNSPECIFIED.,.F.,.F.,(4,4),(0.,1.),.UNSPECIFIED.);
#555=B_SPLINE_CURVE_WITH_KNOTS('',3,(#11440,#11441,#11442,#11443),
 .UNSPECIFIED.,.F.,.F.,(4,4),(0.,1.),.UNSPECIFIED.);
#556=B_SPLINE_CURVE_WITH_KNOTS('',3,(#11445,#11446,#11447,#11448),
 .UNSPECIFIED.,.F.,.F.,(4,4),(3.55512521017773E-17,0.00101547306096144),
 .UNSPECIFIED.);
#557=B_SPLINE_CURVE_WITH_KNOTS('',3,(#11457,#11458,#11459,#11460),
 .UNSPECIFIED.,.F.,.F.,(4,4),(0.,1.),.UNSPECIFIED.);
#558=B_SPLINE_CURVE_WITH_KNOTS('',3,(#11462,#11463,#11464,#11465),
 .UNSPECIFIED.,.F.,.F.,(4,4),(0.,1.),.UNSPECIFIED.);
#559=B_SPLINE_CURVE_WITH_KNOTS('',3,(#11467,#11468,#11469,#11470),
 .UNSPECIFIED.,.F.,.F.,(4,4),(0.,1.),.UNSPECIFIED.);
#560=B_SPLINE_CURVE_WITH_KNOTS('',3,(#11472,#11473,#11474,#11475),
 .UNSPECIFIED.,.F.,.F.,(4,4),(1.16892706385359E-14,0.00114692304800972),
 .UNSPECIFIED.);
#561=B_SPLINE_CURVE_WITH_KNOTS('',3,(#11488,#11489,#11490,#11491),
 .UNSPECIFIED.,.F.,.F.,(4,4),(0.,1.),.UNSPECIFIED.);
#562=B_SPLINE_CURVE_WITH_KNOTS('',3,(#11493,#11494,#11495,#11496),
 .UNSPECIFIED.,.F.,.F.,(4,4),(0.,1.),.UNSPECIFIED.);
#563=B_SPLINE_CURVE_WITH_KNOTS('',3,(#11505,#11506,#11507,#11508),
 .UNSPECIFIED.,.F.,.F.,(4,4),(0.,1.),.UNSPECIFIED.);
#564=B_SPLINE_CURVE_WITH_KNOTS('',3,(#11510,#11511,#11512,#11513),
 .UNSPECIFIED.,.F.,.F.,(4,4),(0.,1.),.UNSPECIFIED.);
#565=B_SPLINE_CURVE_WITH_KNOTS('',3,(#11522,#11523,#11524,#11525),
 .UNSPECIFIED.,.F.,.F.,(4,4),(0.,1.),.UNSPECIFIED.);
#566=B_SPLINE_CURVE_WITH_KNOTS('',3,(#11527,#11528,#11529,#11530),
 .UNSPECIFIED.,.F.,.F.,(4,4),(0.,1.),.UNSPECIFIED.);
#567=B_SPLINE_CURVE_WITH_KNOTS('',3,(#11551,#11552,#11553,#11554),
 .UNSPECIFIED.,.F.,.F.,(4,4),(0.,1.),.UNSPECIFIED.);
#568=B_SPLINE_CURVE_WITH_KNOTS('',3,(#11556,#11557,#11558,#11559,#11560),
 .UNSPECIFIED.,.F.,.F.,(4,1,4),(0.,0.5,1.),.UNSPECIFIED.);
#569=B_SPLINE_CURVE_WITH_KNOTS('',3,(#11573,#11574,#11575,#11576),
 .UNSPECIFIED.,.F.,.F.,(4,4),(0.,1.),.UNSPECIFIED.);
#570=B_SPLINE_CURVE_WITH_KNOTS('',3,(#11578,#11579,#11580,#11581),
 .UNSPECIFIED.,.F.,.F.,(4,4),(0.,1.),.UNSPECIFIED.);
#571=B_SPLINE_CURVE_WITH_KNOTS('',3,(#11590,#11591,#11592,#11593),
 .UNSPECIFIED.,.F.,.F.,(4,4),(0.,1.),.UNSPECIFIED.);
#572=B_SPLINE_CURVE_WITH_KNOTS('',3,(#11595,#11596,#11597,#11598),
 .UNSPECIFIED.,.F.,.F.,(4,4),(0.,1.),.UNSPECIFIED.);
#573=B_SPLINE_CURVE_WITH_KNOTS('',3,(#11607,#11608,#11609,#11610),
 .UNSPECIFIED.,.F.,.F.,(4,4),(0.,1.),.UNSPECIFIED.);
#574=B_SPLINE_CURVE_WITH_KNOTS('',3,(#11612,#11613,#11614,#11615),
 .UNSPECIFIED.,.F.,.F.,(4,4),(0.,1.),.UNSPECIFIED.);
#575=B_SPLINE_CURVE_WITH_KNOTS('',3,(#11628,#11629,#11630,#11631),
 .UNSPECIFIED.,.F.,.F.,(4,4),(0.,1.),.UNSPECIFIED.);
#576=B_SPLINE_CURVE_WITH_KNOTS('',3,(#11633,#11634,#11635,#11636),
 .UNSPECIFIED.,.F.,.F.,(4,4),(0.,1.),.UNSPECIFIED.);
#577=B_SPLINE_CURVE_WITH_KNOTS('',3,(#11638,#11639,#11640,#11641),
 .UNSPECIFIED.,.F.,.F.,(4,4),(3.19399010903417E-7,0.999999839503644),
 .UNSPECIFIED.);
#578=B_SPLINE_CURVE_WITH_KNOTS('',3,(#11644,#11645,#11646,#11647),
 .UNSPECIFIED.,.F.,.F.,(4,4),(0.,1.),.UNSPECIFIED.);
#579=B_SPLINE_CURVE_WITH_KNOTS('',3,(#11649,#11650,#11651,#11652),
 .UNSPECIFIED.,.F.,.F.,(4,4),(3.12499903910399E-7,0.999999687500081),
 .UNSPECIFIED.);
#580=B_SPLINE_CURVE_WITH_KNOTS('',3,(#11654,#11655,#11656,#11657),
 .UNSPECIFIED.,.F.,.F.,(4,4),(0.,1.),.UNSPECIFIED.);
#581=B_SPLINE_CURVE_WITH_KNOTS('',3,(#11659,#11660,#11661,#11662),
 .UNSPECIFIED.,.F.,.F.,(4,4),(-1.39319979164387E-17,0.00020386152919524),
 .UNSPECIFIED.);
#582=B_SPLINE_CURVE_WITH_KNOTS('',3,(#11664,#11665,#11666,#11667),
 .UNSPECIFIED.,.F.,.F.,(4,4),(0.,0.999999685535769),.UNSPECIFIED.);
#583=B_SPLINE_CURVE_WITH_KNOTS('',3,(#11669,#11670,#11671,#11672),
 .UNSPECIFIED.,.F.,.F.,(4,4),(-6.10237229671518E-14,0.000204132407142415),
 .UNSPECIFIED.);
#584=B_SPLINE_CURVE_WITH_KNOTS('',3,(#11674,#11675,#11676,#11677),
 .UNSPECIFIED.,.F.,.F.,(4,4),(0.,0.000171126460093471),.UNSPECIFIED.);
#585=B_SPLINE_CURVE_WITH_KNOTS('',3,(#11679,#11680,#11681,#11682),
 .UNSPECIFIED.,.F.,.F.,(4,4),(0.,1.),.UNSPECIFIED.);
#586=B_SPLINE_CURVE_WITH_KNOTS('',3,(#11684,#11685,#11686,#11687),
 .UNSPECIFIED.,.F.,.F.,(4,4),(1.12689573912659E-13,0.000172171032235334),
 .UNSPECIFIED.);
#587=B_SPLINE_CURVE_WITH_KNOTS('',3,(#11696,#11697,#11698,#11699),
 .UNSPECIFIED.,.F.,.F.,(4,4),(0.,1.),.UNSPECIFIED.);
#588=B_SPLINE_CURVE_WITH_KNOTS('',3,(#11701,#11702,#11703,#11704),
 .UNSPECIFIED.,.F.,.F.,(4,4),(0.,1.),.UNSPECIFIED.);
#589=B_SPLINE_CURVE_WITH_KNOTS('',3,(#11706,#11707,#11708,#11709),
 .UNSPECIFIED.,.F.,.F.,(4,4),(0.,1.),.UNSPECIFIED.);
#590=B_SPLINE_CURVE_WITH_KNOTS('',3,(#11722,#11723,#11724,#11725),
 .UNSPECIFIED.,.F.,.F.,(4,4),(0.,1.),.UNSPECIFIED.);
#591=B_SPLINE_CURVE_WITH_KNOTS('',3,(#11727,#11728,#11729,#11730),
 .UNSPECIFIED.,.F.,.F.,(4,4),(0.,1.),.UNSPECIFIED.);
#592=B_SPLINE_CURVE_WITH_KNOTS('',3,(#11732,#11733,#11734,#11735),
 .UNSPECIFIED.,.F.,.F.,(4,4),(0.,1.),.UNSPECIFIED.);
#593=B_SPLINE_CURVE_WITH_KNOTS('',3,(#11748,#11749,#11750,#11751),
 .UNSPECIFIED.,.F.,.F.,(4,4),(0.,1.),.UNSPECIFIED.);
#594=B_SPLINE_CURVE_WITH_KNOTS('',3,(#11753,#11754,#11755,#11756),
 .UNSPECIFIED.,.F.,.F.,(4,4),(0.,1.),.UNSPECIFIED.);
#595=B_SPLINE_CURVE_WITH_KNOTS('',3,(#11758,#11759,#11760,#11761),
 .UNSPECIFIED.,.F.,.F.,(4,4),(0.,1.),.UNSPECIFIED.);
#596=B_SPLINE_CURVE_WITH_KNOTS('',3,(#11770,#11771,#11772,#11773),
 .UNSPECIFIED.,.F.,.F.,(4,4),(0.,1.),.UNSPECIFIED.);
#597=B_SPLINE_CURVE_WITH_KNOTS('',3,(#11775,#11776,#11777,#11778),
 .UNSPECIFIED.,.F.,.F.,(4,4),(0.,1.),.UNSPECIFIED.);
#598=B_SPLINE_CURVE_WITH_KNOTS('',3,(#11780,#11781,#11782,#11783),
 .UNSPECIFIED.,.F.,.F.,(4,4),(0.,1.),.UNSPECIFIED.);
#599=B_SPLINE_CURVE_WITH_KNOTS('',3,(#11785,#11786,#11787,#11788),
 .UNSPECIFIED.,.F.,.F.,(4,4),(-1.78374025619488E-13,0.000343305725602834),
 .UNSPECIFIED.);
#600=B_SPLINE_CURVE_WITH_KNOTS('',3,(#11790,#11791,#11792,#11793),
 .UNSPECIFIED.,.F.,.F.,(4,4),(2.66524137216494E-7,1.),.UNSPECIFIED.);
#601=B_SPLINE_CURVE_WITH_KNOTS('',3,(#11795,#11796,#11797,#11798),
 .UNSPECIFIED.,.F.,.F.,(4,4),(-6.05232010342238E-14,0.000349961321233663),
 .UNSPECIFIED.);
#602=B_SPLINE_CURVE_WITH_KNOTS('',3,(#11800,#11801,#11802,#11803),
 .UNSPECIFIED.,.F.,.F.,(4,4),(-3.50705572980774E-12,0.000248330043432921),
 .UNSPECIFIED.);
#603=B_SPLINE_CURVE_WITH_KNOTS('',3,(#11805,#11806,#11807,#11808),
 .UNSPECIFIED.,.F.,.F.,(4,4),(4.26078221880754E-7,1.),.UNSPECIFIED.);
#604=B_SPLINE_CURVE_WITH_KNOTS('',3,(#11810,#11811,#11812,#11813),
 .UNSPECIFIED.,.F.,.F.,(4,4),(-9.48758541348405E-13,0.000251830739974694),
 .UNSPECIFIED.);
#605=B_SPLINE_CURVE_WITH_KNOTS('',3,(#11815,#11816,#11817,#11818),
 .UNSPECIFIED.,.F.,.F.,(4,4),(-6.75849410073856E-12,0.000260514456754706),
 .UNSPECIFIED.);
#606=B_SPLINE_CURVE_WITH_KNOTS('',3,(#11820,#11821,#11822,#11823),
 .UNSPECIFIED.,.F.,.F.,(4,4),(0.,1.),.UNSPECIFIED.);
#607=B_SPLINE_CURVE_WITH_KNOTS('',3,(#11825,#11826,#11827,#11828),
 .UNSPECIFIED.,.F.,.F.,(4,4),(-2.33103467084383E-18,0.000261646154223902),
 .UNSPECIFIED.);
#608=B_SPLINE_CURVE_WITH_KNOTS('',3,(#11830,#11831,#11832,#11833),
 .UNSPECIFIED.,.F.,.F.,(4,4),(1.11672823766007E-16,0.000382624554418234),
 .UNSPECIFIED.);
#609=B_SPLINE_CURVE_WITH_KNOTS('',3,(#11835,#11836,#11837,#11838),
 .UNSPECIFIED.,.F.,.F.,(4,4),(3.3682739542391E-7,1.),.UNSPECIFIED.);
#610=B_SPLINE_CURVE_WITH_KNOTS('',3,(#11840,#11841,#11842,#11843),
 .UNSPECIFIED.,.F.,.F.,(4,4),(2.86085050211332E-14,0.000382720643925473),
 .UNSPECIFIED.);
#611=B_SPLINE_CURVE_WITH_KNOTS('',3,(#11853,#11854,#11855,#11856),
 .UNSPECIFIED.,.F.,.F.,(4,4),(0.,1.),.UNSPECIFIED.);
#612=B_SPLINE_CURVE_WITH_KNOTS('',3,(#11871,#11872,#11873,#11874),
 .UNSPECIFIED.,.F.,.F.,(4,4),(0.,1.),.UNSPECIFIED.);
#613=B_SPLINE_CURVE_WITH_KNOTS('',3,(#11876,#11877,#11878,#11879),
 .UNSPECIFIED.,.F.,.F.,(4,4),(0.,1.),.UNSPECIFIED.);
#614=B_SPLINE_CURVE_WITH_KNOTS('',3,(#11881,#11882,#11883,#11884),
 .UNSPECIFIED.,.F.,.F.,(4,4),(0.,1.),.UNSPECIFIED.);
#615=B_SPLINE_CURVE_WITH_KNOTS('',3,(#11893,#11894,#11895,#11896),
 .UNSPECIFIED.,.F.,.F.,(4,4),(0.,1.),.UNSPECIFIED.);
#616=B_SPLINE_CURVE_WITH_KNOTS('',3,(#11898,#11899,#11900,#11901),
 .UNSPECIFIED.,.F.,.F.,(4,4),(0.,1.),.UNSPECIFIED.);
#617=B_SPLINE_CURVE_WITH_KNOTS('',3,(#11903,#11904,#11905,#11906),
 .UNSPECIFIED.,.F.,.F.,(4,4),(0.,1.),.UNSPECIFIED.);
#618=B_SPLINE_CURVE_WITH_KNOTS('',3,(#11915,#11916,#11917,#11918),
 .UNSPECIFIED.,.F.,.F.,(4,4),(0.,1.),.UNSPECIFIED.);
#619=B_SPLINE_CURVE_WITH_KNOTS('',3,(#11920,#11921,#11922,#11923),
 .UNSPECIFIED.,.F.,.F.,(4,4),(0.,1.),.UNSPECIFIED.);
#620=B_SPLINE_CURVE_WITH_KNOTS('',3,(#11925,#11926,#11927,#11928),
 .UNSPECIFIED.,.F.,.F.,(4,4),(0.,1.),.UNSPECIFIED.);
#621=B_SPLINE_CURVE_WITH_KNOTS('',3,(#11941,#11942,#11943,#11944),
 .UNSPECIFIED.,.F.,.F.,(4,4),(0.,1.),.UNSPECIFIED.);
#622=B_SPLINE_CURVE_WITH_KNOTS('',3,(#11946,#11947,#11948,#11949),
 .UNSPECIFIED.,.F.,.F.,(4,4),(0.,1.),.UNSPECIFIED.);
#623=B_SPLINE_CURVE_WITH_KNOTS('',3,(#11951,#11952,#11953,#11954),
 .UNSPECIFIED.,.F.,.F.,(4,4),(0.,1.),.UNSPECIFIED.);
#624=B_SPLINE_CURVE_WITH_KNOTS('',3,(#11956,#11957,#11958,#11959),
 .UNSPECIFIED.,.F.,.F.,(4,4),(-9.71595850648987E-14,0.00021314461350507),
 .UNSPECIFIED.);
#625=B_SPLINE_CURVE_WITH_KNOTS('',3,(#11960,#11961,#11962,#11963),
 .UNSPECIFIED.,.F.,.F.,(4,4),(2.04505070671385E-10,0.000213416763475362),
 .UNSPECIFIED.);
#626=B_SPLINE_CURVE_WITH_KNOTS('',3,(#11965,#11966,#11967,#11968),
 .UNSPECIFIED.,.F.,.F.,(4,4),(1.96746549050351E-14,0.000366858125361465),
 .UNSPECIFIED.);
#627=B_SPLINE_CURVE_WITH_KNOTS('',3,(#11978,#11979,#11980,#11981),
 .UNSPECIFIED.,.F.,.F.,(4,4),(0.,1.),.UNSPECIFIED.);
#628=B_SPLINE_CURVE_WITH_KNOTS('',3,(#11992,#11993,#11994,#11995),
 .UNSPECIFIED.,.F.,.F.,(4,4),(0.,1.),.UNSPECIFIED.);
#629=B_SPLINE_CURVE_WITH_KNOTS('',3,(#11997,#11998,#11999,#12000),
 .UNSPECIFIED.,.F.,.F.,(4,4),(0.,1.),.UNSPECIFIED.);
#630=B_SPLINE_CURVE_WITH_KNOTS('',3,(#12002,#12003,#12004,#12005),
 .UNSPECIFIED.,.F.,.F.,(4,4),(0.,0.999999591547547),.UNSPECIFIED.);
#631=B_SPLINE_CURVE_WITH_KNOTS('',3,(#12007,#12008,#12009,#12010),
 .UNSPECIFIED.,.F.,.F.,(4,4),(-3.07390723118528E-13,0.000344437024292466),
 .UNSPECIFIED.);
#632=B_SPLINE_CURVE_WITH_KNOTS('',3,(#12012,#12013,#12014,#12015),
 .UNSPECIFIED.,.F.,.F.,(4,4),(0.,1.),.UNSPECIFIED.);
#633=B_SPLINE_CURVE_WITH_KNOTS('',3,(#12017,#12018,#12019,#12020),
 .UNSPECIFIED.,.F.,.F.,(4,4),(1.11293022938729E-16,0.000291572309594752),
 .UNSPECIFIED.);
#634=B_SPLINE_CURVE_WITH_KNOTS('',3,(#12022,#12023,#12024,#12025),
 .UNSPECIFIED.,.F.,.F.,(4,4),(0.,1.),.UNSPECIFIED.);
#635=B_SPLINE_CURVE_WITH_KNOTS('',3,(#12027,#12028,#12029,#12030),
 .UNSPECIFIED.,.F.,.F.,(4,4),(-2.03598878208144E-12,0.000431395472316651),
 .UNSPECIFIED.);
#636=B_SPLINE_CURVE_WITH_KNOTS('',3,(#12032,#12033,#12034,#12035),
 .UNSPECIFIED.,.F.,.F.,(4,4),(0.,1.),.UNSPECIFIED.);
#637=B_SPLINE_CURVE_WITH_KNOTS('',3,(#12037,#12038,#12039,#12040),
 .UNSPECIFIED.,.F.,.F.,(4,4),(-1.09802249757818E-13,0.00041497808269409),
 .UNSPECIFIED.);
#638=B_SPLINE_CURVE_WITH_KNOTS('',3,(#12042,#12043,#12044,#12045),
 .UNSPECIFIED.,.F.,.F.,(4,4),(0.,1.),.UNSPECIFIED.);
#639=B_SPLINE_CURVE_WITH_KNOTS('',3,(#12047,#12048,#12049,#12050),
 .UNSPECIFIED.,.F.,.F.,(4,4),(-2.40241095246507E-13,0.000395991685934011),
 .UNSPECIFIED.);
#640=B_SPLINE_CURVE_WITH_KNOTS('',3,(#12052,#12053,#12054,#12055),
 .UNSPECIFIED.,.F.,.F.,(4,4),(0.,1.),.UNSPECIFIED.);
#641=B_SPLINE_CURVE_WITH_KNOTS('',3,(#12057,#12058,#12059,#12060),
 .UNSPECIFIED.,.F.,.F.,(4,4),(8.67361737988404E-19,0.000476101476533515),
 .UNSPECIFIED.);
#642=B_SPLINE_CURVE_WITH_KNOTS('',3,(#12069,#12070,#12071,#12072),
 .UNSPECIFIED.,.F.,.F.,(4,4),(0.,1.),.UNSPECIFIED.);
#643=B_SPLINE_CURVE_WITH_KNOTS('',3,(#12074,#12075,#12076,#12077),
 .UNSPECIFIED.,.F.,.F.,(4,4),(0.,1.),.UNSPECIFIED.);
#644=B_SPLINE_CURVE_WITH_KNOTS('',3,(#12086,#12087,#12088,#12089),
 .UNSPECIFIED.,.F.,.F.,(4,4),(0.,1.),.UNSPECIFIED.);
#645=B_SPLINE_CURVE_WITH_KNOTS('',3,(#12091,#12092,#12093,#12094),
 .UNSPECIFIED.,.F.,.F.,(4,4),(0.,0.99999957047066),.UNSPECIFIED.);
#646=B_SPLINE_CURVE_WITH_KNOTS('',3,(#12096,#12097,#12098,#12099),
 .UNSPECIFIED.,.F.,.F.,(4,4),(0.,1.),.UNSPECIFIED.);
#647=B_SPLINE_CURVE_WITH_KNOTS('',3,(#12101,#12102,#12103,#12104),
 .UNSPECIFIED.,.F.,.F.,(4,4),(0.,1.),.UNSPECIFIED.);
#648=B_SPLINE_CURVE_WITH_KNOTS('',3,(#12113,#12114,#12115,#12116),
 .UNSPECIFIED.,.F.,.F.,(4,4),(0.,1.),.UNSPECIFIED.);
#649=B_SPLINE_CURVE_WITH_KNOTS('',3,(#12118,#12119,#12120,#12121),
 .UNSPECIFIED.,.F.,.F.,(4,4),(0.,1.),.UNSPECIFIED.);
#650=B_SPLINE_CURVE_WITH_KNOTS('',3,(#12134,#12135,#12136,#12137),
 .UNSPECIFIED.,.F.,.F.,(4,4),(0.,1.),.UNSPECIFIED.);
#651=B_SPLINE_CURVE_WITH_KNOTS('',3,(#12139,#12140,#12141,#12142),
 .UNSPECIFIED.,.F.,.F.,(4,4),(0.,1.),.UNSPECIFIED.);
#652=B_SPLINE_CURVE_WITH_KNOTS('',3,(#12155,#12156,#12157,#12158),
 .UNSPECIFIED.,.F.,.F.,(4,4),(0.,1.),.UNSPECIFIED.);
#653=B_SPLINE_CURVE_WITH_KNOTS('',3,(#12160,#12161,#12162,#12163),
 .UNSPECIFIED.,.F.,.F.,(4,4),(0.,1.),.UNSPECIFIED.);
#654=B_SPLINE_CURVE_WITH_KNOTS('',3,(#12172,#12173,#12174,#12175),
 .UNSPECIFIED.,.F.,.F.,(4,4),(0.,1.),.UNSPECIFIED.);
#655=B_SPLINE_CURVE_WITH_KNOTS('',3,(#12177,#12178,#12179,#12180),
 .UNSPECIFIED.,.F.,.F.,(4,4),(0.,1.),.UNSPECIFIED.);
#656=B_SPLINE_CURVE_WITH_KNOTS('',3,(#12189,#12190,#12191,#12192),
 .UNSPECIFIED.,.F.,.F.,(4,4),(0.,1.),.UNSPECIFIED.);
#657=B_SPLINE_CURVE_WITH_KNOTS('',3,(#12194,#12195,#12196,#12197),
 .UNSPECIFIED.,.F.,.F.,(4,4),(0.,1.),.UNSPECIFIED.);
#658=B_SPLINE_CURVE_WITH_KNOTS('',3,(#12199,#12200,#12201,#12202),
 .UNSPECIFIED.,.F.,.F.,(4,4),(0.,0.999999681753119),.UNSPECIFIED.);
#659=B_SPLINE_CURVE_WITH_KNOTS('',3,(#12204,#12205,#12206,#12207),
 .UNSPECIFIED.,.F.,.F.,(4,4),(-6.14844546803495E-14,0.000334228703602789),
 .UNSPECIFIED.);
#660=B_SPLINE_CURVE_WITH_KNOTS('',3,(#12209,#12210,#12211,#12212),
 .UNSPECIFIED.,.F.,.F.,(4,4),(0.,0.999999686286572),.UNSPECIFIED.);
#661=B_SPLINE_CURVE_WITH_KNOTS('',3,(#12214,#12215,#12216,#12217),
 .UNSPECIFIED.,.F.,.F.,(4,4),(-1.25460733924228E-12,0.000281661287259535),
 .UNSPECIFIED.);
#662=B_SPLINE_CURVE_WITH_KNOTS('',3,(#12219,#12220,#12221,#12222),
 .UNSPECIFIED.,.F.,.F.,(4,4),(4.01612649858904E-7,1.),.UNSPECIFIED.);
#663=B_SPLINE_CURVE_WITH_KNOTS('',3,(#12224,#12225,#12226,#12227),
 .UNSPECIFIED.,.F.,.F.,(4,4),(-2.24089410222339E-14,0.000391024168396961),
 .UNSPECIFIED.);
#664=B_SPLINE_CURVE_WITH_KNOTS('',3,(#12229,#12230,#12231,#12232),
 .UNSPECIFIED.,.F.,.F.,(4,4),(0.,1.),.UNSPECIFIED.);
#665=B_SPLINE_CURVE_WITH_KNOTS('',3,(#12234,#12235,#12236,#12237),
 .UNSPECIFIED.,.F.,.F.,(4,4),(0.,0.00122815212293464),.UNSPECIFIED.);
#666=B_SPLINE_CURVE_WITH_KNOTS('',3,(#12246,#12247,#12248,#12249),
 .UNSPECIFIED.,.F.,.F.,(4,4),(0.,1.),.UNSPECIFIED.);
#667=B_SPLINE_CURVE_WITH_KNOTS('',3,(#12251,#12252,#12253,#12254),
 .UNSPECIFIED.,.F.,.F.,(4,4),(0.,1.),.UNSPECIFIED.);
#668=B_SPLINE_CURVE_WITH_KNOTS('',3,(#12256,#12257,#12258,#12259),
 .UNSPECIFIED.,.F.,.F.,(4,4),(0.,1.),.UNSPECIFIED.);
#669=B_SPLINE_CURVE_WITH_KNOTS('',3,(#12261,#12262,#12263,#12264),
 .UNSPECIFIED.,.F.,.F.,(4,4),(5.4333545404786E-13,0.00115994729445822),
 .UNSPECIFIED.);
#670=B_SPLINE_CURVE_WITH_KNOTS('',3,(#12277,#12278,#12279,#12280),
 .UNSPECIFIED.,.F.,.F.,(4,4),(0.,1.),.UNSPECIFIED.);
#671=B_SPLINE_CURVE_WITH_KNOTS('',3,(#12282,#12283,#12284,#12285),
 .UNSPECIFIED.,.F.,.F.,(4,4),(0.,1.),.UNSPECIFIED.);
#672=B_SPLINE_CURVE_WITH_KNOTS('',3,(#12287,#12288,#12289,#12290),
 .UNSPECIFIED.,.F.,.F.,(4,4),(0.,1.),.UNSPECIFIED.);
#673=B_SPLINE_CURVE_WITH_KNOTS('',3,(#12292,#12293,#12294,#12295),
 .UNSPECIFIED.,.F.,.F.,(4,4),(2.76081949887182E-13,0.000568211549211866),
 .UNSPECIFIED.);
#674=B_SPLINE_CURVE_WITH_KNOTS('',3,(#12304,#12305,#12306,#12307),
 .UNSPECIFIED.,.F.,.F.,(4,4),(0.,1.),.UNSPECIFIED.);
#675=B_SPLINE_CURVE_WITH_KNOTS('',3,(#12309,#12310,#12311,#12312),
 .UNSPECIFIED.,.F.,.F.,(4,4),(0.,1.),.UNSPECIFIED.);
#676=B_SPLINE_CURVE_WITH_KNOTS('',3,(#12321,#12322,#12323,#12324),
 .UNSPECIFIED.,.F.,.F.,(4,4),(0.,1.),.UNSPECIFIED.);
#677=B_SPLINE_CURVE_WITH_KNOTS('',3,(#12326,#12327,#12328,#12329),
 .UNSPECIFIED.,.F.,.F.,(4,4),(0.,1.),.UNSPECIFIED.);
#678=B_SPLINE_CURVE_WITH_KNOTS('',3,(#12338,#12339,#12340,#12341),
 .UNSPECIFIED.,.F.,.F.,(4,4),(0.,1.),.UNSPECIFIED.);
#679=B_SPLINE_CURVE_WITH_KNOTS('',3,(#12343,#12344,#12345,#12346),
 .UNSPECIFIED.,.F.,.F.,(4,4),(0.,1.),.UNSPECIFIED.);
#680=B_SPLINE_CURVE_WITH_KNOTS('',3,(#12352,#12353,#12354,#12355),
 .UNSPECIFIED.,.F.,.F.,(4,4),(4.76116029084679E-7,0.999999683469761),
 .UNSPECIFIED.);
#681=B_SPLINE_CURVE_WITH_KNOTS('',3,(#12358,#12359,#12360,#12361),
 .UNSPECIFIED.,.F.,.F.,(4,4),(0.,0.000473194744438042),.UNSPECIFIED.);
#682=B_SPLINE_CURVE_WITH_KNOTS('',3,(#12363,#12364,#12365,#12366),
 .UNSPECIFIED.,.F.,.F.,(4,4),(3.00238278881762E-7,1.),.UNSPECIFIED.);
#683=B_SPLINE_CURVE_WITH_KNOTS('',3,(#12368,#12369,#12370,#12371),
 .UNSPECIFIED.,.F.,.F.,(4,4),(1.48652281840486E-10,0.000477305295173869),
 .UNSPECIFIED.);
#684=B_SPLINE_CURVE_WITH_KNOTS('',3,(#12373,#12374,#12375,#12376),
 .UNSPECIFIED.,.F.,.F.,(4,4),(7.74675919295676E-17,0.000641308751821218),
 .UNSPECIFIED.);
#685=B_SPLINE_CURVE_WITH_KNOTS('',3,(#12378,#12379,#12380,#12381),
 .UNSPECIFIED.,.F.,.F.,(4,4),(0.,1.),.UNSPECIFIED.);
#686=B_SPLINE_CURVE_WITH_KNOTS('',3,(#12383,#12384,#12385,#12386),
 .UNSPECIFIED.,.F.,.F.,(4,4),(6.91464295922815E-14,0.00065265755312945),
 .UNSPECIFIED.);
#687=B_SPLINE_CURVE_WITH_KNOTS('',3,(#12395,#12396,#12397,#12398),
 .UNSPECIFIED.,.F.,.F.,(4,4),(0.,1.),.UNSPECIFIED.);
#688=B_SPLINE_CURVE_WITH_KNOTS('',3,(#12400,#12401,#12402,#12403),
 .UNSPECIFIED.,.F.,.F.,(4,4),(0.,1.),.UNSPECIFIED.);
#689=B_SPLINE_CURVE_WITH_KNOTS('',3,(#12405,#12406,#12407,#12408),
 .UNSPECIFIED.,.F.,.F.,(4,4),(0.,1.),.UNSPECIFIED.);
#690=B_SPLINE_CURVE_WITH_KNOTS('',3,(#12410,#12411,#12412,#12413),
 .UNSPECIFIED.,.F.,.F.,(4,4),(2.56639476443947E-13,0.000784704347141897),
 .UNSPECIFIED.);
#691=B_SPLINE_CURVE_WITH_KNOTS('',3,(#12415,#12416,#12417,#12418),
 .UNSPECIFIED.,.F.,.F.,(4,4),(0.,1.),.UNSPECIFIED.);
#692=B_SPLINE_CURVE_WITH_KNOTS('',3,(#12420,#12421,#12422,#12423),
 .UNSPECIFIED.,.F.,.F.,(4,4),(7.93596741122819E-14,0.0008000171857759),
 .UNSPECIFIED.);
#693=B_SPLINE_CURVE_WITH_KNOTS('',3,(#12432,#12433,#12434,#12435),
 .UNSPECIFIED.,.F.,.F.,(4,4),(0.,1.),.UNSPECIFIED.);
#694=B_SPLINE_CURVE_WITH_KNOTS('',3,(#12437,#12438,#12439,#12440),
 .UNSPECIFIED.,.F.,.F.,(4,4),(0.,1.),.UNSPECIFIED.);
#695=B_SPLINE_CURVE_WITH_KNOTS('',3,(#12442,#12443,#12444,#12445),
 .UNSPECIFIED.,.F.,.F.,(4,4),(0.,1.),.UNSPECIFIED.);
#696=B_SPLINE_CURVE_WITH_KNOTS('',3,(#12447,#12448,#12449,#12450),
 .UNSPECIFIED.,.F.,.F.,(4,4),(7.75791922889773E-18,0.000493924536403063),
 .UNSPECIFIED.);
#697=B_SPLINE_CURVE_WITH_KNOTS('',3,(#12452,#12453,#12454,#12455),
 .UNSPECIFIED.,.F.,.F.,(4,4),(2.18505918197373E-7,1.),.UNSPECIFIED.);
#698=B_SPLINE_CURVE_WITH_KNOTS('',3,(#12457,#12458,#12459,#12460),
 .UNSPECIFIED.,.F.,.F.,(4,4),(2.50387368919971E-15,0.000495807730431835),
 .UNSPECIFIED.);
#699=B_SPLINE_CURVE_WITH_KNOTS('',3,(#12462,#12463,#12464,#12465),
 .UNSPECIFIED.,.F.,.F.,(4,4),(4.05044020958765E-13,0.000612093856802461),
 .UNSPECIFIED.);
#700=B_SPLINE_CURVE_WITH_KNOTS('',3,(#12467,#12468,#12469,#12470),
 .UNSPECIFIED.,.F.,.F.,(4,4),(0.,1.),.UNSPECIFIED.);
#701=B_SPLINE_CURVE_WITH_KNOTS('',3,(#12472,#12473,#12474,#12475),
 .UNSPECIFIED.,.F.,.F.,(4,4),(3.57069606527718E-12,0.000612680458149634),
 .UNSPECIFIED.);
#702=B_SPLINE_CURVE_WITH_KNOTS('',3,(#12488,#12489,#12490,#12491),
 .UNSPECIFIED.,.F.,.F.,(4,4),(0.,1.),.UNSPECIFIED.);
#703=B_SPLINE_CURVE_WITH_KNOTS('',3,(#12493,#12494,#12495,#12496),
 .UNSPECIFIED.,.F.,.F.,(4,4),(0.,1.),.UNSPECIFIED.);
#704=B_SPLINE_CURVE_WITH_KNOTS('',3,(#12498,#12499,#12500,#12501),
 .UNSPECIFIED.,.F.,.F.,(4,4),(0.,1.),.UNSPECIFIED.);
#705=B_SPLINE_CURVE_WITH_KNOTS('',3,(#12510,#12511,#12512,#12513),
 .UNSPECIFIED.,.F.,.F.,(4,4),(0.,1.),.UNSPECIFIED.);
#706=B_SPLINE_CURVE_WITH_KNOTS('',3,(#12515,#12516,#12517,#12518),
 .UNSPECIFIED.,.F.,.F.,(4,4),(0.,1.),.UNSPECIFIED.);
#707=B_SPLINE_CURVE_WITH_KNOTS('',3,(#12520,#12521,#12522,#12523),
 .UNSPECIFIED.,.F.,.F.,(4,4),(0.,1.),.UNSPECIFIED.);
#708=B_SPLINE_CURVE_WITH_KNOTS('',3,(#12532,#12533,#12534,#12535),
 .UNSPECIFIED.,.F.,.F.,(4,4),(0.,1.),.UNSPECIFIED.);
#709=B_SPLINE_CURVE_WITH_KNOTS('',3,(#12537,#12538,#12539,#12540),
 .UNSPECIFIED.,.F.,.F.,(4,4),(0.,1.),.UNSPECIFIED.);
#710=B_SPLINE_CURVE_WITH_KNOTS('',3,(#12542,#12543,#12544,#12545),
 .UNSPECIFIED.,.F.,.F.,(4,4),(0.,1.),.UNSPECIFIED.);
#711=B_SPLINE_CURVE_WITH_KNOTS('',3,(#12547,#12548,#12549,#12550),
 .UNSPECIFIED.,.F.,.F.,(4,4),(8.4725784515887E-12,0.000673308566188373),
 .UNSPECIFIED.);
#712=B_SPLINE_CURVE_WITH_KNOTS('',3,(#12552,#12553,#12554,#12555),
 .UNSPECIFIED.,.F.,.F.,(4,4),(1.48973965755501E-7,1.),.UNSPECIFIED.);
#713=B_SPLINE_CURVE_WITH_KNOTS('',3,(#12557,#12558,#12559,#12560),
 .UNSPECIFIED.,.F.,.F.,(4,4),(5.34565799282446E-12,0.000679033046064835),
 .UNSPECIFIED.);
#714=B_SPLINE_CURVE_WITH_KNOTS('',3,(#12562,#12563,#12564,#12565),
 .UNSPECIFIED.,.F.,.F.,(4,4),(0.,0.00049557235787851),.UNSPECIFIED.);
#715=B_SPLINE_CURVE_WITH_KNOTS('',3,(#12566,#12567,#12568,#12569),
 .UNSPECIFIED.,.F.,.F.,(4,4),(-1.88188478472337E-11,0.00049609671723481),
 .UNSPECIFIED.);
#716=B_SPLINE_CURVE_WITH_KNOTS('',3,(#12598,#12599,#12600,#12601),
 .UNSPECIFIED.,.F.,.F.,(4,4),(3.37640620295627E-7,0.999999691733836),
 .UNSPECIFIED.);
#717=B_SPLINE_CURVE_WITH_KNOTS('',3,(#12605,#12606,#12607,#12608),
 .UNSPECIFIED.,.F.,.F.,(4,4),(0.,1.),.UNSPECIFIED.);
#718=B_SPLINE_CURVE_WITH_KNOTS('',3,(#12610,#12611,#12612,#12613),
 .UNSPECIFIED.,.F.,.F.,(4,4),(-7.62156180181273E-15,0.000458406747451424),
 .UNSPECIFIED.);
#719=B_SPLINE_CURVE_WITH_KNOTS('',3,(#12615,#12616,#12617,#12618),
 .UNSPECIFIED.,.F.,.F.,(4,4),(0.,1.),.UNSPECIFIED.);
#720=B_SPLINE_CURVE_WITH_KNOTS('',3,(#12620,#12621,#12622,#12623),
 .UNSPECIFIED.,.F.,.F.,(4,4),(1.25344335100068E-15,0.000342404910326883),
 .UNSPECIFIED.);
#721=B_SPLINE_CURVE_WITH_KNOTS('',3,(#12625,#12626,#12627,#12628),
 .UNSPECIFIED.,.F.,.F.,(4,4),(0.,1.),.UNSPECIFIED.);
#722=B_SPLINE_CURVE_WITH_KNOTS('',3,(#12630,#12631,#12632,#12633),
 .UNSPECIFIED.,.F.,.F.,(4,4),(7.2300289375491E-13,0.000558147046467063),
 .UNSPECIFIED.);
#723=B_SPLINE_CURVE_WITH_KNOTS('',3,(#12642,#12643,#12644,#12645),
 .UNSPECIFIED.,.F.,.F.,(4,4),(0.,1.),.UNSPECIFIED.);
#724=B_SPLINE_CURVE_WITH_KNOTS('',3,(#12647,#12648,#12649,#12650),
 .UNSPECIFIED.,.F.,.F.,(4,4),(0.,1.),.UNSPECIFIED.);
#725=B_SPLINE_CURVE_WITH_KNOTS('',3,(#12659,#12660,#12661,#12662),
 .UNSPECIFIED.,.F.,.F.,(4,4),(0.,1.),.UNSPECIFIED.);
#726=B_SPLINE_CURVE_WITH_KNOTS('',3,(#12664,#12665,#12666,#12667),
 .UNSPECIFIED.,.F.,.F.,(4,4),(0.,1.),.UNSPECIFIED.);
#727=B_SPLINE_CURVE_WITH_KNOTS('',3,(#12669,#12670,#12671,#12672),
 .UNSPECIFIED.,.F.,.F.,(4,4),(0.,1.),.UNSPECIFIED.);
#728=B_SPLINE_CURVE_WITH_KNOTS('',3,(#12674,#12675,#12676,#12677),
 .UNSPECIFIED.,.F.,.F.,(4,4),(-9.01407854608793E-14,0.000622869847428908),
 .UNSPECIFIED.);
#729=B_SPLINE_CURVE_WITH_KNOTS('',3,(#12679,#12680,#12681,#12682),
 .UNSPECIFIED.,.F.,.F.,(4,4),(0.,1.),.UNSPECIFIED.);
#730=B_SPLINE_CURVE_WITH_KNOTS('',3,(#12684,#12685,#12686,#12687),
 .UNSPECIFIED.,.F.,.F.,(4,4),(1.9769777708814E-12,0.000347946901980212),
 .UNSPECIFIED.);
#731=B_SPLINE_CURVE_WITH_KNOTS('',3,(#12689,#12690,#12691,#12692),
 .UNSPECIFIED.,.F.,.F.,(4,4),(3.09276514925752E-7,0.999999638774914),
 .UNSPECIFIED.);
#732=B_SPLINE_CURVE_WITH_KNOTS('',3,(#12694,#12695,#12696,#12697),
 .UNSPECIFIED.,.F.,.F.,(4,4),(-1.2478833071039E-12,0.000357186345796564),
 .UNSPECIFIED.);
#733=B_SPLINE_CURVE_WITH_KNOTS('',3,(#12699,#12700,#12701,#12702),
 .UNSPECIFIED.,.F.,.F.,(4,4),(0.,0.999999713997979),.UNSPECIFIED.);
#734=B_SPLINE_CURVE_WITH_KNOTS('',3,(#12704,#12705,#12706,#12707),
 .UNSPECIFIED.,.F.,.F.,(4,4),(-3.68477977622482E-12,0.000357194520306015),
 .UNSPECIFIED.);
#735=B_SPLINE_CURVE_WITH_KNOTS('',3,(#12709,#12710,#12711,#12712),
 .UNSPECIFIED.,.F.,.F.,(4,4),(0.,1.),.UNSPECIFIED.);
#736=B_SPLINE_CURVE_WITH_KNOTS('',3,(#12714,#12715,#12716,#12717),
 .UNSPECIFIED.,.F.,.F.,(4,4),(2.79480318848107E-17,0.000347971958090307),
 .UNSPECIFIED.);
#737=B_SPLINE_CURVE_WITH_KNOTS('',3,(#12719,#12720,#12721,#12722),
 .UNSPECIFIED.,.F.,.F.,(4,4),(0.,1.),.UNSPECIFIED.);
#738=B_SPLINE_CURVE_WITH_KNOTS('',3,(#12724,#12725,#12726,#12727),
 .UNSPECIFIED.,.F.,.F.,(4,4),(5.74356252928828E-13,0.000622868269504053),
 .UNSPECIFIED.);
#739=B_SPLINE_CURVE_WITH_KNOTS('',3,(#12736,#12737,#12738,#12739),
 .UNSPECIFIED.,.F.,.F.,(4,4),(0.,1.),.UNSPECIFIED.);
#740=B_SPLINE_CURVE_WITH_KNOTS('',3,(#12741,#12742,#12743,#12744),
 .UNSPECIFIED.,.F.,.F.,(4,4),(0.,1.),.UNSPECIFIED.);
#741=B_SPLINE_CURVE_WITH_KNOTS('',3,(#12746,#12747,#12748,#12749),
 .UNSPECIFIED.,.F.,.F.,(4,4),(0.,1.),.UNSPECIFIED.);
#742=B_SPLINE_CURVE_WITH_KNOTS('',3,(#12753,#12754,#12755,#12756),
 .UNSPECIFIED.,.F.,.F.,(4,4),(0.,0.999999414822778),.UNSPECIFIED.);
#743=B_SPLINE_CURVE_WITH_KNOTS('',3,(#12759,#12760,#12761,#12762),
 .UNSPECIFIED.,.F.,.F.,(4,4),(0.,1.),.UNSPECIFIED.);
#744=B_SPLINE_CURVE_WITH_KNOTS('',3,(#12765,#12766,#12767,#12768),
 .UNSPECIFIED.,.F.,.F.,(4,4),(0.,1.),.UNSPECIFIED.);
#745=B_SPLINE_CURVE_WITH_KNOTS('',3,(#12779,#12780,#12781,#12782),
 .UNSPECIFIED.,.F.,.F.,(4,4),(0.,1.),.UNSPECIFIED.);
#746=B_SPLINE_CURVE_WITH_KNOTS('',3,(#12784,#12785,#12786,#12787),
 .UNSPECIFIED.,.F.,.F.,(4,4),(0.,1.),.UNSPECIFIED.);
#747=B_SPLINE_CURVE_WITH_KNOTS('',3,(#12789,#12790,#12791,#12792),
 .UNSPECIFIED.,.F.,.F.,(4,4),(0.,1.),.UNSPECIFIED.);
#748=B_SPLINE_CURVE_WITH_KNOTS('',3,(#12794,#12795,#12796,#12797),
 .UNSPECIFIED.,.F.,.F.,(4,4),(-1.9183656399524E-13,0.000561334591256464),
 .UNSPECIFIED.);
#749=B_SPLINE_CURVE_WITH_KNOTS('',3,(#12799,#12800,#12801,#12802),
 .UNSPECIFIED.,.F.,.F.,(4,4),(0.,0.999999574685755),.UNSPECIFIED.);
#750=B_SPLINE_CURVE_WITH_KNOTS('',3,(#12804,#12805,#12806,#12807),
 .UNSPECIFIED.,.F.,.F.,(4,4),(1.82345294555233E-12,0.000336673243822633),
 .UNSPECIFIED.);
#751=B_SPLINE_CURVE_WITH_KNOTS('',3,(#12809,#12810,#12811,#12812),
 .UNSPECIFIED.,.F.,.F.,(4,4),(0.,0.999999699894073),.UNSPECIFIED.);
#752=B_SPLINE_CURVE_WITH_KNOTS('',3,(#12814,#12815,#12816,#12817),
 .UNSPECIFIED.,.F.,.F.,(4,4),(-9.38638815110859E-13,0.000436533305088846),
 .UNSPECIFIED.);
#753=B_SPLINE_CURVE_WITH_KNOTS('',3,(#12819,#12820,#12821,#12822),
 .UNSPECIFIED.,.F.,.F.,(4,4),(0.,1.),.UNSPECIFIED.);
#754=B_SPLINE_CURVE_WITH_KNOTS('',3,(#12824,#12825,#12826,#12827),
 .UNSPECIFIED.,.F.,.F.,(4,4),(-7.44029783530248E-13,0.000436517537882409),
 .UNSPECIFIED.);
#755=B_SPLINE_CURVE_WITH_KNOTS('',3,(#12829,#12830,#12831,#12832),
 .UNSPECIFIED.,.F.,.F.,(4,4),(0.,1.),.UNSPECIFIED.);
#756=B_SPLINE_CURVE_WITH_KNOTS('',3,(#12834,#12835,#12836,#12837),
 .UNSPECIFIED.,.F.,.F.,(4,4),(7.44195486646298E-16,0.000342127340817678),
 .UNSPECIFIED.);
#757=B_SPLINE_CURVE_WITH_KNOTS('',3,(#12839,#12840,#12841,#12842),
 .UNSPECIFIED.,.F.,.F.,(4,4),(0.,1.),.UNSPECIFIED.);
#758=B_SPLINE_CURVE_WITH_KNOTS('',3,(#12844,#12845,#12846,#12847),
 .UNSPECIFIED.,.F.,.F.,(4,4),(5.81306849146114E-13,0.000569397037362809),
 .UNSPECIFIED.);
#759=B_SPLINE_CURVE_WITH_KNOTS('',3,(#12856,#12857,#12858,#12859),
 .UNSPECIFIED.,.F.,.F.,(4,4),(0.,1.),.UNSPECIFIED.);
#760=B_SPLINE_CURVE_WITH_KNOTS('',3,(#12861,#12862,#12863,#12864),
 .UNSPECIFIED.,.F.,.F.,(4,4),(0.,1.),.UNSPECIFIED.);
#761=B_SPLINE_CURVE_WITH_KNOTS('',3,(#12873,#12874,#12875,#12876),
 .UNSPECIFIED.,.F.,.F.,(4,4),(0.,1.),.UNSPECIFIED.);
#762=B_SPLINE_CURVE_WITH_KNOTS('',3,(#12878,#12879,#12880,#12881),
 .UNSPECIFIED.,.F.,.F.,(4,4),(0.,1.),.UNSPECIFIED.);
#763=B_SPLINE_CURVE_WITH_KNOTS('',3,(#12883,#12884,#12885,#12886),
 .UNSPECIFIED.,.F.,.F.,(4,4),(0.,1.),.UNSPECIFIED.);
#764=B_SPLINE_CURVE_WITH_KNOTS('',3,(#12888,#12889,#12890,#12891),
 .UNSPECIFIED.,.F.,.F.,(4,4),(-2.22096212948442E-13,0.000558151224383009),
 .UNSPECIFIED.);
#765=B_SPLINE_CURVE_WITH_KNOTS('',3,(#12893,#12894,#12895,#12896),
 .UNSPECIFIED.,.F.,.F.,(4,4),(0.,0.999999561229536),.UNSPECIFIED.);
#766=B_SPLINE_CURVE_WITH_KNOTS('',3,(#12898,#12899,#12900,#12901),
 .UNSPECIFIED.,.F.,.F.,(4,4),(1.89223669769866E-12,0.000342475011342481),
 .UNSPECIFIED.);
#767=B_SPLINE_CURVE_WITH_KNOTS('',3,(#12903,#12904,#12905,#12906),
 .UNSPECIFIED.,.F.,.F.,(4,4),(4.40939250006266E-7,1.),.UNSPECIFIED.);
#768=B_SPLINE_CURVE_WITH_KNOTS('',3,(#12908,#12909,#12910,#12911),
 .UNSPECIFIED.,.F.,.F.,(4,4),(1.02879067194461E-12,0.000458419355969039),
 .UNSPECIFIED.);
#769=B_SPLINE_CURVE_WITH_KNOTS('',3,(#12930,#12931,#12932,#12933),
 .UNSPECIFIED.,.F.,.F.,(4,4),(3.30530944905705E-7,0.999999689236058),
 .UNSPECIFIED.);
#770=B_SPLINE_CURVE_WITH_KNOTS('',3,(#12937,#12938,#12939,#12940),
 .UNSPECIFIED.,.F.,.F.,(4,4),(0.,1.),.UNSPECIFIED.);
#771=B_SPLINE_CURVE_WITH_KNOTS('',3,(#12942,#12943,#12944,#12945),
 .UNSPECIFIED.,.F.,.F.,(4,4),(-1.47115392784558E-15,0.00045527892084652),
 .UNSPECIFIED.);
#772=B_SPLINE_CURVE_WITH_KNOTS('',3,(#12947,#12948,#12949,#12950),
 .UNSPECIFIED.,.F.,.F.,(4,4),(0.,1.),.UNSPECIFIED.);
#773=B_SPLINE_CURVE_WITH_KNOTS('',3,(#12952,#12953,#12954,#12955),
 .UNSPECIFIED.,.F.,.F.,(4,4),(0.,0.000324953760424187),.UNSPECIFIED.);
#774=B_SPLINE_CURVE_WITH_KNOTS('',3,(#12957,#12958,#12959,#12960),
 .UNSPECIFIED.,.F.,.F.,(4,4),(0.,1.),.UNSPECIFIED.);
#775=B_SPLINE_CURVE_WITH_KNOTS('',3,(#12962,#12963,#12964,#12965),
 .UNSPECIFIED.,.F.,.F.,(4,4),(4.84559794269274E-13,0.000503749439875802),
 .UNSPECIFIED.);
#776=B_SPLINE_CURVE_WITH_KNOTS('',3,(#12974,#12975,#12976,#12977),
 .UNSPECIFIED.,.F.,.F.,(4,4),(0.,1.),.UNSPECIFIED.);
#777=B_SPLINE_CURVE_WITH_KNOTS('',3,(#12979,#12980,#12981,#12982),
 .UNSPECIFIED.,.F.,.F.,(4,4),(0.,1.),.UNSPECIFIED.);
#778=B_SPLINE_CURVE_WITH_KNOTS('',3,(#13005,#13006,#13007,#13008),
 .UNSPECIFIED.,.F.,.F.,(4,4),(3.27640793327839E-7,1.),.UNSPECIFIED.);
#779=B_SPLINE_CURVE_WITH_KNOTS('',3,(#13012,#13013,#13014,#13015),
 .UNSPECIFIED.,.F.,.F.,(4,4),(0.,1.),.UNSPECIFIED.);
#780=B_SPLINE_CURVE_WITH_KNOTS('',3,(#13017,#13018,#13019,#13020),
 .UNSPECIFIED.,.F.,.F.,(4,4),(0.,0.00045339063523735),.UNSPECIFIED.);
#781=B_SPLINE_CURVE_WITH_KNOTS('',3,(#13022,#13023,#13024,#13025),
 .UNSPECIFIED.,.F.,.F.,(4,4),(0.,1.),.UNSPECIFIED.);
#782=B_SPLINE_CURVE_WITH_KNOTS('',3,(#13027,#13028,#13029,#13030),
 .UNSPECIFIED.,.F.,.F.,(4,4),(0.,0.000316299383678239),.UNSPECIFIED.);
#783=B_SPLINE_CURVE_WITH_KNOTS('',3,(#13032,#13033,#13034,#13035),
 .UNSPECIFIED.,.F.,.F.,(4,4),(0.,1.),.UNSPECIFIED.);
#784=B_SPLINE_CURVE_WITH_KNOTS('',3,(#13037,#13038,#13039,#13040),
 .UNSPECIFIED.,.F.,.F.,(4,4),(3.12484960870461E-13,0.000476612060678304),
 .UNSPECIFIED.);
#785=B_SPLINE_CURVE_WITH_KNOTS('',3,(#13049,#13050,#13051,#13052),
 .UNSPECIFIED.,.F.,.F.,(4,4),(0.,1.),.UNSPECIFIED.);
#786=B_SPLINE_CURVE_WITH_KNOTS('',3,(#13054,#13055,#13056,#13057),
 .UNSPECIFIED.,.F.,.F.,(4,4),(0.,1.),.UNSPECIFIED.);
#787=B_SPLINE_CURVE_WITH_KNOTS('',3,(#13076,#13077,#13078,#13079),
 .UNSPECIFIED.,.F.,.F.,(4,4),(7.85228019831271E-7,0.999999227701419),
 .UNSPECIFIED.);
#788=B_SPLINE_CURVE_WITH_KNOTS('',3,(#13087,#13088,#13089,#13090),
 .UNSPECIFIED.,.F.,.F.,(4,4),(3.32192818894106E-7,0.99999966739711),
 .UNSPECIFIED.);
#789=B_SPLINE_CURVE_WITH_KNOTS('',3,(#13112,#13113,#13114,#13115),
 .UNSPECIFIED.,.F.,.F.,(4,4),(0.,1.),.UNSPECIFIED.);
#790=B_SPLINE_CURVE_WITH_KNOTS('',3,(#13117,#13118,#13119,#13120),
 .UNSPECIFIED.,.F.,.F.,(4,4),(0.,1.),.UNSPECIFIED.);
#791=B_SPLINE_CURVE_WITH_KNOTS('',3,(#13122,#13123,#13124,#13125),
 .UNSPECIFIED.,.F.,.F.,(4,4),(0.,1.),.UNSPECIFIED.);
#792=B_SPLINE_CURVE_WITH_KNOTS('',3,(#13134,#13135,#13136,#13137),
 .UNSPECIFIED.,.F.,.F.,(4,4),(0.,1.),.UNSPECIFIED.);
#793=B_SPLINE_CURVE_WITH_KNOTS('',3,(#13139,#13140,#13141,#13142),
 .UNSPECIFIED.,.F.,.F.,(4,4),(0.,1.),.UNSPECIFIED.);
#794=B_SPLINE_CURVE_WITH_KNOTS('',3,(#13144,#13145,#13146,#13147),
 .UNSPECIFIED.,.F.,.F.,(4,4),(3.12353456788909E-7,0.999999687646564),
 .UNSPECIFIED.);
#795=B_SPLINE_CURVE_WITH_KNOTS('',3,(#13149,#13150,#13151,#13152),
 .UNSPECIFIED.,.F.,.F.,(4,4),(0.,1.),.UNSPECIFIED.);
#796=B_SPLINE_CURVE_WITH_KNOTS('',3,(#13166,#13167,#13168,#13169),
 .UNSPECIFIED.,.F.,.F.,(4,4),(0.,1.),.UNSPECIFIED.);
#797=B_SPLINE_CURVE_WITH_KNOTS('',3,(#13184,#13185,#13186,#13187),
 .UNSPECIFIED.,.F.,.F.,(4,4),(0.,1.),.UNSPECIFIED.);
#798=B_SPLINE_CURVE_WITH_KNOTS('',3,(#13189,#13190,#13191,#13192),
 .UNSPECIFIED.,.F.,.F.,(4,4),(0.,1.),.UNSPECIFIED.);
#799=B_SPLINE_CURVE_WITH_KNOTS('',3,(#13201,#13202,#13203,#13204),
 .UNSPECIFIED.,.F.,.F.,(4,4),(0.,1.),.UNSPECIFIED.);
#800=B_SPLINE_CURVE_WITH_KNOTS('',3,(#13206,#13207,#13208,#13209),
 .UNSPECIFIED.,.F.,.F.,(4,4),(0.,1.),.UNSPECIFIED.);
#801=B_SPLINE_CURVE_WITH_KNOTS('',3,(#13218,#13219,#13220,#13221),
 .UNSPECIFIED.,.F.,.F.,(4,4),(0.,1.),.UNSPECIFIED.);
#802=B_SPLINE_CURVE_WITH_KNOTS('',3,(#13223,#13224,#13225,#13226),
 .UNSPECIFIED.,.F.,.F.,(4,4),(0.,1.),.UNSPECIFIED.);
#803=B_SPLINE_CURVE_WITH_KNOTS('',3,(#13235,#13236,#13237,#13238),
 .UNSPECIFIED.,.F.,.F.,(4,4),(0.,1.),.UNSPECIFIED.);
#804=B_SPLINE_CURVE_WITH_KNOTS('',3,(#13240,#13241,#13242,#13243),
 .UNSPECIFIED.,.F.,.F.,(4,4),(0.,1.),.UNSPECIFIED.);
#805=B_SPLINE_CURVE_WITH_KNOTS('',3,(#13252,#13253,#13254,#13255),
 .UNSPECIFIED.,.F.,.F.,(4,4),(0.,1.),.UNSPECIFIED.);
#806=B_SPLINE_CURVE_WITH_KNOTS('',3,(#13257,#13258,#13259,#13260),
 .UNSPECIFIED.,.F.,.F.,(4,4),(0.,1.),.UNSPECIFIED.);
#807=B_SPLINE_CURVE_WITH_KNOTS('',3,(#13262,#13263,#13264,#13265),
 .UNSPECIFIED.,.F.,.F.,(4,4),(0.,1.),.UNSPECIFIED.);
#808=B_SPLINE_CURVE_WITH_KNOTS('',3,(#13267,#13268,#13269,#13270),
 .UNSPECIFIED.,.F.,.F.,(4,4),(3.3993498887763E-17,0.00101547329623793),
 .UNSPECIFIED.);
#809=B_SPLINE_CURVE_WITH_KNOTS('',3,(#13279,#13280,#13281,#13282),
 .UNSPECIFIED.,.F.,.F.,(4,4),(0.,1.),.UNSPECIFIED.);
#810=B_SPLINE_CURVE_WITH_KNOTS('',3,(#13284,#13285,#13286,#13287),
 .UNSPECIFIED.,.F.,.F.,(4,4),(0.,1.),.UNSPECIFIED.);
#811=B_SPLINE_CURVE_WITH_KNOTS('',3,(#13289,#13290,#13291,#13292),
 .UNSPECIFIED.,.F.,.F.,(4,4),(0.,1.),.UNSPECIFIED.);
#812=B_SPLINE_CURVE_WITH_KNOTS('',3,(#13294,#13295,#13296,#13297),
 .UNSPECIFIED.,.F.,.F.,(4,4),(1.16892938079567E-14,0.00114692331374285),
 .UNSPECIFIED.);
#813=B_SPLINE_CURVE_WITH_KNOTS('',3,(#13310,#13311,#13312,#13313),
 .UNSPECIFIED.,.F.,.F.,(4,4),(0.,1.),.UNSPECIFIED.);
#814=B_SPLINE_CURVE_WITH_KNOTS('',3,(#13315,#13316,#13317,#13318),
 .UNSPECIFIED.,.F.,.F.,(4,4),(0.,1.),.UNSPECIFIED.);
#815=B_SPLINE_CURVE_WITH_KNOTS('',3,(#13327,#13328,#13329,#13330),
 .UNSPECIFIED.,.F.,.F.,(4,4),(0.,1.),.UNSPECIFIED.);
#816=B_SPLINE_CURVE_WITH_KNOTS('',3,(#13332,#13333,#13334,#13335),
 .UNSPECIFIED.,.F.,.F.,(4,4),(0.,1.),.UNSPECIFIED.);
#817=B_SPLINE_CURVE_WITH_KNOTS('',3,(#13344,#13345,#13346,#13347),
 .UNSPECIFIED.,.F.,.F.,(4,4),(0.,1.),.UNSPECIFIED.);
#818=B_SPLINE_CURVE_WITH_KNOTS('',3,(#13349,#13350,#13351,#13352),
 .UNSPECIFIED.,.F.,.F.,(4,4),(0.,1.),.UNSPECIFIED.);
#819=B_SPLINE_CURVE_WITH_KNOTS('',3,(#13373,#13374,#13375,#13376),
 .UNSPECIFIED.,.F.,.F.,(4,4),(0.,1.),.UNSPECIFIED.);
#820=B_SPLINE_CURVE_WITH_KNOTS('',3,(#13378,#13379,#13380,#13381,#13382),
 .UNSPECIFIED.,.F.,.F.,(4,1,4),(0.,0.5,1.),.UNSPECIFIED.);
#821=B_SPLINE_CURVE_WITH_KNOTS('',3,(#13395,#13396,#13397,#13398),
 .UNSPECIFIED.,.F.,.F.,(4,4),(0.,1.),.UNSPECIFIED.);
#822=B_SPLINE_CURVE_WITH_KNOTS('',3,(#13400,#13401,#13402,#13403),
 .UNSPECIFIED.,.F.,.F.,(4,4),(0.,1.),.UNSPECIFIED.);
#823=B_SPLINE_CURVE_WITH_KNOTS('',3,(#13412,#13413,#13414,#13415),
 .UNSPECIFIED.,.F.,.F.,(4,4),(0.,1.),.UNSPECIFIED.);
#824=B_SPLINE_CURVE_WITH_KNOTS('',3,(#13417,#13418,#13419,#13420),
 .UNSPECIFIED.,.F.,.F.,(4,4),(0.,1.),.UNSPECIFIED.);
#825=B_SPLINE_CURVE_WITH_KNOTS('',3,(#13429,#13430,#13431,#13432),
 .UNSPECIFIED.,.F.,.F.,(4,4),(0.,1.),.UNSPECIFIED.);
#826=B_SPLINE_CURVE_WITH_KNOTS('',3,(#13434,#13435,#13436,#13437),
 .UNSPECIFIED.,.F.,.F.,(4,4),(0.,1.),.UNSPECIFIED.);
#827=B_SPLINE_CURVE_WITH_KNOTS('',3,(#13450,#13451,#13452,#13453),
 .UNSPECIFIED.,.F.,.F.,(4,4),(0.,1.),.UNSPECIFIED.);
#828=B_SPLINE_CURVE_WITH_KNOTS('',3,(#13455,#13456,#13457,#13458),
 .UNSPECIFIED.,.F.,.F.,(4,4),(0.,1.),.UNSPECIFIED.);
#829=B_SPLINE_CURVE_WITH_KNOTS('',3,(#13460,#13461,#13462,#13463),
 .UNSPECIFIED.,.F.,.F.,(4,4),(3.19399024701613E-7,0.999999839503641),
 .UNSPECIFIED.);
#830=B_SPLINE_CURVE_WITH_KNOTS('',3,(#13466,#13467,#13468,#13469),
 .UNSPECIFIED.,.F.,.F.,(4,4),(0.,1.),.UNSPECIFIED.);
#831=B_SPLINE_CURVE_WITH_KNOTS('',3,(#13471,#13472,#13473,#13474),
 .UNSPECIFIED.,.F.,.F.,(4,4),(3.12499913718048E-7,0.999999687500084),
 .UNSPECIFIED.);
#832=B_SPLINE_CURVE_WITH_KNOTS('',3,(#13476,#13477,#13478,#13479),
 .UNSPECIFIED.,.F.,.F.,(4,4),(0.,1.),.UNSPECIFIED.);
#833=B_SPLINE_CURVE_WITH_KNOTS('',3,(#13481,#13482,#13483,#13484),
 .UNSPECIFIED.,.F.,.F.,(4,4),(-1.3986208025063E-17,0.000203861576013987),
 .UNSPECIFIED.);
#834=B_SPLINE_CURVE_WITH_KNOTS('',3,(#13486,#13487,#13488,#13489),
 .UNSPECIFIED.,.F.,.F.,(4,4),(0.,0.999999685535765),.UNSPECIFIED.);
#835=B_SPLINE_CURVE_WITH_KNOTS('',3,(#13491,#13492,#13493,#13494),
 .UNSPECIFIED.,.F.,.F.,(4,4),(-6.10306618610557E-14,0.000204132454438338),
 .UNSPECIFIED.);
#836=B_SPLINE_CURVE_WITH_KNOTS('',3,(#13496,#13497,#13498,#13499),
 .UNSPECIFIED.,.F.,.F.,(4,4),(7.75791922889773E-18,0.000171126510467064),
 .UNSPECIFIED.);
#837=B_SPLINE_CURVE_WITH_KNOTS('',3,(#13501,#13502,#13503,#13504),
 .UNSPECIFIED.,.F.,.F.,(4,4),(0.,1.),.UNSPECIFIED.);
#838=B_SPLINE_CURVE_WITH_KNOTS('',3,(#13506,#13507,#13508,#13509),
 .UNSPECIFIED.,.F.,.F.,(4,4),(1.12688042105793E-13,0.000172171072125934),
 .UNSPECIFIED.);
#839=B_SPLINE_CURVE_WITH_KNOTS('',3,(#13518,#13519,#13520,#13521),
 .UNSPECIFIED.,.F.,.F.,(4,4),(0.,1.),.UNSPECIFIED.);
#840=B_SPLINE_CURVE_WITH_KNOTS('',3,(#13523,#13524,#13525,#13526),
 .UNSPECIFIED.,.F.,.F.,(4,4),(0.,1.),.UNSPECIFIED.);
#841=B_SPLINE_CURVE_WITH_KNOTS('',3,(#13528,#13529,#13530,#13531),
 .UNSPECIFIED.,.F.,.F.,(4,4),(0.,1.),.UNSPECIFIED.);
#842=B_SPLINE_CURVE_WITH_KNOTS('',3,(#13544,#13545,#13546,#13547),
 .UNSPECIFIED.,.F.,.F.,(4,4),(0.,1.),.UNSPECIFIED.);
#843=B_SPLINE_CURVE_WITH_KNOTS('',3,(#13549,#13550,#13551,#13552),
 .UNSPECIFIED.,.F.,.F.,(4,4),(0.,1.),.UNSPECIFIED.);
#844=B_SPLINE_CURVE_WITH_KNOTS('',3,(#13554,#13555,#13556,#13557),
 .UNSPECIFIED.,.F.,.F.,(4,4),(0.,1.),.UNSPECIFIED.);
#845=B_SPLINE_CURVE_WITH_KNOTS('',3,(#13570,#13571,#13572,#13573),
 .UNSPECIFIED.,.F.,.F.,(4,4),(0.,1.),.UNSPECIFIED.);
#846=B_SPLINE_CURVE_WITH_KNOTS('',3,(#13575,#13576,#13577,#13578),
 .UNSPECIFIED.,.F.,.F.,(4,4),(0.,1.),.UNSPECIFIED.);
#847=B_SPLINE_CURVE_WITH_KNOTS('',3,(#13580,#13581,#13582,#13583),
 .UNSPECIFIED.,.F.,.F.,(4,4),(0.,1.),.UNSPECIFIED.);
#848=B_SPLINE_CURVE_WITH_KNOTS('',3,(#13592,#13593,#13594,#13595),
 .UNSPECIFIED.,.F.,.F.,(4,4),(0.,1.),.UNSPECIFIED.);
#849=B_SPLINE_CURVE_WITH_KNOTS('',3,(#13597,#13598,#13599,#13600),
 .UNSPECIFIED.,.F.,.F.,(4,4),(0.,1.),.UNSPECIFIED.);
#850=B_SPLINE_CURVE_WITH_KNOTS('',3,(#13602,#13603,#13604,#13605),
 .UNSPECIFIED.,.F.,.F.,(4,4),(0.,1.),.UNSPECIFIED.);
#851=B_SPLINE_CURVE_WITH_KNOTS('',3,(#13607,#13608,#13609,#13610),
 .UNSPECIFIED.,.F.,.F.,(4,4),(-1.78375543502529E-13,0.000343305805143717),
 .UNSPECIFIED.);
#852=B_SPLINE_CURVE_WITH_KNOTS('',3,(#13612,#13613,#13614,#13615),
 .UNSPECIFIED.,.F.,.F.,(4,4),(2.66524088296419E-7,1.),.UNSPECIFIED.);
#853=B_SPLINE_CURVE_WITH_KNOTS('',3,(#13617,#13618,#13619,#13620),
 .UNSPECIFIED.,.F.,.F.,(4,4),(-6.05261283800895E-14,0.000349961402316582),
 .UNSPECIFIED.);
#854=B_SPLINE_CURVE_WITH_KNOTS('',3,(#13622,#13623,#13624,#13625),
 .UNSPECIFIED.,.F.,.F.,(4,4),(-3.50705293798714E-12,0.000248330100969018),
 .UNSPECIFIED.);
#855=B_SPLINE_CURVE_WITH_KNOTS('',3,(#13627,#13628,#13629,#13630),
 .UNSPECIFIED.,.F.,.F.,(4,4),(4.26078257290239E-7,1.),.UNSPECIFIED.);
#856=B_SPLINE_CURVE_WITH_KNOTS('',3,(#13632,#13633,#13634,#13635),
 .UNSPECIFIED.,.F.,.F.,(4,4),(-9.48762634211606E-13,0.000251830798321867),
 .UNSPECIFIED.);
#857=B_SPLINE_CURVE_WITH_KNOTS('',3,(#13637,#13638,#13639,#13640),
 .UNSPECIFIED.,.F.,.F.,(4,4),(6.78378455427859E-12,0.000260514517113973),
 .UNSPECIFIED.);
#858=B_SPLINE_CURVE_WITH_KNOTS('',3,(#13642,#13643,#13644,#13645),
 .UNSPECIFIED.,.F.,.F.,(4,4),(0.,1.),.UNSPECIFIED.);
#859=B_SPLINE_CURVE_WITH_KNOTS('',3,(#13647,#13648,#13649,#13650),
 .UNSPECIFIED.,.F.,.F.,(4,4),(0.,0.000261646214845272),.UNSPECIFIED.);
#860=B_SPLINE_CURVE_WITH_KNOTS('',3,(#13652,#13653,#13654,#13655),
 .UNSPECIFIED.,.F.,.F.,(4,4),(1.11889664200504E-16,0.000382624642945012),
 .UNSPECIFIED.);
#861=B_SPLINE_CURVE_WITH_KNOTS('',3,(#13657,#13658,#13659,#13660),
 .UNSPECIFIED.,.F.,.F.,(4,4),(3.36827419116126E-7,1.),.UNSPECIFIED.);
#862=B_SPLINE_CURVE_WITH_KNOTS('',3,(#13662,#13663,#13664,#13665),
 .UNSPECIFIED.,.F.,.F.,(4,4),(2.86084850354453E-14,0.00038272073259886),
 .UNSPECIFIED.);
#863=B_SPLINE_CURVE_WITH_KNOTS('',3,(#13675,#13676,#13677,#13678),
 .UNSPECIFIED.,.F.,.F.,(4,4),(0.,1.),.UNSPECIFIED.);
#864=B_SPLINE_CURVE_WITH_KNOTS('',3,(#13693,#13694,#13695,#13696),
 .UNSPECIFIED.,.F.,.F.,(4,4),(0.,1.),.UNSPECIFIED.);
#865=B_SPLINE_CURVE_WITH_KNOTS('',3,(#13698,#13699,#13700,#13701),
 .UNSPECIFIED.,.F.,.F.,(4,4),(0.,1.),.UNSPECIFIED.);
#866=B_SPLINE_CURVE_WITH_KNOTS('',3,(#13703,#13704,#13705,#13706),
 .UNSPECIFIED.,.F.,.F.,(4,4),(0.,1.),.UNSPECIFIED.);
#867=B_SPLINE_CURVE_WITH_KNOTS('',3,(#13715,#13716,#13717,#13718),
 .UNSPECIFIED.,.F.,.F.,(4,4),(0.,1.),.UNSPECIFIED.);
#868=B_SPLINE_CURVE_WITH_KNOTS('',3,(#13720,#13721,#13722,#13723),
 .UNSPECIFIED.,.F.,.F.,(4,4),(0.,1.),.UNSPECIFIED.);
#869=B_SPLINE_CURVE_WITH_KNOTS('',3,(#13725,#13726,#13727,#13728),
 .UNSPECIFIED.,.F.,.F.,(4,4),(0.,1.),.UNSPECIFIED.);
#870=B_SPLINE_CURVE_WITH_KNOTS('',3,(#13737,#13738,#13739,#13740),
 .UNSPECIFIED.,.F.,.F.,(4,4),(0.,1.),.UNSPECIFIED.);
#871=B_SPLINE_CURVE_WITH_KNOTS('',3,(#13742,#13743,#13744,#13745),
 .UNSPECIFIED.,.F.,.F.,(4,4),(0.,1.),.UNSPECIFIED.);
#872=B_SPLINE_CURVE_WITH_KNOTS('',3,(#13747,#13748,#13749,#13750),
 .UNSPECIFIED.,.F.,.F.,(4,4),(0.,1.),.UNSPECIFIED.);
#873=B_SPLINE_CURVE_WITH_KNOTS('',3,(#13763,#13764,#13765,#13766),
 .UNSPECIFIED.,.F.,.F.,(4,4),(0.,1.),.UNSPECIFIED.);
#874=B_SPLINE_CURVE_WITH_KNOTS('',3,(#13768,#13769,#13770,#13771),
 .UNSPECIFIED.,.F.,.F.,(4,4),(0.,1.),.UNSPECIFIED.);
#875=B_SPLINE_CURVE_WITH_KNOTS('',3,(#13773,#13774,#13775,#13776),
 .UNSPECIFIED.,.F.,.F.,(4,4),(0.,1.),.UNSPECIFIED.);
#876=B_SPLINE_CURVE_WITH_KNOTS('',3,(#13778,#13779,#13780,#13781),
 .UNSPECIFIED.,.F.,.F.,(4,4),(-9.71578503414228E-14,0.000213144662889016),
 .UNSPECIFIED.);
#877=B_SPLINE_CURVE_WITH_KNOTS('',3,(#13782,#13783,#13784,#13785),
 .UNSPECIFIED.,.F.,.F.,(4,4),(2.04505112698371E-10,0.000213416812922288),
 .UNSPECIFIED.);
#878=B_SPLINE_CURVE_WITH_KNOTS('',3,(#13787,#13788,#13789,#13790),
 .UNSPECIFIED.,.F.,.F.,(4,4),(1.96750834701227E-14,0.000366858210359672),
 .UNSPECIFIED.);
#879=B_SPLINE_CURVE_WITH_KNOTS('',3,(#13800,#13801,#13802,#13803),
 .UNSPECIFIED.,.F.,.F.,(4,4),(0.,1.),.UNSPECIFIED.);
#880=B_SPLINE_CURVE_WITH_KNOTS('',3,(#13814,#13815,#13816,#13817),
 .UNSPECIFIED.,.F.,.F.,(4,4),(0.,1.),.UNSPECIFIED.);
#881=B_SPLINE_CURVE_WITH_KNOTS('',3,(#13819,#13820,#13821,#13822),
 .UNSPECIFIED.,.F.,.F.,(4,4),(0.,1.),.UNSPECIFIED.);
#882=B_SPLINE_CURVE_WITH_KNOTS('',3,(#13824,#13825,#13826,#13827),
 .UNSPECIFIED.,.F.,.F.,(4,4),(0.,0.999999591547538),.UNSPECIFIED.);
#883=B_SPLINE_CURVE_WITH_KNOTS('',3,(#13829,#13830,#13831,#13832),
 .UNSPECIFIED.,.F.,.F.,(4,4),(-3.07390696013474E-13,0.000344437104095905),
 .UNSPECIFIED.);
#884=B_SPLINE_CURVE_WITH_KNOTS('',3,(#13834,#13835,#13836,#13837),
 .UNSPECIFIED.,.F.,.F.,(4,4),(0.,1.),.UNSPECIFIED.);
#885=B_SPLINE_CURVE_WITH_KNOTS('',3,(#13839,#13840,#13841,#13842),
 .UNSPECIFIED.,.F.,.F.,(4,4),(1.1979644131285E-16,0.000291572377149781),
 .UNSPECIFIED.);
#886=B_SPLINE_CURVE_WITH_KNOTS('',3,(#13844,#13845,#13846,#13847),
 .UNSPECIFIED.,.F.,.F.,(4,4),(0.,1.),.UNSPECIFIED.);
#887=B_SPLINE_CURVE_WITH_KNOTS('',3,(#13849,#13850,#13851,#13852),
 .UNSPECIFIED.,.F.,.F.,(4,4),(-2.03598954102296E-12,0.000431395572266757),
 .UNSPECIFIED.);
#888=B_SPLINE_CURVE_WITH_KNOTS('',3,(#13854,#13855,#13856,#13857),
 .UNSPECIFIED.,.F.,.F.,(4,4),(0.,1.),.UNSPECIFIED.);
#889=B_SPLINE_CURVE_WITH_KNOTS('',3,(#13859,#13860,#13861,#13862),
 .UNSPECIFIED.,.F.,.F.,(4,4),(-1.09803008699338E-13,0.000414978178840493),
 .UNSPECIFIED.);
#890=B_SPLINE_CURVE_WITH_KNOTS('',3,(#13864,#13865,#13866,#13867),
 .UNSPECIFIED.,.F.,.F.,(4,4),(0.,1.),.UNSPECIFIED.);
#891=B_SPLINE_CURVE_WITH_KNOTS('',3,(#13869,#13870,#13871,#13872),
 .UNSPECIFIED.,.F.,.F.,(4,4),(-2.40358731182222E-13,0.000395991777682053),
 .UNSPECIFIED.);
#892=B_SPLINE_CURVE_WITH_KNOTS('',3,(#13874,#13875,#13876,#13877),
 .UNSPECIFIED.,.F.,.F.,(4,4),(0.,1.),.UNSPECIFIED.);
#893=B_SPLINE_CURVE_WITH_KNOTS('',3,(#13879,#13880,#13881,#13882),
 .UNSPECIFIED.,.F.,.F.,(4,4),(0.,0.00047610158684221),.UNSPECIFIED.);
#894=B_SPLINE_CURVE_WITH_KNOTS('',3,(#13891,#13892,#13893,#13894),
 .UNSPECIFIED.,.F.,.F.,(4,4),(0.,1.),.UNSPECIFIED.);
#895=B_SPLINE_CURVE_WITH_KNOTS('',3,(#13896,#13897,#13898,#13899),
 .UNSPECIFIED.,.F.,.F.,(4,4),(0.,1.),.UNSPECIFIED.);
#896=B_SPLINE_CURVE_WITH_KNOTS('',3,(#13908,#13909,#13910,#13911),
 .UNSPECIFIED.,.F.,.F.,(4,4),(0.,1.),.UNSPECIFIED.);
#897=B_SPLINE_CURVE_WITH_KNOTS('',3,(#13913,#13914,#13915,#13916),
 .UNSPECIFIED.,.F.,.F.,(4,4),(0.,0.999999570470758),.UNSPECIFIED.);
#898=B_SPLINE_CURVE_WITH_KNOTS('',3,(#13918,#13919,#13920,#13921),
 .UNSPECIFIED.,.F.,.F.,(4,4),(0.,1.),.UNSPECIFIED.);
#899=B_SPLINE_CURVE_WITH_KNOTS('',3,(#13923,#13924,#13925,#13926),
 .UNSPECIFIED.,.F.,.F.,(4,4),(0.,1.),.UNSPECIFIED.);
#900=B_SPLINE_CURVE_WITH_KNOTS('',3,(#13935,#13936,#13937,#13938),
 .UNSPECIFIED.,.F.,.F.,(4,4),(0.,1.),.UNSPECIFIED.);
#901=B_SPLINE_CURVE_WITH_KNOTS('',3,(#13940,#13941,#13942,#13943),
 .UNSPECIFIED.,.F.,.F.,(4,4),(0.,1.),.UNSPECIFIED.);
#902=B_SPLINE_CURVE_WITH_KNOTS('',3,(#13956,#13957,#13958,#13959),
 .UNSPECIFIED.,.F.,.F.,(4,4),(0.,1.),.UNSPECIFIED.);
#903=B_SPLINE_CURVE_WITH_KNOTS('',3,(#13961,#13962,#13963,#13964),
 .UNSPECIFIED.,.F.,.F.,(4,4),(0.,1.),.UNSPECIFIED.);
#904=B_SPLINE_CURVE_WITH_KNOTS('',3,(#13977,#13978,#13979,#13980),
 .UNSPECIFIED.,.F.,.F.,(4,4),(0.,1.),.UNSPECIFIED.);
#905=B_SPLINE_CURVE_WITH_KNOTS('',3,(#13982,#13983,#13984,#13985),
 .UNSPECIFIED.,.F.,.F.,(4,4),(0.,1.),.UNSPECIFIED.);
#906=B_SPLINE_CURVE_WITH_KNOTS('',3,(#13994,#13995,#13996,#13997),
 .UNSPECIFIED.,.F.,.F.,(4,4),(0.,1.),.UNSPECIFIED.);
#907=B_SPLINE_CURVE_WITH_KNOTS('',3,(#13999,#14000,#14001,#14002),
 .UNSPECIFIED.,.F.,.F.,(4,4),(0.,1.),.UNSPECIFIED.);
#908=B_SPLINE_CURVE_WITH_KNOTS('',3,(#14011,#14012,#14013,#14014),
 .UNSPECIFIED.,.F.,.F.,(4,4),(0.,1.),.UNSPECIFIED.);
#909=B_SPLINE_CURVE_WITH_KNOTS('',3,(#14016,#14017,#14018,#14019),
 .UNSPECIFIED.,.F.,.F.,(4,4),(0.,1.),.UNSPECIFIED.);
#910=B_SPLINE_CURVE_WITH_KNOTS('',3,(#14021,#14022,#14023,#14024),
 .UNSPECIFIED.,.F.,.F.,(4,4),(0.,0.999999681753101),.UNSPECIFIED.);
#911=B_SPLINE_CURVE_WITH_KNOTS('',3,(#14026,#14027,#14028,#14029),
 .UNSPECIFIED.,.F.,.F.,(4,4),(-6.14915562045792E-14,0.000334228781041105),
 .UNSPECIFIED.);
#912=B_SPLINE_CURVE_WITH_KNOTS('',3,(#14031,#14032,#14033,#14034),
 .UNSPECIFIED.,.F.,.F.,(4,4),(0.,0.999999686286586),.UNSPECIFIED.);
#913=B_SPLINE_CURVE_WITH_KNOTS('',3,(#14036,#14037,#14038,#14039),
 .UNSPECIFIED.,.F.,.F.,(4,4),(-1.25460736634733E-12,0.000281661352518233),
 .UNSPECIFIED.);
#914=B_SPLINE_CURVE_WITH_KNOTS('',3,(#14041,#14042,#14043,#14044),
 .UNSPECIFIED.,.F.,.F.,(4,4),(4.01612700603319E-7,1.),.UNSPECIFIED.);
#915=B_SPLINE_CURVE_WITH_KNOTS('',3,(#14046,#14047,#14048,#14049),
 .UNSPECIFIED.,.F.,.F.,(4,4),(-2.24088326020166E-14,0.000391024258995017),
 .UNSPECIFIED.);
#916=B_SPLINE_CURVE_WITH_KNOTS('',3,(#14051,#14052,#14053,#14054),
 .UNSPECIFIED.,.F.,.F.,(4,4),(0.,1.),.UNSPECIFIED.);
#917=B_SPLINE_CURVE_WITH_KNOTS('',3,(#14056,#14057,#14058,#14059),
 .UNSPECIFIED.,.F.,.F.,(4,4),(0.,0.00122815240748644),.UNSPECIFIED.);
#918=B_SPLINE_CURVE_WITH_KNOTS('',3,(#14068,#14069,#14070,#14071),
 .UNSPECIFIED.,.F.,.F.,(4,4),(0.,1.),.UNSPECIFIED.);
#919=B_SPLINE_CURVE_WITH_KNOTS('',3,(#14073,#14074,#14075,#14076),
 .UNSPECIFIED.,.F.,.F.,(4,4),(0.,1.),.UNSPECIFIED.);
#920=B_SPLINE_CURVE_WITH_KNOTS('',3,(#14078,#14079,#14080,#14081),
 .UNSPECIFIED.,.F.,.F.,(4,4),(0.,1.),.UNSPECIFIED.);
#921=B_SPLINE_CURVE_WITH_KNOTS('',3,(#14083,#14084,#14085,#14086),
 .UNSPECIFIED.,.F.,.F.,(4,4),(5.43335639180933E-13,0.00115994756320888),
 .UNSPECIFIED.);
#922=B_SPLINE_CURVE_WITH_KNOTS('',3,(#14099,#14100,#14101,#14102),
 .UNSPECIFIED.,.F.,.F.,(4,4),(0.,1.),.UNSPECIFIED.);
#923=B_SPLINE_CURVE_WITH_KNOTS('',3,(#14104,#14105,#14106,#14107),
 .UNSPECIFIED.,.F.,.F.,(4,4),(0.,1.),.UNSPECIFIED.);
#924=B_SPLINE_CURVE_WITH_KNOTS('',3,(#14109,#14110,#14111,#14112),
 .UNSPECIFIED.,.F.,.F.,(4,4),(0.,1.),.UNSPECIFIED.);
#925=B_SPLINE_CURVE_WITH_KNOTS('',3,(#14114,#14115,#14116,#14117),
 .UNSPECIFIED.,.F.,.F.,(4,4),(2.76081611798998E-13,0.000568211680860527),
 .UNSPECIFIED.);
#926=B_SPLINE_CURVE_WITH_KNOTS('',3,(#14126,#14127,#14128,#14129),
 .UNSPECIFIED.,.F.,.F.,(4,4),(0.,1.),.UNSPECIFIED.);
#927=B_SPLINE_CURVE_WITH_KNOTS('',3,(#14131,#14132,#14133,#14134),
 .UNSPECIFIED.,.F.,.F.,(4,4),(0.,1.),.UNSPECIFIED.);
#928=B_SPLINE_CURVE_WITH_KNOTS('',3,(#14143,#14144,#14145,#14146),
 .UNSPECIFIED.,.F.,.F.,(4,4),(0.,1.),.UNSPECIFIED.);
#929=B_SPLINE_CURVE_WITH_KNOTS('',3,(#14148,#14149,#14150,#14151),
 .UNSPECIFIED.,.F.,.F.,(4,4),(0.,1.),.UNSPECIFIED.);
#930=B_SPLINE_CURVE_WITH_KNOTS('',3,(#14160,#14161,#14162,#14163),
 .UNSPECIFIED.,.F.,.F.,(4,4),(0.,1.),.UNSPECIFIED.);
#931=B_SPLINE_CURVE_WITH_KNOTS('',3,(#14165,#14166,#14167,#14168),
 .UNSPECIFIED.,.F.,.F.,(4,4),(0.,1.),.UNSPECIFIED.);
#932=B_SPLINE_CURVE_WITH_KNOTS('',3,(#14174,#14175,#14176,#14177),
 .UNSPECIFIED.,.F.,.F.,(4,4),(4.76116114732777E-7,0.999999683469606),
 .UNSPECIFIED.);
#933=B_SPLINE_CURVE_WITH_KNOTS('',3,(#14180,#14181,#14182,#14183),
 .UNSPECIFIED.,.F.,.F.,(4,4),(0.,0.000473194854073656),.UNSPECIFIED.);
#934=B_SPLINE_CURVE_WITH_KNOTS('',3,(#14185,#14186,#14187,#14188),
 .UNSPECIFIED.,.F.,.F.,(4,4),(3.00238271674775E-7,1.),.UNSPECIFIED.);
#935=B_SPLINE_CURVE_WITH_KNOTS('',3,(#14190,#14191,#14192,#14193),
 .UNSPECIFIED.,.F.,.F.,(4,4),(1.48652353332616E-10,0.000477305405761884),
 .UNSPECIFIED.);
#936=B_SPLINE_CURVE_WITH_KNOTS('',3,(#14195,#14196,#14197,#14198),
 .UNSPECIFIED.,.F.,.F.,(4,4),(7.75791922889773E-17,0.000641308900405479),
 .UNSPECIFIED.);
#937=B_SPLINE_CURVE_WITH_KNOTS('',3,(#14200,#14201,#14202,#14203),
 .UNSPECIFIED.,.F.,.F.,(4,4),(0.,1.),.UNSPECIFIED.);
#938=B_SPLINE_CURVE_WITH_KNOTS('',3,(#14205,#14206,#14207,#14208),
 .UNSPECIFIED.,.F.,.F.,(4,4),(6.91443708827141E-14,0.000652657704344077),
 .UNSPECIFIED.);
#939=B_SPLINE_CURVE_WITH_KNOTS('',3,(#14217,#14218,#14219,#14220),
 .UNSPECIFIED.,.F.,.F.,(4,4),(0.,1.),.UNSPECIFIED.);
#940=B_SPLINE_CURVE_WITH_KNOTS('',3,(#14222,#14223,#14224,#14225),
 .UNSPECIFIED.,.F.,.F.,(4,4),(0.,1.),.UNSPECIFIED.);
#941=B_SPLINE_CURVE_WITH_KNOTS('',3,(#14227,#14228,#14229,#14230),
 .UNSPECIFIED.,.F.,.F.,(4,4),(0.,1.),.UNSPECIFIED.);
#942=B_SPLINE_CURVE_WITH_KNOTS('',3,(#14232,#14233,#14234,#14235),
 .UNSPECIFIED.,.F.,.F.,(4,4),(2.56639577171686E-13,0.000784704528946127),
 .UNSPECIFIED.);
#943=B_SPLINE_CURVE_WITH_KNOTS('',3,(#14237,#14238,#14239,#14240),
 .UNSPECIFIED.,.F.,.F.,(4,4),(0.,1.),.UNSPECIFIED.);
#944=B_SPLINE_CURVE_WITH_KNOTS('',3,(#14242,#14243,#14244,#14245),
 .UNSPECIFIED.,.F.,.F.,(4,4),(7.93591812922012E-14,0.000800017371127879),
 .UNSPECIFIED.);
#945=B_SPLINE_CURVE_WITH_KNOTS('',3,(#14254,#14255,#14256,#14257),
 .UNSPECIFIED.,.F.,.F.,(4,4),(0.,1.),.UNSPECIFIED.);
#946=B_SPLINE_CURVE_WITH_KNOTS('',3,(#14259,#14260,#14261,#14262),
 .UNSPECIFIED.,.F.,.F.,(4,4),(0.,1.),.UNSPECIFIED.);
#947=B_SPLINE_CURVE_WITH_KNOTS('',3,(#14264,#14265,#14266,#14267),
 .UNSPECIFIED.,.F.,.F.,(4,4),(0.,1.),.UNSPECIFIED.);
#948=B_SPLINE_CURVE_WITH_KNOTS('',3,(#14269,#14270,#14271,#14272),
 .UNSPECIFIED.,.F.,.F.,(4,4),(0.,0.000493924650817869),.UNSPECIFIED.);
#949=B_SPLINE_CURVE_WITH_KNOTS('',3,(#14274,#14275,#14276,#14277),
 .UNSPECIFIED.,.F.,.F.,(4,4),(2.18505954958025E-7,1.),.UNSPECIFIED.);
#950=B_SPLINE_CURVE_WITH_KNOTS('',3,(#14279,#14280,#14281,#14282),
 .UNSPECIFIED.,.F.,.F.,(4,4),(2.50472024517904E-15,0.000495807845283821),
 .UNSPECIFIED.);
#951=B_SPLINE_CURVE_WITH_KNOTS('',3,(#14284,#14285,#14286,#14287),
 .UNSPECIFIED.,.F.,.F.,(4,4),(4.05051213799496E-13,0.000612093998620324),
 .UNSPECIFIED.);
#952=B_SPLINE_CURVE_WITH_KNOTS('',3,(#14289,#14290,#14291,#14292),
 .UNSPECIFIED.,.F.,.F.,(4,4),(0.,1.),.UNSPECIFIED.);
#953=B_SPLINE_CURVE_WITH_KNOTS('',3,(#14294,#14295,#14296,#14297),
 .UNSPECIFIED.,.F.,.F.,(4,4),(3.57068918186154E-12,0.000612680600102312),
 .UNSPECIFIED.);
#954=B_SPLINE_CURVE_WITH_KNOTS('',3,(#14310,#14311,#14312,#14313),
 .UNSPECIFIED.,.F.,.F.,(4,4),(0.,1.),.UNSPECIFIED.);
#955=B_SPLINE_CURVE_WITH_KNOTS('',3,(#14315,#14316,#14317,#14318),
 .UNSPECIFIED.,.F.,.F.,(4,4),(0.,1.),.UNSPECIFIED.);
#956=B_SPLINE_CURVE_WITH_KNOTS('',3,(#14320,#14321,#14322,#14323),
 .UNSPECIFIED.,.F.,.F.,(4,4),(0.,1.),.UNSPECIFIED.);
#957=B_SPLINE_CURVE_WITH_KNOTS('',3,(#14332,#14333,#14334,#14335),
 .UNSPECIFIED.,.F.,.F.,(4,4),(0.,1.),.UNSPECIFIED.);
#958=B_SPLINE_CURVE_WITH_KNOTS('',3,(#14337,#14338,#14339,#14340),
 .UNSPECIFIED.,.F.,.F.,(4,4),(0.,1.),.UNSPECIFIED.);
#959=B_SPLINE_CURVE_WITH_KNOTS('',3,(#14342,#14343,#14344,#14345),
 .UNSPECIFIED.,.F.,.F.,(4,4),(0.,1.),.UNSPECIFIED.);
#960=B_SPLINE_CURVE_WITH_KNOTS('',3,(#14354,#14355,#14356,#14357),
 .UNSPECIFIED.,.F.,.F.,(4,4),(0.,1.),.UNSPECIFIED.);
#961=B_SPLINE_CURVE_WITH_KNOTS('',3,(#14359,#14360,#14361,#14362),
 .UNSPECIFIED.,.F.,.F.,(4,4),(0.,1.),.UNSPECIFIED.);
#962=B_SPLINE_CURVE_WITH_KNOTS('',3,(#14364,#14365,#14366,#14367),
 .UNSPECIFIED.,.F.,.F.,(4,4),(0.,1.),.UNSPECIFIED.);
#963=B_SPLINE_CURVE_WITH_KNOTS('',3,(#14369,#14370,#14371,#14372),
 .UNSPECIFIED.,.F.,.F.,(4,4),(8.47258026831985E-12,0.00067330872214987),
 .UNSPECIFIED.);
#964=B_SPLINE_CURVE_WITH_KNOTS('',3,(#14374,#14375,#14376,#14377),
 .UNSPECIFIED.,.F.,.F.,(4,4),(1.48974109145493E-7,1.),.UNSPECIFIED.);
#965=B_SPLINE_CURVE_WITH_KNOTS('',3,(#14379,#14380,#14381,#14382),
 .UNSPECIFIED.,.F.,.F.,(4,4),(5.34566093295575E-12,0.000679033203351667),
 .UNSPECIFIED.);
#966=B_SPLINE_CURVE_WITH_KNOTS('',3,(#14384,#14385,#14386,#14387),
 .UNSPECIFIED.,.F.,.F.,(4,4),(0.,0.000495572472698675),.UNSPECIFIED.);
#967=B_SPLINE_CURVE_WITH_KNOTS('',3,(#14388,#14389,#14390,#14391),
 .UNSPECIFIED.,.F.,.F.,(4,4),(0.,0.000496096832176476),.UNSPECIFIED.);
#968=B_SPLINE_CURVE_WITH_KNOTS('',3,(#14397,#14398,#14399,#14400),
 .UNSPECIFIED.,.F.,.F.,(4,4),(3.29791604781973E-7,1.),.UNSPECIFIED.);
#969=B_SPLINE_CURVE_WITH_KNOTS('',3,(#14402,#14403,#14404,#14405),
 .UNSPECIFIED.,.F.,.F.,(4,4),(0.,1.),.UNSPECIFIED.);
#970=B_SPLINE_CURVE_WITH_KNOTS('',3,(#14407,#14408,#14409,#14410),
 .UNSPECIFIED.,.F.,.F.,(4,4),(-1.37037717084327E-10,0.000238796508760425),
 .UNSPECIFIED.);
#971=B_SPLINE_CURVE_WITH_KNOTS('',3,(#14412,#14413,#14414,#14415),
 .UNSPECIFIED.,.F.,.F.,(4,4),(0.,1.),.UNSPECIFIED.);
#972=B_SPLINE_CURVE_WITH_KNOTS('',3,(#14417,#14418,#14419,#14420),
 .UNSPECIFIED.,.F.,.F.,(4,4),(-2.37104173100855E-14,0.00042975538031103),
 .UNSPECIFIED.);
#973=B_SPLINE_CURVE_WITH_KNOTS('',3,(#14422,#14423,#14424,#14425),
 .UNSPECIFIED.,.F.,.F.,(4,4),(0.,1.),.UNSPECIFIED.);
#974=B_SPLINE_CURVE_WITH_KNOTS('',3,(#14427,#14428,#14429,#14430),
 .UNSPECIFIED.,.F.,.F.,(4,4),(0.,1.),.UNSPECIFIED.);
#975=B_SPLINE_CURVE_WITH_KNOTS('',3,(#14434,#14435,#14436,#14437),
 .UNSPECIFIED.,.F.,.F.,(4,4),(0.,0.999999727346802),.UNSPECIFIED.);
#976=B_SPLINE_CURVE_WITH_KNOTS('',3,(#14439,#14440,#14441,#14442),
 .UNSPECIFIED.,.F.,.F.,(4,4),(1.31373086241585E-7,1.),.UNSPECIFIED.);
#977=B_SPLINE_CURVE_WITH_KNOTS('',3,(#14454,#14455,#14456,#14457),
 .UNSPECIFIED.,.F.,.F.,(4,4),(0.,1.),.UNSPECIFIED.);
#978=B_SPLINE_CURVE_WITH_KNOTS('',3,(#14472,#14473,#14474,#14475),
 .UNSPECIFIED.,.F.,.F.,(4,4),(0.,1.),.UNSPECIFIED.);
#979=B_SPLINE_CURVE_WITH_KNOTS('',3,(#14477,#14478,#14479,#14480),
 .UNSPECIFIED.,.F.,.F.,(4,4),(0.,1.),.UNSPECIFIED.);
#980=B_SPLINE_CURVE_WITH_KNOTS('',3,(#14489,#14490,#14491,#14492),
 .UNSPECIFIED.,.F.,.F.,(4,4),(0.,1.),.UNSPECIFIED.);
#981=B_SPLINE_CURVE_WITH_KNOTS('',3,(#14494,#14495,#14496,#14497),
 .UNSPECIFIED.,.F.,.F.,(4,4),(0.,1.),.UNSPECIFIED.);
#982=B_SPLINE_CURVE_WITH_KNOTS('',3,(#14499,#14500,#14501,#14502),
 .UNSPECIFIED.,.F.,.F.,(4,4),(0.,1.),.UNSPECIFIED.);
#983=B_SPLINE_CURVE_WITH_KNOTS('',3,(#14506,#14507,#14508,#14509),
 .UNSPECIFIED.,.F.,.F.,(4,4),(0.,1.),.UNSPECIFIED.);
#984=B_SPLINE_CURVE_WITH_KNOTS('',3,(#14511,#14512,#14513,#14514),
 .UNSPECIFIED.,.F.,.F.,(4,4),(-2.07600944898342E-13,0.000315938132662366),
 .UNSPECIFIED.);
#985=B_SPLINE_CURVE_WITH_KNOTS('',3,(#14516,#14517,#14518,#14519),
 .UNSPECIFIED.,.F.,.F.,(4,4),(0.,0.000219214572699009),.UNSPECIFIED.);
#986=B_SPLINE_CURVE_WITH_KNOTS('',3,(#14522,#14523,#14524,#14525),
 .UNSPECIFIED.,.F.,.F.,(4,4),(3.33119303813416E-7,1.),.UNSPECIFIED.);
#987=B_SPLINE_CURVE_WITH_KNOTS('',3,(#14527,#14528,#14529,#14530),
 .UNSPECIFIED.,.F.,.F.,(4,4),(0.,1.),.UNSPECIFIED.);
#988=B_SPLINE_CURVE_WITH_KNOTS('',3,(#14532,#14533,#14534,#14535),
 .UNSPECIFIED.,.F.,.F.,(4,4),(-1.49764196405661E-10,0.000260710511922428),
 .UNSPECIFIED.);
#989=B_SPLINE_CURVE_WITH_KNOTS('',3,(#14537,#14538,#14539,#14540),
 .UNSPECIFIED.,.F.,.F.,(4,4),(0.,1.),.UNSPECIFIED.);
#990=B_SPLINE_CURVE_WITH_KNOTS('',3,(#14542,#14543,#14544,#14545),
 .UNSPECIFIED.,.F.,.F.,(4,4),(-2.57406942982819E-14,0.000469193399540618),
 .UNSPECIFIED.);
#991=B_SPLINE_CURVE_WITH_KNOTS('',3,(#14547,#14548,#14549,#14550),
 .UNSPECIFIED.,.F.,.F.,(4,4),(0.,1.),.UNSPECIFIED.);
#992=B_SPLINE_CURVE_WITH_KNOTS('',3,(#14552,#14553,#14554,#14555),
 .UNSPECIFIED.,.F.,.F.,(4,4),(0.,1.),.UNSPECIFIED.);
#993=B_SPLINE_CURVE_WITH_KNOTS('',3,(#14559,#14560,#14561,#14562),
 .UNSPECIFIED.,.F.,.F.,(4,4),(0.,0.999999750264644),.UNSPECIFIED.);
#994=B_SPLINE_CURVE_WITH_KNOTS('',3,(#14564,#14565,#14566,#14567),
 .UNSPECIFIED.,.F.,.F.,(4,4),(1.33469168491687E-7,1.),.UNSPECIFIED.);
#995=B_SPLINE_CURVE_WITH_KNOTS('',3,(#14579,#14580,#14581,#14582),
 .UNSPECIFIED.,.F.,.F.,(4,4),(0.,1.),.UNSPECIFIED.);
#996=B_SPLINE_CURVE_WITH_KNOTS('',3,(#14597,#14598,#14599,#14600),
 .UNSPECIFIED.,.F.,.F.,(4,4),(0.,1.),.UNSPECIFIED.);
#997=B_SPLINE_CURVE_WITH_KNOTS('',3,(#14602,#14603,#14604,#14605),
 .UNSPECIFIED.,.F.,.F.,(4,4),(0.,1.),.UNSPECIFIED.);
#998=B_SPLINE_CURVE_WITH_KNOTS('',3,(#14614,#14615,#14616,#14617),
 .UNSPECIFIED.,.F.,.F.,(4,4),(0.,1.),.UNSPECIFIED.);
#999=B_SPLINE_CURVE_WITH_KNOTS('',3,(#14619,#14620,#14621,#14622),
 .UNSPECIFIED.,.F.,.F.,(4,4),(0.,1.),.UNSPECIFIED.);
#1000=B_SPLINE_CURVE_WITH_KNOTS('',3,(#14624,#14625,#14626,#14627),
 .UNSPECIFIED.,.F.,.F.,(4,4),(0.,1.),.UNSPECIFIED.);
#1001=B_SPLINE_CURVE_WITH_KNOTS('',3,(#14631,#14632,#14633,#14634),
 .UNSPECIFIED.,.F.,.F.,(4,4),(0.,1.),.UNSPECIFIED.);
#1002=B_SPLINE_CURVE_WITH_KNOTS('',3,(#14636,#14637,#14638,#14639),
 .UNSPECIFIED.,.F.,.F.,(4,4),(-2.37211780166474E-13,0.000344931248556412),
 .UNSPECIFIED.);
#1003=B_SPLINE_CURVE_WITH_KNOTS('',3,(#14641,#14642,#14643,#14644),
 .UNSPECIFIED.,.F.,.F.,(4,4),(0.,0.000239331571827426),.UNSPECIFIED.);
#1004=LINE('',#9690,#1138);
#1005=LINE('',#9745,#1139);
#1006=LINE('',#9749,#1140);
#1007=LINE('',#9851,#1141);
#1008=LINE('',#9993,#1142);
#1009=LINE('',#10002,#1143);
#1010=LINE('',#10006,#1144);
#1011=LINE('',#10010,#1145);
#1012=LINE('',#10034,#1146);
#1013=LINE('',#10038,#1147);
#1014=LINE('',#10042,#1148);
#1015=LINE('',#10066,#1149);
#1016=LINE('',#10070,#1150);
#1017=LINE('',#10074,#1151);
#1018=LINE('',#10204,#1152);
#1019=LINE('',#10209,#1153);
#1020=LINE('',#10224,#1154);
#1021=LINE('',#10228,#1155);
#1022=LINE('',#10325,#1156);
#1023=LINE('',#10330,#1157);
#1024=LINE('',#10339,#1158);
#1025=LINE('',#10343,#1159);
#1026=LINE('',#10347,#1160);
#1027=LINE('',#10483,#1161);
#1028=LINE('',#10487,#1162);
#1029=LINE('',#10491,#1163);
#1030=LINE('',#10515,#1164);
#1031=LINE('',#10519,#1165);
#1032=LINE('',#10523,#1166);
#1033=LINE('',#10550,#1167);
#1034=LINE('',#10558,#1168);
#1035=LINE('',#10694,#1169);
#1036=LINE('',#10753,#1170);
#1037=LINE('',#10757,#1171);
#1038=LINE('',#10759,#1172);
#1039=LINE('',#10761,#1173);
#1040=LINE('',#10763,#1174);
#1041=LINE('',#10767,#1175);
#1042=LINE('',#10770,#1176);
#1043=LINE('',#10774,#1177);
#1044=LINE('',#10781,#1178);
#1045=LINE('',#10941,#1179);
#1046=LINE('',#11091,#1180);
#1047=LINE('',#11093,#1181);
#1048=LINE('',#11095,#1182);
#1049=LINE('',#11099,#1183);
#1050=LINE('',#11102,#1184);
#1051=LINE('',#11106,#1185);
#1052=LINE('',#11113,#1186);
#1053=LINE('',#11162,#1187);
#1054=LINE('',#11166,#1188);
#1055=LINE('',#11168,#1189);
#1056=LINE('',#11170,#1190);
#1057=LINE('',#11174,#1191);
#1058=LINE('',#11177,#1192);
#1059=LINE('',#11181,#1193);
#1060=LINE('',#11188,#1194);
#1061=LINE('',#11237,#1195);
#1062=LINE('',#11241,#1196);
#1063=LINE('',#11243,#1197);
#1064=LINE('',#11245,#1198);
#1065=LINE('',#11249,#1199);
#1066=LINE('',#11252,#1200);
#1067=LINE('',#11261,#1201);
#1068=LINE('',#11272,#1202);
#1069=LINE('',#11276,#1203);
#1070=LINE('',#11280,#1204);
#1071=LINE('',#11332,#1205);
#1072=LINE('',#11334,#1206);
#1073=LINE('',#11336,#1207);
#1074=LINE('',#11340,#1208);
#1075=LINE('',#11342,#1209);
#1076=LINE('',#11845,#1210);
#1077=LINE('',#11847,#1211);
#1078=LINE('',#11849,#1212);
#1079=LINE('',#11972,#1213);
#1080=LINE('',#11976,#1214);
#1081=LINE('',#12348,#1215);
#1082=LINE('',#12571,#1216);
#1083=LINE('',#12575,#1217);
#1084=LINE('',#12579,#1218);
#1085=LINE('',#12581,#1219);
#1086=LINE('',#12583,#1220);
#1087=LINE('',#12585,#1221);
#1088=LINE('',#12589,#1222);
#1089=LINE('',#12592,#1223);
#1090=LINE('',#12596,#1224);
#1091=LINE('',#12603,#1225);
#1092=LINE('',#12763,#1226);
#1093=LINE('',#12913,#1227);
#1094=LINE('',#12915,#1228);
#1095=LINE('',#12917,#1229);
#1096=LINE('',#12921,#1230);
#1097=LINE('',#12924,#1231);
#1098=LINE('',#12928,#1232);
#1099=LINE('',#12935,#1233);
#1100=LINE('',#12984,#1234);
#1101=LINE('',#12988,#1235);
#1102=LINE('',#12990,#1236);
#1103=LINE('',#12992,#1237);
#1104=LINE('',#12996,#1238);
#1105=LINE('',#12999,#1239);
#1106=LINE('',#13003,#1240);
#1107=LINE('',#13010,#1241);
#1108=LINE('',#13059,#1242);
#1109=LINE('',#13063,#1243);
#1110=LINE('',#13065,#1244);
#1111=LINE('',#13067,#1245);
#1112=LINE('',#13071,#1246);
#1113=LINE('',#13074,#1247);
#1114=LINE('',#13083,#1248);
#1115=LINE('',#13094,#1249);
#1116=LINE('',#13098,#1250);
#1117=LINE('',#13102,#1251);
#1118=LINE('',#13154,#1252);
#1119=LINE('',#13156,#1253);
#1120=LINE('',#13158,#1254);
#1121=LINE('',#13162,#1255);
#1122=LINE('',#13164,#1256);
#1123=LINE('',#13667,#1257);
#1124=LINE('',#13669,#1258);
#1125=LINE('',#13671,#1259);
#1126=LINE('',#13794,#1260);
#1127=LINE('',#13798,#1261);
#1128=LINE('',#14170,#1262);
#1129=LINE('',#14393,#1263);
#1130=LINE('',#14432,#1264);
#1131=LINE('',#14446,#1265);
#1132=LINE('',#14450,#1266);
#1133=LINE('',#14452,#1267);
#1134=LINE('',#14557,#1268);
#1135=LINE('',#14571,#1269);
#1136=LINE('',#14575,#1270);
#1137=LINE('',#14577,#1271);
#1138=VECTOR('',#8849,1.);
#1139=VECTOR('',#8858,1.);
#1140=VECTOR('',#8861,1.);
#1141=VECTOR('',#8866,1.);
#1142=VECTOR('',#8877,1.);
#1143=VECTOR('',#8880,1.);
#1144=VECTOR('',#8883,1.);
#1145=VECTOR('',#8886,1.);
#1146=VECTOR('',#8889,1.);
#1147=VECTOR('',#8892,1.);
#1148=VECTOR('',#8895,1.);
#1149=VECTOR('',#8898,1.);
#1150=VECTOR('',#8901,1.);
#1151=VECTOR('',#8904,1.);
#1152=VECTOR('',#8909,1.);
#1153=VECTOR('',#8912,1.);
#1154=VECTOR('',#8921,1.);
#1155=VECTOR('',#8924,1.);
#1156=VECTOR('',#8925,1.);
#1157=VECTOR('',#8928,1.);
#1158=VECTOR('',#8931,1.);
#1159=VECTOR('',#8934,1.);
#1160=VECTOR('',#8937,1.);
#1161=VECTOR('',#8942,1.);
#1162=VECTOR('',#8945,1.);
#1163=VECTOR('',#8948,1.);
#1164=VECTOR('',#8951,1.);
#1165=VECTOR('',#8954,1.);
#1166=VECTOR('',#8957,1.);
#1167=VECTOR('',#8968,1.);
#1168=VECTOR('',#8975,1.);
#1169=VECTOR('',#8980,1.);
#1170=VECTOR('',#9005,1.);
#1171=VECTOR('',#9008,1.);
#1172=VECTOR('',#9011,1.);
#1173=VECTOR('',#9012,1.);
#1174=VECTOR('',#9015,1.);
#1175=VECTOR('',#9020,1.);
#1176=VECTOR('',#9025,1.);
#1177=VECTOR('',#9028,1.);
#1178=VECTOR('',#9031,1.);
#1179=VECTOR('',#9056,1.);
#1180=VECTOR('',#9081,1.);
#1181=VECTOR('',#9082,1.);
#1182=VECTOR('',#9085,1.);
#1183=VECTOR('',#9090,1.);
#1184=VECTOR('',#9095,1.);
#1185=VECTOR('',#9098,1.);
#1186=VECTOR('',#9101,1.);
#1187=VECTOR('',#9110,1.);
#1188=VECTOR('',#9115,1.);
#1189=VECTOR('',#9116,1.);
#1190=VECTOR('',#9119,1.);
#1191=VECTOR('',#9124,1.);
#1192=VECTOR('',#9129,1.);
#1193=VECTOR('',#9132,1.);
#1194=VECTOR('',#9135,1.);
#1195=VECTOR('',#9144,1.);
#1196=VECTOR('',#9149,1.);
#1197=VECTOR('',#9150,1.);
#1198=VECTOR('',#9153,1.);
#1199=VECTOR('',#9158,1.);
#1200=VECTOR('',#9163,1.);
#1201=VECTOR('',#9168,1.);
#1202=VECTOR('',#9177,1.);
#1203=VECTOR('',#9182,1.);
#1204=VECTOR('',#9187,1.);
#1205=VECTOR('',#9194,1.);
#1206=VECTOR('',#9195,1.);
#1207=VECTOR('',#9198,1.);
#1208=VECTOR('',#9203,1.);
#1209=VECTOR('',#9204,1.);
#1210=VECTOR('',#9229,1.);
#1211=VECTOR('',#9230,1.);
#1212=VECTOR('',#9231,1.);
#1213=VECTOR('',#9248,1.);
#1214=VECTOR('',#9251,1.);
#1215=VECTOR('',#9284,1.);
#1216=VECTOR('',#9303,1.);
#1217=VECTOR('',#9310,1.);
#1218=VECTOR('',#9313,1.);
#1219=VECTOR('',#9316,1.);
#1220=VECTOR('',#9317,1.);
#1221=VECTOR('',#9320,1.);
#1222=VECTOR('',#9325,1.);
#1223=VECTOR('',#9330,1.);
#1224=VECTOR('',#9333,1.);
#1225=VECTOR('',#9336,1.);
#1226=VECTOR('',#9361,1.);
#1227=VECTOR('',#9386,1.);
#1228=VECTOR('',#9387,1.);
#1229=VECTOR('',#9390,1.);
#1230=VECTOR('',#9395,1.);
#1231=VECTOR('',#9400,1.);
#1232=VECTOR('',#9403,1.);
#1233=VECTOR('',#9406,1.);
#1234=VECTOR('',#9415,1.);
#1235=VECTOR('',#9420,1.);
#1236=VECTOR('',#9421,1.);
#1237=VECTOR('',#9424,1.);
#1238=VECTOR('',#9429,1.);
#1239=VECTOR('',#9434,1.);
#1240=VECTOR('',#9437,1.);
#1241=VECTOR('',#9440,1.);
#1242=VECTOR('',#9449,1.);
#1243=VECTOR('',#9454,1.);
#1244=VECTOR('',#9455,1.);
#1245=VECTOR('',#9458,1.);
#1246=VECTOR('',#9463,1.);
#1247=VECTOR('',#9468,1.);
#1248=VECTOR('',#9473,1.);
#1249=VECTOR('',#9482,1.);
#1250=VECTOR('',#9487,1.);
#1251=VECTOR('',#9492,1.);
#1252=VECTOR('',#9499,1.);
#1253=VECTOR('',#9500,1.);
#1254=VECTOR('',#9503,1.);
#1255=VECTOR('',#9508,1.);
#1256=VECTOR('',#9509,1.);
#1257=VECTOR('',#9534,1.);
#1258=VECTOR('',#9535,1.);
#1259=VECTOR('',#9536,1.);
#1260=VECTOR('',#9553,1.);
#1261=VECTOR('',#9556,1.);
#1262=VECTOR('',#9589,1.);
#1263=VECTOR('',#9608,1.);
#1264=VECTOR('',#9621,1.);
#1265=VECTOR('',#9628,1.);
#1266=VECTOR('',#9633,1.);
#1267=VECTOR('',#9634,1.);
#1268=VECTOR('',#9657,1.);
#1269=VECTOR('',#9664,1.);
#1270=VECTOR('',#9669,1.);
#1271=VECTOR('',#9670,1.);
#1272=ORIENTED_EDGE('',*,*,#3198,.F.);
#1273=ORIENTED_EDGE('',*,*,#3199,.F.);
#1274=ORIENTED_EDGE('',*,*,#3200,.F.);
#1275=ORIENTED_EDGE('',*,*,#3201,.F.);
#1276=ORIENTED_EDGE('',*,*,#3202,.F.);
#1277=ORIENTED_EDGE('',*,*,#3203,.F.);
#1278=ORIENTED_EDGE('',*,*,#3204,.F.);
#1279=ORIENTED_EDGE('',*,*,#3205,.F.);
#1280=ORIENTED_EDGE('',*,*,#3206,.F.);
#1281=ORIENTED_EDGE('',*,*,#3207,.F.);
#1282=ORIENTED_EDGE('',*,*,#3208,.F.);
#1283=ORIENTED_EDGE('',*,*,#3209,.F.);
#1284=ORIENTED_EDGE('',*,*,#3210,.F.);
#1285=ORIENTED_EDGE('',*,*,#3211,.F.);
#1286=ORIENTED_EDGE('',*,*,#3212,.F.);
#1287=ORIENTED_EDGE('',*,*,#3213,.F.);
#1288=ORIENTED_EDGE('',*,*,#3214,.F.);
#1289=ORIENTED_EDGE('',*,*,#3215,.F.);
#1290=ORIENTED_EDGE('',*,*,#3216,.F.);
#1291=ORIENTED_EDGE('',*,*,#3217,.F.);
#1292=ORIENTED_EDGE('',*,*,#3218,.F.);
#1293=ORIENTED_EDGE('',*,*,#3219,.F.);
#1294=ORIENTED_EDGE('',*,*,#3220,.F.);
#1295=ORIENTED_EDGE('',*,*,#3221,.F.);
#1296=ORIENTED_EDGE('',*,*,#3222,.F.);
#1297=ORIENTED_EDGE('',*,*,#3223,.F.);
#1298=ORIENTED_EDGE('',*,*,#3224,.F.);
#1299=ORIENTED_EDGE('',*,*,#3225,.F.);
#1300=ORIENTED_EDGE('',*,*,#3226,.F.);
#1301=ORIENTED_EDGE('',*,*,#3227,.F.);
#1302=ORIENTED_EDGE('',*,*,#3228,.F.);
#1303=ORIENTED_EDGE('',*,*,#3229,.F.);
#1304=ORIENTED_EDGE('',*,*,#3230,.F.);
#1305=ORIENTED_EDGE('',*,*,#3231,.F.);
#1306=ORIENTED_EDGE('',*,*,#3232,.F.);
#1307=ORIENTED_EDGE('',*,*,#3233,.F.);
#1308=ORIENTED_EDGE('',*,*,#3234,.F.);
#1309=ORIENTED_EDGE('',*,*,#3235,.F.);
#1310=ORIENTED_EDGE('',*,*,#3236,.F.);
#1311=ORIENTED_EDGE('',*,*,#3237,.F.);
#1312=ORIENTED_EDGE('',*,*,#3238,.F.);
#1313=ORIENTED_EDGE('',*,*,#3239,.F.);
#1314=ORIENTED_EDGE('',*,*,#3240,.F.);
#1315=ORIENTED_EDGE('',*,*,#3241,.F.);
#1316=ORIENTED_EDGE('',*,*,#3242,.F.);
#1317=ORIENTED_EDGE('',*,*,#3243,.F.);
#1318=ORIENTED_EDGE('',*,*,#3244,.F.);
#1319=ORIENTED_EDGE('',*,*,#3245,.F.);
#1320=ORIENTED_EDGE('',*,*,#3246,.F.);
#1321=ORIENTED_EDGE('',*,*,#3247,.F.);
#1322=ORIENTED_EDGE('',*,*,#3248,.F.);
#1323=ORIENTED_EDGE('',*,*,#3249,.F.);
#1324=ORIENTED_EDGE('',*,*,#3250,.F.);
#1325=ORIENTED_EDGE('',*,*,#3251,.F.);
#1326=ORIENTED_EDGE('',*,*,#3252,.F.);
#1327=ORIENTED_EDGE('',*,*,#3253,.F.);
#1328=ORIENTED_EDGE('',*,*,#3254,.F.);
#1329=ORIENTED_EDGE('',*,*,#3255,.F.);
#1330=ORIENTED_EDGE('',*,*,#3256,.F.);
#1331=ORIENTED_EDGE('',*,*,#3257,.F.);
#1332=ORIENTED_EDGE('',*,*,#3258,.F.);
#1333=ORIENTED_EDGE('',*,*,#3259,.F.);
#1334=ORIENTED_EDGE('',*,*,#3260,.F.);
#1335=ORIENTED_EDGE('',*,*,#3261,.F.);
#1336=ORIENTED_EDGE('',*,*,#3262,.F.);
#1337=ORIENTED_EDGE('',*,*,#3263,.F.);
#1338=ORIENTED_EDGE('',*,*,#3264,.F.);
#1339=ORIENTED_EDGE('',*,*,#3265,.F.);
#1340=ORIENTED_EDGE('',*,*,#3266,.F.);
#1341=ORIENTED_EDGE('',*,*,#3267,.F.);
#1342=ORIENTED_EDGE('',*,*,#3268,.F.);
#1343=ORIENTED_EDGE('',*,*,#3269,.F.);
#1344=ORIENTED_EDGE('',*,*,#3270,.F.);
#1345=ORIENTED_EDGE('',*,*,#3271,.F.);
#1346=ORIENTED_EDGE('',*,*,#3272,.F.);
#1347=ORIENTED_EDGE('',*,*,#3273,.F.);
#1348=ORIENTED_EDGE('',*,*,#3274,.F.);
#1349=ORIENTED_EDGE('',*,*,#3275,.F.);
#1350=ORIENTED_EDGE('',*,*,#3276,.F.);
#1351=ORIENTED_EDGE('',*,*,#3277,.F.);
#1352=ORIENTED_EDGE('',*,*,#3278,.F.);
#1353=ORIENTED_EDGE('',*,*,#3279,.F.);
#1354=ORIENTED_EDGE('',*,*,#3280,.F.);
#1355=ORIENTED_EDGE('',*,*,#3281,.F.);
#1356=ORIENTED_EDGE('',*,*,#3282,.F.);
#1357=ORIENTED_EDGE('',*,*,#3283,.F.);
#1358=ORIENTED_EDGE('',*,*,#3284,.F.);
#1359=ORIENTED_EDGE('',*,*,#3285,.F.);
#1360=ORIENTED_EDGE('',*,*,#3286,.F.);
#1361=ORIENTED_EDGE('',*,*,#3287,.F.);
#1362=ORIENTED_EDGE('',*,*,#3288,.F.);
#1363=ORIENTED_EDGE('',*,*,#3289,.F.);
#1364=ORIENTED_EDGE('',*,*,#3290,.F.);
#1365=ORIENTED_EDGE('',*,*,#3291,.F.);
#1366=ORIENTED_EDGE('',*,*,#3292,.F.);
#1367=ORIENTED_EDGE('',*,*,#3293,.F.);
#1368=ORIENTED_EDGE('',*,*,#3294,.F.);
#1369=ORIENTED_EDGE('',*,*,#3295,.F.);
#1370=ORIENTED_EDGE('',*,*,#3296,.F.);
#1371=ORIENTED_EDGE('',*,*,#3297,.F.);
#1372=ORIENTED_EDGE('',*,*,#3298,.F.);
#1373=ORIENTED_EDGE('',*,*,#3299,.F.);
#1374=ORIENTED_EDGE('',*,*,#3300,.F.);
#1375=ORIENTED_EDGE('',*,*,#3301,.F.);
#1376=ORIENTED_EDGE('',*,*,#3302,.F.);
#1377=ORIENTED_EDGE('',*,*,#3303,.F.);
#1378=ORIENTED_EDGE('',*,*,#3304,.F.);
#1379=ORIENTED_EDGE('',*,*,#3305,.F.);
#1380=ORIENTED_EDGE('',*,*,#3306,.F.);
#1381=ORIENTED_EDGE('',*,*,#3307,.F.);
#1382=ORIENTED_EDGE('',*,*,#3308,.F.);
#1383=ORIENTED_EDGE('',*,*,#3309,.F.);
#1384=ORIENTED_EDGE('',*,*,#3310,.F.);
#1385=ORIENTED_EDGE('',*,*,#3311,.F.);
#1386=ORIENTED_EDGE('',*,*,#3312,.F.);
#1387=ORIENTED_EDGE('',*,*,#3313,.F.);
#1388=ORIENTED_EDGE('',*,*,#3314,.F.);
#1389=ORIENTED_EDGE('',*,*,#3315,.F.);
#1390=ORIENTED_EDGE('',*,*,#3316,.F.);
#1391=ORIENTED_EDGE('',*,*,#3317,.F.);
#1392=ORIENTED_EDGE('',*,*,#3318,.F.);
#1393=ORIENTED_EDGE('',*,*,#3319,.F.);
#1394=ORIENTED_EDGE('',*,*,#3320,.F.);
#1395=ORIENTED_EDGE('',*,*,#3321,.F.);
#1396=ORIENTED_EDGE('',*,*,#3322,.F.);
#1397=ORIENTED_EDGE('',*,*,#3323,.F.);
#1398=ORIENTED_EDGE('',*,*,#3324,.F.);
#1399=ORIENTED_EDGE('',*,*,#3325,.F.);
#1400=ORIENTED_EDGE('',*,*,#3326,.F.);
#1401=ORIENTED_EDGE('',*,*,#3327,.F.);
#1402=ORIENTED_EDGE('',*,*,#3328,.T.);
#1403=ORIENTED_EDGE('',*,*,#3329,.T.);
#1404=ORIENTED_EDGE('',*,*,#3330,.F.);
#1405=ORIENTED_EDGE('',*,*,#3331,.F.);
#1406=ORIENTED_EDGE('',*,*,#3332,.F.);
#1407=ORIENTED_EDGE('',*,*,#3333,.F.);
#1408=ORIENTED_EDGE('',*,*,#3334,.F.);
#1409=ORIENTED_EDGE('',*,*,#3335,.F.);
#1410=ORIENTED_EDGE('',*,*,#3336,.F.);
#1411=ORIENTED_EDGE('',*,*,#3337,.F.);
#1412=ORIENTED_EDGE('',*,*,#3338,.F.);
#1413=ORIENTED_EDGE('',*,*,#3339,.F.);
#1414=ORIENTED_EDGE('',*,*,#3340,.F.);
#1415=ORIENTED_EDGE('',*,*,#3341,.F.);
#1416=ORIENTED_EDGE('',*,*,#3342,.F.);
#1417=ORIENTED_EDGE('',*,*,#3343,.F.);
#1418=ORIENTED_EDGE('',*,*,#3344,.F.);
#1419=ORIENTED_EDGE('',*,*,#3345,.F.);
#1420=ORIENTED_EDGE('',*,*,#3346,.F.);
#1421=ORIENTED_EDGE('',*,*,#3347,.F.);
#1422=ORIENTED_EDGE('',*,*,#3348,.F.);
#1423=ORIENTED_EDGE('',*,*,#3349,.F.);
#1424=ORIENTED_EDGE('',*,*,#3350,.F.);
#1425=ORIENTED_EDGE('',*,*,#3351,.F.);
#1426=ORIENTED_EDGE('',*,*,#3352,.F.);
#1427=ORIENTED_EDGE('',*,*,#3353,.F.);
#1428=ORIENTED_EDGE('',*,*,#3354,.F.);
#1429=ORIENTED_EDGE('',*,*,#3355,.F.);
#1430=ORIENTED_EDGE('',*,*,#3356,.F.);
#1431=ORIENTED_EDGE('',*,*,#3357,.F.);
#1432=ORIENTED_EDGE('',*,*,#3358,.F.);
#1433=ORIENTED_EDGE('',*,*,#3359,.F.);
#1434=ORIENTED_EDGE('',*,*,#3360,.F.);
#1435=ORIENTED_EDGE('',*,*,#3361,.F.);
#1436=ORIENTED_EDGE('',*,*,#3362,.F.);
#1437=ORIENTED_EDGE('',*,*,#3363,.F.);
#1438=ORIENTED_EDGE('',*,*,#3364,.F.);
#1439=ORIENTED_EDGE('',*,*,#3365,.F.);
#1440=ORIENTED_EDGE('',*,*,#3366,.F.);
#1441=ORIENTED_EDGE('',*,*,#3367,.F.);
#1442=ORIENTED_EDGE('',*,*,#3368,.F.);
#1443=ORIENTED_EDGE('',*,*,#3369,.F.);
#1444=ORIENTED_EDGE('',*,*,#3370,.F.);
#1445=ORIENTED_EDGE('',*,*,#3371,.F.);
#1446=ORIENTED_EDGE('',*,*,#3372,.F.);
#1447=ORIENTED_EDGE('',*,*,#3373,.F.);
#1448=ORIENTED_EDGE('',*,*,#3374,.F.);
#1449=ORIENTED_EDGE('',*,*,#3375,.F.);
#1450=ORIENTED_EDGE('',*,*,#3376,.F.);
#1451=ORIENTED_EDGE('',*,*,#3377,.F.);
#1452=ORIENTED_EDGE('',*,*,#3378,.F.);
#1453=ORIENTED_EDGE('',*,*,#3379,.F.);
#1454=ORIENTED_EDGE('',*,*,#3380,.F.);
#1455=ORIENTED_EDGE('',*,*,#3381,.F.);
#1456=ORIENTED_EDGE('',*,*,#3382,.F.);
#1457=ORIENTED_EDGE('',*,*,#3383,.F.);
#1458=ORIENTED_EDGE('',*,*,#3384,.F.);
#1459=ORIENTED_EDGE('',*,*,#3385,.F.);
#1460=ORIENTED_EDGE('',*,*,#3386,.F.);
#1461=ORIENTED_EDGE('',*,*,#3387,.F.);
#1462=ORIENTED_EDGE('',*,*,#3388,.F.);
#1463=ORIENTED_EDGE('',*,*,#3389,.F.);
#1464=ORIENTED_EDGE('',*,*,#3390,.F.);
#1465=ORIENTED_EDGE('',*,*,#3391,.F.);
#1466=ORIENTED_EDGE('',*,*,#3392,.F.);
#1467=ORIENTED_EDGE('',*,*,#3393,.F.);
#1468=ORIENTED_EDGE('',*,*,#3394,.F.);
#1469=ORIENTED_EDGE('',*,*,#3395,.F.);
#1470=ORIENTED_EDGE('',*,*,#3396,.F.);
#1471=ORIENTED_EDGE('',*,*,#3397,.F.);
#1472=ORIENTED_EDGE('',*,*,#3398,.F.);
#1473=ORIENTED_EDGE('',*,*,#3399,.F.);
#1474=ORIENTED_EDGE('',*,*,#3400,.F.);
#1475=ORIENTED_EDGE('',*,*,#3401,.F.);
#1476=ORIENTED_EDGE('',*,*,#3402,.F.);
#1477=ORIENTED_EDGE('',*,*,#3403,.F.);
#1478=ORIENTED_EDGE('',*,*,#3404,.F.);
#1479=ORIENTED_EDGE('',*,*,#3405,.F.);
#1480=ORIENTED_EDGE('',*,*,#3406,.F.);
#1481=ORIENTED_EDGE('',*,*,#3407,.F.);
#1482=ORIENTED_EDGE('',*,*,#3408,.F.);
#1483=ORIENTED_EDGE('',*,*,#3409,.F.);
#1484=ORIENTED_EDGE('',*,*,#3410,.F.);
#1485=ORIENTED_EDGE('',*,*,#3411,.F.);
#1486=ORIENTED_EDGE('',*,*,#3412,.F.);
#1487=ORIENTED_EDGE('',*,*,#3413,.F.);
#1488=ORIENTED_EDGE('',*,*,#3414,.F.);
#1489=ORIENTED_EDGE('',*,*,#3415,.F.);
#1490=ORIENTED_EDGE('',*,*,#3416,.F.);
#1491=ORIENTED_EDGE('',*,*,#3417,.F.);
#1492=ORIENTED_EDGE('',*,*,#3418,.F.);
#1493=ORIENTED_EDGE('',*,*,#3419,.F.);
#1494=ORIENTED_EDGE('',*,*,#3420,.F.);
#1495=ORIENTED_EDGE('',*,*,#3421,.F.);
#1496=ORIENTED_EDGE('',*,*,#3422,.F.);
#1497=ORIENTED_EDGE('',*,*,#3423,.F.);
#1498=ORIENTED_EDGE('',*,*,#3424,.F.);
#1499=ORIENTED_EDGE('',*,*,#3425,.F.);
#1500=ORIENTED_EDGE('',*,*,#3426,.F.);
#1501=ORIENTED_EDGE('',*,*,#3427,.F.);
#1502=ORIENTED_EDGE('',*,*,#3428,.F.);
#1503=ORIENTED_EDGE('',*,*,#3429,.F.);
#1504=ORIENTED_EDGE('',*,*,#3430,.F.);
#1505=ORIENTED_EDGE('',*,*,#3431,.F.);
#1506=ORIENTED_EDGE('',*,*,#3432,.F.);
#1507=ORIENTED_EDGE('',*,*,#3433,.F.);
#1508=ORIENTED_EDGE('',*,*,#3434,.F.);
#1509=ORIENTED_EDGE('',*,*,#3435,.F.);
#1510=ORIENTED_EDGE('',*,*,#3436,.F.);
#1511=ORIENTED_EDGE('',*,*,#3437,.F.);
#1512=ORIENTED_EDGE('',*,*,#3438,.F.);
#1513=ORIENTED_EDGE('',*,*,#3439,.F.);
#1514=ORIENTED_EDGE('',*,*,#3440,.F.);
#1515=ORIENTED_EDGE('',*,*,#3441,.F.);
#1516=ORIENTED_EDGE('',*,*,#3442,.F.);
#1517=ORIENTED_EDGE('',*,*,#3443,.F.);
#1518=ORIENTED_EDGE('',*,*,#3444,.F.);
#1519=ORIENTED_EDGE('',*,*,#3445,.F.);
#1520=ORIENTED_EDGE('',*,*,#3446,.F.);
#1521=ORIENTED_EDGE('',*,*,#3447,.F.);
#1522=ORIENTED_EDGE('',*,*,#3448,.F.);
#1523=ORIENTED_EDGE('',*,*,#3449,.F.);
#1524=ORIENTED_EDGE('',*,*,#3450,.F.);
#1525=ORIENTED_EDGE('',*,*,#3451,.F.);
#1526=ORIENTED_EDGE('',*,*,#3452,.F.);
#1527=ORIENTED_EDGE('',*,*,#3453,.F.);
#1528=ORIENTED_EDGE('',*,*,#3454,.F.);
#1529=ORIENTED_EDGE('',*,*,#3455,.F.);
#1530=ORIENTED_EDGE('',*,*,#3456,.F.);
#1531=ORIENTED_EDGE('',*,*,#3457,.F.);
#1532=ORIENTED_EDGE('',*,*,#3458,.F.);
#1533=ORIENTED_EDGE('',*,*,#3459,.F.);
#1534=ORIENTED_EDGE('',*,*,#3460,.T.);
#1535=ORIENTED_EDGE('',*,*,#3461,.T.);
#1536=ORIENTED_EDGE('',*,*,#3462,.F.);
#1537=ORIENTED_EDGE('',*,*,#3462,.T.);
#1538=ORIENTED_EDGE('',*,*,#3460,.F.);
#1539=ORIENTED_EDGE('',*,*,#3328,.F.);
#1540=ORIENTED_EDGE('',*,*,#3329,.F.);
#1541=ORIENTED_EDGE('',*,*,#3461,.F.);
#1542=ORIENTED_EDGE('',*,*,#3463,.T.);
#1543=ORIENTED_EDGE('',*,*,#3464,.F.);
#1544=ORIENTED_EDGE('',*,*,#3465,.F.);
#1545=ORIENTED_EDGE('',*,*,#3325,.T.);
#1546=ORIENTED_EDGE('',*,*,#3466,.T.);
#1547=ORIENTED_EDGE('',*,*,#3467,.F.);
#1548=ORIENTED_EDGE('',*,*,#3463,.F.);
#1549=ORIENTED_EDGE('',*,*,#3324,.T.);
#1550=ORIENTED_EDGE('',*,*,#3468,.T.);
#1551=ORIENTED_EDGE('',*,*,#3469,.F.);
#1552=ORIENTED_EDGE('',*,*,#3466,.F.);
#1553=ORIENTED_EDGE('',*,*,#3327,.T.);
#1554=ORIENTED_EDGE('',*,*,#3326,.T.);
#1555=ORIENTED_EDGE('',*,*,#3465,.T.);
#1556=ORIENTED_EDGE('',*,*,#3470,.F.);
#1557=ORIENTED_EDGE('',*,*,#3468,.F.);
#1558=ORIENTED_EDGE('',*,*,#3470,.T.);
#1559=ORIENTED_EDGE('',*,*,#3464,.T.);
#1560=ORIENTED_EDGE('',*,*,#3467,.T.);
#1561=ORIENTED_EDGE('',*,*,#3469,.T.);
#1562=ORIENTED_EDGE('',*,*,#3471,.T.);
#1563=ORIENTED_EDGE('',*,*,#3472,.F.);
#1564=ORIENTED_EDGE('',*,*,#3473,.F.);
#1565=ORIENTED_EDGE('',*,*,#3293,.T.);
#1566=ORIENTED_EDGE('',*,*,#3471,.F.);
#1567=ORIENTED_EDGE('',*,*,#3292,.T.);
#1568=ORIENTED_EDGE('',*,*,#3474,.T.);
#1569=ORIENTED_EDGE('',*,*,#3475,.F.);
#1570=ORIENTED_EDGE('',*,*,#3474,.F.);
#1571=ORIENTED_EDGE('',*,*,#3291,.T.);
#1572=ORIENTED_EDGE('',*,*,#3476,.T.);
#1573=ORIENTED_EDGE('',*,*,#3477,.F.);
#1574=ORIENTED_EDGE('',*,*,#3476,.F.);
#1575=ORIENTED_EDGE('',*,*,#3323,.T.);
#1576=ORIENTED_EDGE('',*,*,#3478,.T.);
#1577=ORIENTED_EDGE('',*,*,#3479,.F.);
#1578=ORIENTED_EDGE('',*,*,#3478,.F.);
#1579=ORIENTED_EDGE('',*,*,#3322,.T.);
#1580=ORIENTED_EDGE('',*,*,#3480,.T.);
#1581=ORIENTED_EDGE('',*,*,#3481,.F.);
#1582=ORIENTED_EDGE('',*,*,#3480,.F.);
#1583=ORIENTED_EDGE('',*,*,#3321,.T.);
#1584=ORIENTED_EDGE('',*,*,#3482,.T.);
#1585=ORIENTED_EDGE('',*,*,#3483,.F.);
#1586=ORIENTED_EDGE('',*,*,#3482,.F.);
#1587=ORIENTED_EDGE('',*,*,#3320,.T.);
#1588=ORIENTED_EDGE('',*,*,#3484,.T.);
#1589=ORIENTED_EDGE('',*,*,#3485,.F.);
#1590=ORIENTED_EDGE('',*,*,#3484,.F.);
#1591=ORIENTED_EDGE('',*,*,#3319,.T.);
#1592=ORIENTED_EDGE('',*,*,#3486,.T.);
#1593=ORIENTED_EDGE('',*,*,#3487,.F.);
#1594=ORIENTED_EDGE('',*,*,#3486,.F.);
#1595=ORIENTED_EDGE('',*,*,#3318,.T.);
#1596=ORIENTED_EDGE('',*,*,#3488,.T.);
#1597=ORIENTED_EDGE('',*,*,#3489,.F.);
#1598=ORIENTED_EDGE('',*,*,#3488,.F.);
#1599=ORIENTED_EDGE('',*,*,#3317,.T.);
#1600=ORIENTED_EDGE('',*,*,#3490,.T.);
#1601=ORIENTED_EDGE('',*,*,#3491,.F.);
#1602=ORIENTED_EDGE('',*,*,#3490,.F.);
#1603=ORIENTED_EDGE('',*,*,#3316,.T.);
#1604=ORIENTED_EDGE('',*,*,#3492,.T.);
#1605=ORIENTED_EDGE('',*,*,#3493,.F.);
#1606=ORIENTED_EDGE('',*,*,#3492,.F.);
#1607=ORIENTED_EDGE('',*,*,#3315,.T.);
#1608=ORIENTED_EDGE('',*,*,#3494,.T.);
#1609=ORIENTED_EDGE('',*,*,#3495,.F.);
#1610=ORIENTED_EDGE('',*,*,#3494,.F.);
#1611=ORIENTED_EDGE('',*,*,#3314,.T.);
#1612=ORIENTED_EDGE('',*,*,#3496,.T.);
#1613=ORIENTED_EDGE('',*,*,#3497,.F.);
#1614=ORIENTED_EDGE('',*,*,#3496,.F.);
#1615=ORIENTED_EDGE('',*,*,#3313,.T.);
#1616=ORIENTED_EDGE('',*,*,#3498,.T.);
#1617=ORIENTED_EDGE('',*,*,#3499,.F.);
#1618=ORIENTED_EDGE('',*,*,#3498,.F.);
#1619=ORIENTED_EDGE('',*,*,#3312,.T.);
#1620=ORIENTED_EDGE('',*,*,#3500,.T.);
#1621=ORIENTED_EDGE('',*,*,#3501,.F.);
#1622=ORIENTED_EDGE('',*,*,#3502,.F.);
#1623=ORIENTED_EDGE('',*,*,#3503,.F.);
#1624=ORIENTED_EDGE('',*,*,#3500,.F.);
#1625=ORIENTED_EDGE('',*,*,#3311,.T.);
#1626=ORIENTED_EDGE('',*,*,#3310,.T.);
#1627=ORIENTED_EDGE('',*,*,#3504,.T.);
#1628=ORIENTED_EDGE('',*,*,#3504,.F.);
#1629=ORIENTED_EDGE('',*,*,#3309,.T.);
#1630=ORIENTED_EDGE('',*,*,#3505,.T.);
#1631=ORIENTED_EDGE('',*,*,#3506,.F.);
#1632=ORIENTED_EDGE('',*,*,#3505,.F.);
#1633=ORIENTED_EDGE('',*,*,#3308,.T.);
#1634=ORIENTED_EDGE('',*,*,#3507,.T.);
#1635=ORIENTED_EDGE('',*,*,#3508,.F.);
#1636=ORIENTED_EDGE('',*,*,#3507,.F.);
#1637=ORIENTED_EDGE('',*,*,#3307,.T.);
#1638=ORIENTED_EDGE('',*,*,#3509,.T.);
#1639=ORIENTED_EDGE('',*,*,#3510,.F.);
#1640=ORIENTED_EDGE('',*,*,#3509,.F.);
#1641=ORIENTED_EDGE('',*,*,#3306,.T.);
#1642=ORIENTED_EDGE('',*,*,#3511,.T.);
#1643=ORIENTED_EDGE('',*,*,#3512,.F.);
#1644=ORIENTED_EDGE('',*,*,#3511,.F.);
#1645=ORIENTED_EDGE('',*,*,#3305,.T.);
#1646=ORIENTED_EDGE('',*,*,#3513,.T.);
#1647=ORIENTED_EDGE('',*,*,#3514,.F.);
#1648=ORIENTED_EDGE('',*,*,#3513,.F.);
#1649=ORIENTED_EDGE('',*,*,#3304,.T.);
#1650=ORIENTED_EDGE('',*,*,#3515,.T.);
#1651=ORIENTED_EDGE('',*,*,#3516,.F.);
#1652=ORIENTED_EDGE('',*,*,#3515,.F.);
#1653=ORIENTED_EDGE('',*,*,#3303,.T.);
#1654=ORIENTED_EDGE('',*,*,#3517,.T.);
#1655=ORIENTED_EDGE('',*,*,#3518,.F.);
#1656=ORIENTED_EDGE('',*,*,#3517,.F.);
#1657=ORIENTED_EDGE('',*,*,#3302,.T.);
#1658=ORIENTED_EDGE('',*,*,#3519,.T.);
#1659=ORIENTED_EDGE('',*,*,#3520,.F.);
#1660=ORIENTED_EDGE('',*,*,#3519,.F.);
#1661=ORIENTED_EDGE('',*,*,#3301,.T.);
#1662=ORIENTED_EDGE('',*,*,#3521,.T.);
#1663=ORIENTED_EDGE('',*,*,#3522,.F.);
#1664=ORIENTED_EDGE('',*,*,#3521,.F.);
#1665=ORIENTED_EDGE('',*,*,#3300,.T.);
#1666=ORIENTED_EDGE('',*,*,#3523,.T.);
#1667=ORIENTED_EDGE('',*,*,#3524,.F.);
#1668=ORIENTED_EDGE('',*,*,#3523,.F.);
#1669=ORIENTED_EDGE('',*,*,#3299,.T.);
#1670=ORIENTED_EDGE('',*,*,#3525,.T.);
#1671=ORIENTED_EDGE('',*,*,#3526,.F.);
#1672=ORIENTED_EDGE('',*,*,#3525,.F.);
#1673=ORIENTED_EDGE('',*,*,#3298,.T.);
#1674=ORIENTED_EDGE('',*,*,#3527,.T.);
#1675=ORIENTED_EDGE('',*,*,#3528,.F.);
#1676=ORIENTED_EDGE('',*,*,#3527,.F.);
#1677=ORIENTED_EDGE('',*,*,#3297,.T.);
#1678=ORIENTED_EDGE('',*,*,#3529,.T.);
#1679=ORIENTED_EDGE('',*,*,#3530,.F.);
#1680=ORIENTED_EDGE('',*,*,#3529,.F.);
#1681=ORIENTED_EDGE('',*,*,#3296,.T.);
#1682=ORIENTED_EDGE('',*,*,#3531,.T.);
#1683=ORIENTED_EDGE('',*,*,#3532,.F.);
#1684=ORIENTED_EDGE('',*,*,#3533,.T.);
#1685=ORIENTED_EDGE('',*,*,#3534,.F.);
#1686=ORIENTED_EDGE('',*,*,#3531,.F.);
#1687=ORIENTED_EDGE('',*,*,#3295,.T.);
#1688=ORIENTED_EDGE('',*,*,#3294,.T.);
#1689=ORIENTED_EDGE('',*,*,#3473,.T.);
#1690=ORIENTED_EDGE('',*,*,#3535,.F.);
#1691=ORIENTED_EDGE('',*,*,#3533,.F.);
#1692=ORIENTED_EDGE('',*,*,#3535,.T.);
#1693=ORIENTED_EDGE('',*,*,#3472,.T.);
#1694=ORIENTED_EDGE('',*,*,#3475,.T.);
#1695=ORIENTED_EDGE('',*,*,#3477,.T.);
#1696=ORIENTED_EDGE('',*,*,#3479,.T.);
#1697=ORIENTED_EDGE('',*,*,#3481,.T.);
#1698=ORIENTED_EDGE('',*,*,#3483,.T.);
#1699=ORIENTED_EDGE('',*,*,#3485,.T.);
#1700=ORIENTED_EDGE('',*,*,#3487,.T.);
#1701=ORIENTED_EDGE('',*,*,#3489,.T.);
#1702=ORIENTED_EDGE('',*,*,#3491,.T.);
#1703=ORIENTED_EDGE('',*,*,#3493,.T.);
#1704=ORIENTED_EDGE('',*,*,#3495,.T.);
#1705=ORIENTED_EDGE('',*,*,#3497,.T.);
#1706=ORIENTED_EDGE('',*,*,#3499,.T.);
#1707=ORIENTED_EDGE('',*,*,#3501,.T.);
#1708=ORIENTED_EDGE('',*,*,#3503,.T.);
#1709=ORIENTED_EDGE('',*,*,#3502,.T.);
#1710=ORIENTED_EDGE('',*,*,#3506,.T.);
#1711=ORIENTED_EDGE('',*,*,#3508,.T.);
#1712=ORIENTED_EDGE('',*,*,#3510,.T.);
#1713=ORIENTED_EDGE('',*,*,#3512,.T.);
#1714=ORIENTED_EDGE('',*,*,#3514,.T.);
#1715=ORIENTED_EDGE('',*,*,#3516,.T.);
#1716=ORIENTED_EDGE('',*,*,#3518,.T.);
#1717=ORIENTED_EDGE('',*,*,#3520,.T.);
#1718=ORIENTED_EDGE('',*,*,#3522,.T.);
#1719=ORIENTED_EDGE('',*,*,#3524,.T.);
#1720=ORIENTED_EDGE('',*,*,#3526,.T.);
#1721=ORIENTED_EDGE('',*,*,#3528,.T.);
#1722=ORIENTED_EDGE('',*,*,#3530,.T.);
#1723=ORIENTED_EDGE('',*,*,#3532,.T.);
#1724=ORIENTED_EDGE('',*,*,#3534,.T.);
#1725=ORIENTED_EDGE('',*,*,#3536,.T.);
#1726=ORIENTED_EDGE('',*,*,#3537,.F.);
#1727=ORIENTED_EDGE('',*,*,#3538,.F.);
#1728=ORIENTED_EDGE('',*,*,#3283,.T.);
#1729=ORIENTED_EDGE('',*,*,#3536,.F.);
#1730=ORIENTED_EDGE('',*,*,#3282,.T.);
#1731=ORIENTED_EDGE('',*,*,#3539,.T.);
#1732=ORIENTED_EDGE('',*,*,#3540,.F.);
#1733=ORIENTED_EDGE('',*,*,#3539,.F.);
#1734=ORIENTED_EDGE('',*,*,#3281,.T.);
#1735=ORIENTED_EDGE('',*,*,#3541,.T.);
#1736=ORIENTED_EDGE('',*,*,#3542,.F.);
#1737=ORIENTED_EDGE('',*,*,#3541,.F.);
#1738=ORIENTED_EDGE('',*,*,#3290,.T.);
#1739=ORIENTED_EDGE('',*,*,#3543,.T.);
#1740=ORIENTED_EDGE('',*,*,#3544,.F.);
#1741=ORIENTED_EDGE('',*,*,#3543,.F.);
#1742=ORIENTED_EDGE('',*,*,#3289,.T.);
#1743=ORIENTED_EDGE('',*,*,#3545,.T.);
#1744=ORIENTED_EDGE('',*,*,#3546,.F.);
#1745=ORIENTED_EDGE('',*,*,#3545,.F.);
#1746=ORIENTED_EDGE('',*,*,#3288,.T.);
#1747=ORIENTED_EDGE('',*,*,#3547,.T.);
#1748=ORIENTED_EDGE('',*,*,#3548,.F.);
#1749=ORIENTED_EDGE('',*,*,#3547,.F.);
#1750=ORIENTED_EDGE('',*,*,#3287,.T.);
#1751=ORIENTED_EDGE('',*,*,#3549,.T.);
#1752=ORIENTED_EDGE('',*,*,#3550,.F.);
#1753=ORIENTED_EDGE('',*,*,#3551,.T.);
#1754=ORIENTED_EDGE('',*,*,#3552,.F.);
#1755=ORIENTED_EDGE('',*,*,#3549,.F.);
#1756=ORIENTED_EDGE('',*,*,#3286,.T.);
#1757=ORIENTED_EDGE('',*,*,#3553,.T.);
#1758=ORIENTED_EDGE('',*,*,#3554,.F.);
#1759=ORIENTED_EDGE('',*,*,#3551,.F.);
#1760=ORIENTED_EDGE('',*,*,#3285,.T.);
#1761=ORIENTED_EDGE('',*,*,#3284,.T.);
#1762=ORIENTED_EDGE('',*,*,#3538,.T.);
#1763=ORIENTED_EDGE('',*,*,#3555,.F.);
#1764=ORIENTED_EDGE('',*,*,#3553,.F.);
#1765=ORIENTED_EDGE('',*,*,#3555,.T.);
#1766=ORIENTED_EDGE('',*,*,#3537,.T.);
#1767=ORIENTED_EDGE('',*,*,#3540,.T.);
#1768=ORIENTED_EDGE('',*,*,#3542,.T.);
#1769=ORIENTED_EDGE('',*,*,#3544,.T.);
#1770=ORIENTED_EDGE('',*,*,#3546,.T.);
#1771=ORIENTED_EDGE('',*,*,#3548,.T.);
#1772=ORIENTED_EDGE('',*,*,#3550,.T.);
#1773=ORIENTED_EDGE('',*,*,#3552,.T.);
#1774=ORIENTED_EDGE('',*,*,#3554,.T.);
#1775=ORIENTED_EDGE('',*,*,#3556,.T.);
#1776=ORIENTED_EDGE('',*,*,#3557,.F.);
#1777=ORIENTED_EDGE('',*,*,#3558,.F.);
#1778=ORIENTED_EDGE('',*,*,#3273,.T.);
#1779=ORIENTED_EDGE('',*,*,#3556,.F.);
#1780=ORIENTED_EDGE('',*,*,#3272,.T.);
#1781=ORIENTED_EDGE('',*,*,#3559,.T.);
#1782=ORIENTED_EDGE('',*,*,#3560,.F.);
#1783=ORIENTED_EDGE('',*,*,#3559,.F.);
#1784=ORIENTED_EDGE('',*,*,#3271,.T.);
#1785=ORIENTED_EDGE('',*,*,#3561,.T.);
#1786=ORIENTED_EDGE('',*,*,#3562,.F.);
#1787=ORIENTED_EDGE('',*,*,#3561,.F.);
#1788=ORIENTED_EDGE('',*,*,#3280,.T.);
#1789=ORIENTED_EDGE('',*,*,#3563,.T.);
#1790=ORIENTED_EDGE('',*,*,#3564,.F.);
#1791=ORIENTED_EDGE('',*,*,#3563,.F.);
#1792=ORIENTED_EDGE('',*,*,#3279,.T.);
#1793=ORIENTED_EDGE('',*,*,#3565,.T.);
#1794=ORIENTED_EDGE('',*,*,#3566,.F.);
#1795=ORIENTED_EDGE('',*,*,#3565,.F.);
#1796=ORIENTED_EDGE('',*,*,#3278,.T.);
#1797=ORIENTED_EDGE('',*,*,#3567,.T.);
#1798=ORIENTED_EDGE('',*,*,#3568,.F.);
#1799=ORIENTED_EDGE('',*,*,#3567,.F.);
#1800=ORIENTED_EDGE('',*,*,#3277,.T.);
#1801=ORIENTED_EDGE('',*,*,#3569,.T.);
#1802=ORIENTED_EDGE('',*,*,#3570,.F.);
#1803=ORIENTED_EDGE('',*,*,#3571,.T.);
#1804=ORIENTED_EDGE('',*,*,#3572,.F.);
#1805=ORIENTED_EDGE('',*,*,#3569,.F.);
#1806=ORIENTED_EDGE('',*,*,#3276,.T.);
#1807=ORIENTED_EDGE('',*,*,#3573,.T.);
#1808=ORIENTED_EDGE('',*,*,#3574,.F.);
#1809=ORIENTED_EDGE('',*,*,#3571,.F.);
#1810=ORIENTED_EDGE('',*,*,#3275,.T.);
#1811=ORIENTED_EDGE('',*,*,#3274,.T.);
#1812=ORIENTED_EDGE('',*,*,#3558,.T.);
#1813=ORIENTED_EDGE('',*,*,#3575,.F.);
#1814=ORIENTED_EDGE('',*,*,#3573,.F.);
#1815=ORIENTED_EDGE('',*,*,#3575,.T.);
#1816=ORIENTED_EDGE('',*,*,#3557,.T.);
#1817=ORIENTED_EDGE('',*,*,#3560,.T.);
#1818=ORIENTED_EDGE('',*,*,#3562,.T.);
#1819=ORIENTED_EDGE('',*,*,#3564,.T.);
#1820=ORIENTED_EDGE('',*,*,#3566,.T.);
#1821=ORIENTED_EDGE('',*,*,#3568,.T.);
#1822=ORIENTED_EDGE('',*,*,#3570,.T.);
#1823=ORIENTED_EDGE('',*,*,#3572,.T.);
#1824=ORIENTED_EDGE('',*,*,#3574,.T.);
#1825=ORIENTED_EDGE('',*,*,#3576,.F.);
#1826=ORIENTED_EDGE('',*,*,#3268,.T.);
#1827=ORIENTED_EDGE('',*,*,#3577,.T.);
#1828=ORIENTED_EDGE('',*,*,#3578,.F.);
#1829=ORIENTED_EDGE('',*,*,#3577,.F.);
#1830=ORIENTED_EDGE('',*,*,#3267,.T.);
#1831=ORIENTED_EDGE('',*,*,#3579,.T.);
#1832=ORIENTED_EDGE('',*,*,#3580,.F.);
#1833=ORIENTED_EDGE('',*,*,#3579,.F.);
#1834=ORIENTED_EDGE('',*,*,#3266,.T.);
#1835=ORIENTED_EDGE('',*,*,#3581,.T.);
#1836=ORIENTED_EDGE('',*,*,#3582,.F.);
#1837=ORIENTED_EDGE('',*,*,#3581,.F.);
#1838=ORIENTED_EDGE('',*,*,#3265,.T.);
#1839=ORIENTED_EDGE('',*,*,#3583,.T.);
#1840=ORIENTED_EDGE('',*,*,#3584,.F.);
#1841=ORIENTED_EDGE('',*,*,#3585,.T.);
#1842=ORIENTED_EDGE('',*,*,#3586,.F.);
#1843=ORIENTED_EDGE('',*,*,#3583,.F.);
#1844=ORIENTED_EDGE('',*,*,#3270,.T.);
#1845=ORIENTED_EDGE('',*,*,#3269,.T.);
#1846=ORIENTED_EDGE('',*,*,#3576,.T.);
#1847=ORIENTED_EDGE('',*,*,#3587,.F.);
#1848=ORIENTED_EDGE('',*,*,#3585,.F.);
#1849=ORIENTED_EDGE('',*,*,#3587,.T.);
#1850=ORIENTED_EDGE('',*,*,#3578,.T.);
#1851=ORIENTED_EDGE('',*,*,#3580,.T.);
#1852=ORIENTED_EDGE('',*,*,#3582,.T.);
#1853=ORIENTED_EDGE('',*,*,#3584,.T.);
#1854=ORIENTED_EDGE('',*,*,#3586,.T.);
#1855=ORIENTED_EDGE('',*,*,#3588,.F.);
#1856=ORIENTED_EDGE('',*,*,#3337,.T.);
#1857=ORIENTED_EDGE('',*,*,#3589,.T.);
#1858=ORIENTED_EDGE('',*,*,#3590,.F.);
#1859=ORIENTED_EDGE('',*,*,#3589,.F.);
#1860=ORIENTED_EDGE('',*,*,#3336,.T.);
#1861=ORIENTED_EDGE('',*,*,#3591,.T.);
#1862=ORIENTED_EDGE('',*,*,#3592,.F.);
#1863=ORIENTED_EDGE('',*,*,#3591,.F.);
#1864=ORIENTED_EDGE('',*,*,#3335,.T.);
#1865=ORIENTED_EDGE('',*,*,#3593,.T.);
#1866=ORIENTED_EDGE('',*,*,#3594,.F.);
#1867=ORIENTED_EDGE('',*,*,#3593,.F.);
#1868=ORIENTED_EDGE('',*,*,#3334,.T.);
#1869=ORIENTED_EDGE('',*,*,#3595,.T.);
#1870=ORIENTED_EDGE('',*,*,#3596,.F.);
#1871=ORIENTED_EDGE('',*,*,#3597,.T.);
#1872=ORIENTED_EDGE('',*,*,#3598,.F.);
#1873=ORIENTED_EDGE('',*,*,#3595,.F.);
#1874=ORIENTED_EDGE('',*,*,#3333,.T.);
#1875=ORIENTED_EDGE('',*,*,#3599,.T.);
#1876=ORIENTED_EDGE('',*,*,#3600,.F.);
#1877=ORIENTED_EDGE('',*,*,#3597,.F.);
#1878=ORIENTED_EDGE('',*,*,#3332,.T.);
#1879=ORIENTED_EDGE('',*,*,#3599,.F.);
#1880=ORIENTED_EDGE('',*,*,#3331,.T.);
#1881=ORIENTED_EDGE('',*,*,#3601,.T.);
#1882=ORIENTED_EDGE('',*,*,#3602,.F.);
#1883=ORIENTED_EDGE('',*,*,#3601,.F.);
#1884=ORIENTED_EDGE('',*,*,#3330,.T.);
#1885=ORIENTED_EDGE('',*,*,#3603,.T.);
#1886=ORIENTED_EDGE('',*,*,#3604,.F.);
#1887=ORIENTED_EDGE('',*,*,#3603,.F.);
#1888=ORIENTED_EDGE('',*,*,#3353,.T.);
#1889=ORIENTED_EDGE('',*,*,#3605,.T.);
#1890=ORIENTED_EDGE('',*,*,#3606,.F.);
#1891=ORIENTED_EDGE('',*,*,#3605,.F.);
#1892=ORIENTED_EDGE('',*,*,#3352,.T.);
#1893=ORIENTED_EDGE('',*,*,#3607,.T.);
#1894=ORIENTED_EDGE('',*,*,#3608,.F.);
#1895=ORIENTED_EDGE('',*,*,#3607,.F.);
#1896=ORIENTED_EDGE('',*,*,#3351,.T.);
#1897=ORIENTED_EDGE('',*,*,#3609,.T.);
#1898=ORIENTED_EDGE('',*,*,#3610,.F.);
#1899=ORIENTED_EDGE('',*,*,#3609,.F.);
#1900=ORIENTED_EDGE('',*,*,#3350,.T.);
#1901=ORIENTED_EDGE('',*,*,#3611,.T.);
#1902=ORIENTED_EDGE('',*,*,#3612,.F.);
#1903=ORIENTED_EDGE('',*,*,#3611,.F.);
#1904=ORIENTED_EDGE('',*,*,#3349,.T.);
#1905=ORIENTED_EDGE('',*,*,#3613,.T.);
#1906=ORIENTED_EDGE('',*,*,#3614,.F.);
#1907=ORIENTED_EDGE('',*,*,#3613,.F.);
#1908=ORIENTED_EDGE('',*,*,#3348,.T.);
#1909=ORIENTED_EDGE('',*,*,#3615,.T.);
#1910=ORIENTED_EDGE('',*,*,#3616,.F.);
#1911=ORIENTED_EDGE('',*,*,#3615,.F.);
#1912=ORIENTED_EDGE('',*,*,#3347,.T.);
#1913=ORIENTED_EDGE('',*,*,#3617,.T.);
#1914=ORIENTED_EDGE('',*,*,#3618,.F.);
#1915=ORIENTED_EDGE('',*,*,#3617,.F.);
#1916=ORIENTED_EDGE('',*,*,#3346,.T.);
#1917=ORIENTED_EDGE('',*,*,#3619,.T.);
#1918=ORIENTED_EDGE('',*,*,#3620,.F.);
#1919=ORIENTED_EDGE('',*,*,#3619,.F.);
#1920=ORIENTED_EDGE('',*,*,#3345,.T.);
#1921=ORIENTED_EDGE('',*,*,#3621,.T.);
#1922=ORIENTED_EDGE('',*,*,#3622,.F.);
#1923=ORIENTED_EDGE('',*,*,#3621,.F.);
#1924=ORIENTED_EDGE('',*,*,#3344,.T.);
#1925=ORIENTED_EDGE('',*,*,#3623,.T.);
#1926=ORIENTED_EDGE('',*,*,#3624,.F.);
#1927=ORIENTED_EDGE('',*,*,#3623,.F.);
#1928=ORIENTED_EDGE('',*,*,#3343,.T.);
#1929=ORIENTED_EDGE('',*,*,#3625,.T.);
#1930=ORIENTED_EDGE('',*,*,#3626,.F.);
#1931=ORIENTED_EDGE('',*,*,#3625,.F.);
#1932=ORIENTED_EDGE('',*,*,#3342,.T.);
#1933=ORIENTED_EDGE('',*,*,#3627,.T.);
#1934=ORIENTED_EDGE('',*,*,#3628,.F.);
#1935=ORIENTED_EDGE('',*,*,#3627,.F.);
#1936=ORIENTED_EDGE('',*,*,#3341,.T.);
#1937=ORIENTED_EDGE('',*,*,#3629,.T.);
#1938=ORIENTED_EDGE('',*,*,#3630,.F.);
#1939=ORIENTED_EDGE('',*,*,#3629,.F.);
#1940=ORIENTED_EDGE('',*,*,#3340,.T.);
#1941=ORIENTED_EDGE('',*,*,#3631,.T.);
#1942=ORIENTED_EDGE('',*,*,#3632,.F.);
#1943=ORIENTED_EDGE('',*,*,#3631,.F.);
#1944=ORIENTED_EDGE('',*,*,#3339,.T.);
#1945=ORIENTED_EDGE('',*,*,#3633,.T.);
#1946=ORIENTED_EDGE('',*,*,#3634,.F.);
#1947=ORIENTED_EDGE('',*,*,#3635,.F.);
#1948=ORIENTED_EDGE('',*,*,#3636,.T.);
#1949=ORIENTED_EDGE('',*,*,#3637,.T.);
#1950=ORIENTED_EDGE('',*,*,#3638,.F.);
#1951=ORIENTED_EDGE('',*,*,#3637,.F.);
#1952=ORIENTED_EDGE('',*,*,#3639,.T.);
#1953=ORIENTED_EDGE('',*,*,#3640,.T.);
#1954=ORIENTED_EDGE('',*,*,#3641,.F.);
#1955=ORIENTED_EDGE('',*,*,#3640,.F.);
#1956=ORIENTED_EDGE('',*,*,#3642,.T.);
#1957=ORIENTED_EDGE('',*,*,#3643,.T.);
#1958=ORIENTED_EDGE('',*,*,#3644,.F.);
#1959=ORIENTED_EDGE('',*,*,#3643,.F.);
#1960=ORIENTED_EDGE('',*,*,#3645,.T.);
#1961=ORIENTED_EDGE('',*,*,#3646,.T.);
#1962=ORIENTED_EDGE('',*,*,#3647,.F.);
#1963=ORIENTED_EDGE('',*,*,#3646,.F.);
#1964=ORIENTED_EDGE('',*,*,#3648,.T.);
#1965=ORIENTED_EDGE('',*,*,#3649,.T.);
#1966=ORIENTED_EDGE('',*,*,#3650,.F.);
#1967=ORIENTED_EDGE('',*,*,#3649,.F.);
#1968=ORIENTED_EDGE('',*,*,#3651,.T.);
#1969=ORIENTED_EDGE('',*,*,#3652,.T.);
#1970=ORIENTED_EDGE('',*,*,#3653,.F.);
#1971=ORIENTED_EDGE('',*,*,#3652,.F.);
#1972=ORIENTED_EDGE('',*,*,#3654,.T.);
#1973=ORIENTED_EDGE('',*,*,#3655,.T.);
#1974=ORIENTED_EDGE('',*,*,#3656,.F.);
#1975=ORIENTED_EDGE('',*,*,#3655,.F.);
#1976=ORIENTED_EDGE('',*,*,#3657,.T.);
#1977=ORIENTED_EDGE('',*,*,#3658,.T.);
#1978=ORIENTED_EDGE('',*,*,#3659,.F.);
#1979=ORIENTED_EDGE('',*,*,#3658,.F.);
#1980=ORIENTED_EDGE('',*,*,#3660,.T.);
#1981=ORIENTED_EDGE('',*,*,#3661,.T.);
#1982=ORIENTED_EDGE('',*,*,#3662,.F.);
#1983=ORIENTED_EDGE('',*,*,#3661,.F.);
#1984=ORIENTED_EDGE('',*,*,#3663,.T.);
#1985=ORIENTED_EDGE('',*,*,#3664,.T.);
#1986=ORIENTED_EDGE('',*,*,#3665,.F.);
#1987=ORIENTED_EDGE('',*,*,#3664,.F.);
#1988=ORIENTED_EDGE('',*,*,#3666,.T.);
#1989=ORIENTED_EDGE('',*,*,#3667,.T.);
#1990=ORIENTED_EDGE('',*,*,#3668,.F.);
#1991=ORIENTED_EDGE('',*,*,#3667,.F.);
#1992=ORIENTED_EDGE('',*,*,#3669,.T.);
#1993=ORIENTED_EDGE('',*,*,#3670,.T.);
#1994=ORIENTED_EDGE('',*,*,#3671,.F.);
#1995=ORIENTED_EDGE('',*,*,#3670,.F.);
#1996=ORIENTED_EDGE('',*,*,#3672,.T.);
#1997=ORIENTED_EDGE('',*,*,#3673,.T.);
#1998=ORIENTED_EDGE('',*,*,#3674,.F.);
#1999=ORIENTED_EDGE('',*,*,#3673,.F.);
#2000=ORIENTED_EDGE('',*,*,#3675,.T.);
#2001=ORIENTED_EDGE('',*,*,#3676,.T.);
#2002=ORIENTED_EDGE('',*,*,#3677,.F.);
#2003=ORIENTED_EDGE('',*,*,#3676,.F.);
#2004=ORIENTED_EDGE('',*,*,#3678,.T.);
#2005=ORIENTED_EDGE('',*,*,#3679,.T.);
#2006=ORIENTED_EDGE('',*,*,#3680,.F.);
#2007=ORIENTED_EDGE('',*,*,#3679,.F.);
#2008=ORIENTED_EDGE('',*,*,#3681,.T.);
#2009=ORIENTED_EDGE('',*,*,#3682,.T.);
#2010=ORIENTED_EDGE('',*,*,#3683,.F.);
#2011=ORIENTED_EDGE('',*,*,#3682,.F.);
#2012=ORIENTED_EDGE('',*,*,#3684,.T.);
#2013=ORIENTED_EDGE('',*,*,#3685,.T.);
#2014=ORIENTED_EDGE('',*,*,#3686,.F.);
#2015=ORIENTED_EDGE('',*,*,#3687,.T.);
#2016=ORIENTED_EDGE('',*,*,#3635,.T.);
#2017=ORIENTED_EDGE('',*,*,#3688,.F.);
#2018=ORIENTED_EDGE('',*,*,#3685,.F.);
#2019=ORIENTED_EDGE('',*,*,#3338,.T.);
#2020=ORIENTED_EDGE('',*,*,#3588,.T.);
#2021=ORIENTED_EDGE('',*,*,#3689,.F.);
#2022=ORIENTED_EDGE('',*,*,#3633,.F.);
#2023=ORIENTED_EDGE('',*,*,#3686,.T.);
#2024=ORIENTED_EDGE('',*,*,#3688,.T.);
#2025=ORIENTED_EDGE('',*,*,#3638,.T.);
#2026=ORIENTED_EDGE('',*,*,#3641,.T.);
#2027=ORIENTED_EDGE('',*,*,#3644,.T.);
#2028=ORIENTED_EDGE('',*,*,#3647,.T.);
#2029=ORIENTED_EDGE('',*,*,#3650,.T.);
#2030=ORIENTED_EDGE('',*,*,#3653,.T.);
#2031=ORIENTED_EDGE('',*,*,#3656,.T.);
#2032=ORIENTED_EDGE('',*,*,#3659,.T.);
#2033=ORIENTED_EDGE('',*,*,#3662,.T.);
#2034=ORIENTED_EDGE('',*,*,#3665,.T.);
#2035=ORIENTED_EDGE('',*,*,#3668,.T.);
#2036=ORIENTED_EDGE('',*,*,#3671,.T.);
#2037=ORIENTED_EDGE('',*,*,#3674,.T.);
#2038=ORIENTED_EDGE('',*,*,#3677,.T.);
#2039=ORIENTED_EDGE('',*,*,#3680,.T.);
#2040=ORIENTED_EDGE('',*,*,#3683,.T.);
#2041=ORIENTED_EDGE('',*,*,#3634,.T.);
#2042=ORIENTED_EDGE('',*,*,#3689,.T.);
#2043=ORIENTED_EDGE('',*,*,#3590,.T.);
#2044=ORIENTED_EDGE('',*,*,#3592,.T.);
#2045=ORIENTED_EDGE('',*,*,#3594,.T.);
#2046=ORIENTED_EDGE('',*,*,#3596,.T.);
#2047=ORIENTED_EDGE('',*,*,#3598,.T.);
#2048=ORIENTED_EDGE('',*,*,#3600,.T.);
#2049=ORIENTED_EDGE('',*,*,#3602,.T.);
#2050=ORIENTED_EDGE('',*,*,#3604,.T.);
#2051=ORIENTED_EDGE('',*,*,#3606,.T.);
#2052=ORIENTED_EDGE('',*,*,#3608,.T.);
#2053=ORIENTED_EDGE('',*,*,#3610,.T.);
#2054=ORIENTED_EDGE('',*,*,#3612,.T.);
#2055=ORIENTED_EDGE('',*,*,#3614,.T.);
#2056=ORIENTED_EDGE('',*,*,#3616,.T.);
#2057=ORIENTED_EDGE('',*,*,#3618,.T.);
#2058=ORIENTED_EDGE('',*,*,#3620,.T.);
#2059=ORIENTED_EDGE('',*,*,#3622,.T.);
#2060=ORIENTED_EDGE('',*,*,#3624,.T.);
#2061=ORIENTED_EDGE('',*,*,#3626,.T.);
#2062=ORIENTED_EDGE('',*,*,#3628,.T.);
#2063=ORIENTED_EDGE('',*,*,#3630,.T.);
#2064=ORIENTED_EDGE('',*,*,#3632,.T.);
#2065=ORIENTED_EDGE('',*,*,#3675,.F.);
#2066=ORIENTED_EDGE('',*,*,#3672,.F.);
#2067=ORIENTED_EDGE('',*,*,#3669,.F.);
#2068=ORIENTED_EDGE('',*,*,#3666,.F.);
#2069=ORIENTED_EDGE('',*,*,#3663,.F.);
#2070=ORIENTED_EDGE('',*,*,#3660,.F.);
#2071=ORIENTED_EDGE('',*,*,#3657,.F.);
#2072=ORIENTED_EDGE('',*,*,#3654,.F.);
#2073=ORIENTED_EDGE('',*,*,#3651,.F.);
#2074=ORIENTED_EDGE('',*,*,#3648,.F.);
#2075=ORIENTED_EDGE('',*,*,#3645,.F.);
#2076=ORIENTED_EDGE('',*,*,#3642,.F.);
#2077=ORIENTED_EDGE('',*,*,#3639,.F.);
#2078=ORIENTED_EDGE('',*,*,#3636,.F.);
#2079=ORIENTED_EDGE('',*,*,#3687,.F.);
#2080=ORIENTED_EDGE('',*,*,#3684,.F.);
#2081=ORIENTED_EDGE('',*,*,#3681,.F.);
#2082=ORIENTED_EDGE('',*,*,#3678,.F.);
#2083=ORIENTED_EDGE('',*,*,#3690,.T.);
#2084=ORIENTED_EDGE('',*,*,#3691,.F.);
#2085=ORIENTED_EDGE('',*,*,#3692,.F.);
#2086=ORIENTED_EDGE('',*,*,#3236,.T.);
#2087=ORIENTED_EDGE('',*,*,#3690,.F.);
#2088=ORIENTED_EDGE('',*,*,#3235,.T.);
#2089=ORIENTED_EDGE('',*,*,#3693,.T.);
#2090=ORIENTED_EDGE('',*,*,#3694,.F.);
#2091=ORIENTED_EDGE('',*,*,#3693,.F.);
#2092=ORIENTED_EDGE('',*,*,#3264,.T.);
#2093=ORIENTED_EDGE('',*,*,#3695,.T.);
#2094=ORIENTED_EDGE('',*,*,#3696,.F.);
#2095=ORIENTED_EDGE('',*,*,#3695,.F.);
#2096=ORIENTED_EDGE('',*,*,#3263,.T.);
#2097=ORIENTED_EDGE('',*,*,#3697,.T.);
#2098=ORIENTED_EDGE('',*,*,#3698,.F.);
#2099=ORIENTED_EDGE('',*,*,#3697,.F.);
#2100=ORIENTED_EDGE('',*,*,#3262,.T.);
#2101=ORIENTED_EDGE('',*,*,#3699,.T.);
#2102=ORIENTED_EDGE('',*,*,#3700,.F.);
#2103=ORIENTED_EDGE('',*,*,#3699,.F.);
#2104=ORIENTED_EDGE('',*,*,#3261,.T.);
#2105=ORIENTED_EDGE('',*,*,#3701,.T.);
#2106=ORIENTED_EDGE('',*,*,#3702,.F.);
#2107=ORIENTED_EDGE('',*,*,#3701,.F.);
#2108=ORIENTED_EDGE('',*,*,#3260,.T.);
#2109=ORIENTED_EDGE('',*,*,#3703,.T.);
#2110=ORIENTED_EDGE('',*,*,#3704,.F.);
#2111=ORIENTED_EDGE('',*,*,#3703,.F.);
#2112=ORIENTED_EDGE('',*,*,#3259,.T.);
#2113=ORIENTED_EDGE('',*,*,#3705,.T.);
#2114=ORIENTED_EDGE('',*,*,#3706,.F.);
#2115=ORIENTED_EDGE('',*,*,#3705,.F.);
#2116=ORIENTED_EDGE('',*,*,#3258,.T.);
#2117=ORIENTED_EDGE('',*,*,#3707,.T.);
#2118=ORIENTED_EDGE('',*,*,#3708,.F.);
#2119=ORIENTED_EDGE('',*,*,#3707,.F.);
#2120=ORIENTED_EDGE('',*,*,#3257,.T.);
#2121=ORIENTED_EDGE('',*,*,#3709,.T.);
#2122=ORIENTED_EDGE('',*,*,#3710,.F.);
#2123=ORIENTED_EDGE('',*,*,#3709,.F.);
#2124=ORIENTED_EDGE('',*,*,#3256,.T.);
#2125=ORIENTED_EDGE('',*,*,#3711,.T.);
#2126=ORIENTED_EDGE('',*,*,#3712,.F.);
#2127=ORIENTED_EDGE('',*,*,#3711,.F.);
#2128=ORIENTED_EDGE('',*,*,#3255,.T.);
#2129=ORIENTED_EDGE('',*,*,#3713,.T.);
#2130=ORIENTED_EDGE('',*,*,#3714,.F.);
#2131=ORIENTED_EDGE('',*,*,#3713,.F.);
#2132=ORIENTED_EDGE('',*,*,#3254,.T.);
#2133=ORIENTED_EDGE('',*,*,#3715,.T.);
#2134=ORIENTED_EDGE('',*,*,#3716,.F.);
#2135=ORIENTED_EDGE('',*,*,#3715,.F.);
#2136=ORIENTED_EDGE('',*,*,#3253,.T.);
#2137=ORIENTED_EDGE('',*,*,#3717,.T.);
#2138=ORIENTED_EDGE('',*,*,#3718,.F.);
#2139=ORIENTED_EDGE('',*,*,#3717,.F.);
#2140=ORIENTED_EDGE('',*,*,#3252,.T.);
#2141=ORIENTED_EDGE('',*,*,#3719,.T.);
#2142=ORIENTED_EDGE('',*,*,#3720,.F.);
#2143=ORIENTED_EDGE('',*,*,#3719,.F.);
#2144=ORIENTED_EDGE('',*,*,#3251,.T.);
#2145=ORIENTED_EDGE('',*,*,#3721,.T.);
#2146=ORIENTED_EDGE('',*,*,#3722,.F.);
#2147=ORIENTED_EDGE('',*,*,#3721,.F.);
#2148=ORIENTED_EDGE('',*,*,#3250,.T.);
#2149=ORIENTED_EDGE('',*,*,#3723,.T.);
#2150=ORIENTED_EDGE('',*,*,#3724,.F.);
#2151=ORIENTED_EDGE('',*,*,#3723,.F.);
#2152=ORIENTED_EDGE('',*,*,#3249,.T.);
#2153=ORIENTED_EDGE('',*,*,#3725,.T.);
#2154=ORIENTED_EDGE('',*,*,#3726,.F.);
#2155=ORIENTED_EDGE('',*,*,#3725,.F.);
#2156=ORIENTED_EDGE('',*,*,#3248,.T.);
#2157=ORIENTED_EDGE('',*,*,#3727,.T.);
#2158=ORIENTED_EDGE('',*,*,#3728,.F.);
#2159=ORIENTED_EDGE('',*,*,#3727,.F.);
#2160=ORIENTED_EDGE('',*,*,#3247,.T.);
#2161=ORIENTED_EDGE('',*,*,#3729,.T.);
#2162=ORIENTED_EDGE('',*,*,#3730,.F.);
#2163=ORIENTED_EDGE('',*,*,#3729,.F.);
#2164=ORIENTED_EDGE('',*,*,#3246,.T.);
#2165=ORIENTED_EDGE('',*,*,#3731,.T.);
#2166=ORIENTED_EDGE('',*,*,#3732,.F.);
#2167=ORIENTED_EDGE('',*,*,#3731,.F.);
#2168=ORIENTED_EDGE('',*,*,#3245,.T.);
#2169=ORIENTED_EDGE('',*,*,#3733,.T.);
#2170=ORIENTED_EDGE('',*,*,#3734,.F.);
#2171=ORIENTED_EDGE('',*,*,#3733,.F.);
#2172=ORIENTED_EDGE('',*,*,#3244,.T.);
#2173=ORIENTED_EDGE('',*,*,#3735,.T.);
#2174=ORIENTED_EDGE('',*,*,#3736,.F.);
#2175=ORIENTED_EDGE('',*,*,#3735,.F.);
#2176=ORIENTED_EDGE('',*,*,#3243,.T.);
#2177=ORIENTED_EDGE('',*,*,#3737,.T.);
#2178=ORIENTED_EDGE('',*,*,#3738,.F.);
#2179=ORIENTED_EDGE('',*,*,#3737,.F.);
#2180=ORIENTED_EDGE('',*,*,#3242,.T.);
#2181=ORIENTED_EDGE('',*,*,#3739,.T.);
#2182=ORIENTED_EDGE('',*,*,#3740,.F.);
#2183=ORIENTED_EDGE('',*,*,#3739,.F.);
#2184=ORIENTED_EDGE('',*,*,#3241,.T.);
#2185=ORIENTED_EDGE('',*,*,#3741,.T.);
#2186=ORIENTED_EDGE('',*,*,#3742,.F.);
#2187=ORIENTED_EDGE('',*,*,#3741,.F.);
#2188=ORIENTED_EDGE('',*,*,#3240,.T.);
#2189=ORIENTED_EDGE('',*,*,#3743,.T.);
#2190=ORIENTED_EDGE('',*,*,#3744,.F.);
#2191=ORIENTED_EDGE('',*,*,#3743,.F.);
#2192=ORIENTED_EDGE('',*,*,#3239,.T.);
#2193=ORIENTED_EDGE('',*,*,#3745,.T.);
#2194=ORIENTED_EDGE('',*,*,#3746,.F.);
#2195=ORIENTED_EDGE('',*,*,#3745,.F.);
#2196=ORIENTED_EDGE('',*,*,#3238,.T.);
#2197=ORIENTED_EDGE('',*,*,#3747,.T.);
#2198=ORIENTED_EDGE('',*,*,#3748,.F.);
#2199=ORIENTED_EDGE('',*,*,#3749,.F.);
#2200=ORIENTED_EDGE('',*,*,#3750,.T.);
#2201=ORIENTED_EDGE('',*,*,#3751,.T.);
#2202=ORIENTED_EDGE('',*,*,#3752,.F.);
#2203=ORIENTED_EDGE('',*,*,#3751,.F.);
#2204=ORIENTED_EDGE('',*,*,#3753,.T.);
#2205=ORIENTED_EDGE('',*,*,#3754,.T.);
#2206=ORIENTED_EDGE('',*,*,#3755,.F.);
#2207=ORIENTED_EDGE('',*,*,#3754,.F.);
#2208=ORIENTED_EDGE('',*,*,#3756,.T.);
#2209=ORIENTED_EDGE('',*,*,#3757,.T.);
#2210=ORIENTED_EDGE('',*,*,#3758,.F.);
#2211=ORIENTED_EDGE('',*,*,#3757,.F.);
#2212=ORIENTED_EDGE('',*,*,#3759,.T.);
#2213=ORIENTED_EDGE('',*,*,#3760,.T.);
#2214=ORIENTED_EDGE('',*,*,#3761,.F.);
#2215=ORIENTED_EDGE('',*,*,#3760,.F.);
#2216=ORIENTED_EDGE('',*,*,#3762,.T.);
#2217=ORIENTED_EDGE('',*,*,#3763,.T.);
#2218=ORIENTED_EDGE('',*,*,#3764,.F.);
#2219=ORIENTED_EDGE('',*,*,#3763,.F.);
#2220=ORIENTED_EDGE('',*,*,#3765,.T.);
#2221=ORIENTED_EDGE('',*,*,#3766,.T.);
#2222=ORIENTED_EDGE('',*,*,#3767,.F.);
#2223=ORIENTED_EDGE('',*,*,#3766,.F.);
#2224=ORIENTED_EDGE('',*,*,#3768,.T.);
#2225=ORIENTED_EDGE('',*,*,#3769,.T.);
#2226=ORIENTED_EDGE('',*,*,#3770,.F.);
#2227=ORIENTED_EDGE('',*,*,#3769,.F.);
#2228=ORIENTED_EDGE('',*,*,#3771,.T.);
#2229=ORIENTED_EDGE('',*,*,#3772,.T.);
#2230=ORIENTED_EDGE('',*,*,#3773,.F.);
#2231=ORIENTED_EDGE('',*,*,#3772,.F.);
#2232=ORIENTED_EDGE('',*,*,#3774,.T.);
#2233=ORIENTED_EDGE('',*,*,#3775,.T.);
#2234=ORIENTED_EDGE('',*,*,#3776,.F.);
#2235=ORIENTED_EDGE('',*,*,#3775,.F.);
#2236=ORIENTED_EDGE('',*,*,#3777,.T.);
#2237=ORIENTED_EDGE('',*,*,#3778,.T.);
#2238=ORIENTED_EDGE('',*,*,#3779,.F.);
#2239=ORIENTED_EDGE('',*,*,#3778,.F.);
#2240=ORIENTED_EDGE('',*,*,#3780,.T.);
#2241=ORIENTED_EDGE('',*,*,#3781,.T.);
#2242=ORIENTED_EDGE('',*,*,#3782,.F.);
#2243=ORIENTED_EDGE('',*,*,#3783,.T.);
#2244=ORIENTED_EDGE('',*,*,#3749,.T.);
#2245=ORIENTED_EDGE('',*,*,#3784,.F.);
#2246=ORIENTED_EDGE('',*,*,#3781,.F.);
#2247=ORIENTED_EDGE('',*,*,#3237,.T.);
#2248=ORIENTED_EDGE('',*,*,#3692,.T.);
#2249=ORIENTED_EDGE('',*,*,#3785,.F.);
#2250=ORIENTED_EDGE('',*,*,#3747,.F.);
#2251=ORIENTED_EDGE('',*,*,#3782,.T.);
#2252=ORIENTED_EDGE('',*,*,#3784,.T.);
#2253=ORIENTED_EDGE('',*,*,#3752,.T.);
#2254=ORIENTED_EDGE('',*,*,#3755,.T.);
#2255=ORIENTED_EDGE('',*,*,#3758,.T.);
#2256=ORIENTED_EDGE('',*,*,#3761,.T.);
#2257=ORIENTED_EDGE('',*,*,#3764,.T.);
#2258=ORIENTED_EDGE('',*,*,#3767,.T.);
#2259=ORIENTED_EDGE('',*,*,#3770,.T.);
#2260=ORIENTED_EDGE('',*,*,#3773,.T.);
#2261=ORIENTED_EDGE('',*,*,#3776,.T.);
#2262=ORIENTED_EDGE('',*,*,#3779,.T.);
#2263=ORIENTED_EDGE('',*,*,#3785,.T.);
#2264=ORIENTED_EDGE('',*,*,#3691,.T.);
#2265=ORIENTED_EDGE('',*,*,#3694,.T.);
#2266=ORIENTED_EDGE('',*,*,#3696,.T.);
#2267=ORIENTED_EDGE('',*,*,#3698,.T.);
#2268=ORIENTED_EDGE('',*,*,#3700,.T.);
#2269=ORIENTED_EDGE('',*,*,#3702,.T.);
#2270=ORIENTED_EDGE('',*,*,#3704,.T.);
#2271=ORIENTED_EDGE('',*,*,#3706,.T.);
#2272=ORIENTED_EDGE('',*,*,#3708,.T.);
#2273=ORIENTED_EDGE('',*,*,#3710,.T.);
#2274=ORIENTED_EDGE('',*,*,#3712,.T.);
#2275=ORIENTED_EDGE('',*,*,#3714,.T.);
#2276=ORIENTED_EDGE('',*,*,#3716,.T.);
#2277=ORIENTED_EDGE('',*,*,#3718,.T.);
#2278=ORIENTED_EDGE('',*,*,#3720,.T.);
#2279=ORIENTED_EDGE('',*,*,#3722,.T.);
#2280=ORIENTED_EDGE('',*,*,#3724,.T.);
#2281=ORIENTED_EDGE('',*,*,#3726,.T.);
#2282=ORIENTED_EDGE('',*,*,#3728,.T.);
#2283=ORIENTED_EDGE('',*,*,#3730,.T.);
#2284=ORIENTED_EDGE('',*,*,#3732,.T.);
#2285=ORIENTED_EDGE('',*,*,#3734,.T.);
#2286=ORIENTED_EDGE('',*,*,#3736,.T.);
#2287=ORIENTED_EDGE('',*,*,#3738,.T.);
#2288=ORIENTED_EDGE('',*,*,#3740,.T.);
#2289=ORIENTED_EDGE('',*,*,#3742,.T.);
#2290=ORIENTED_EDGE('',*,*,#3744,.T.);
#2291=ORIENTED_EDGE('',*,*,#3746,.T.);
#2292=ORIENTED_EDGE('',*,*,#3748,.T.);
#2293=ORIENTED_EDGE('',*,*,#3780,.F.);
#2294=ORIENTED_EDGE('',*,*,#3777,.F.);
#2295=ORIENTED_EDGE('',*,*,#3774,.F.);
#2296=ORIENTED_EDGE('',*,*,#3771,.F.);
#2297=ORIENTED_EDGE('',*,*,#3768,.F.);
#2298=ORIENTED_EDGE('',*,*,#3765,.F.);
#2299=ORIENTED_EDGE('',*,*,#3762,.F.);
#2300=ORIENTED_EDGE('',*,*,#3759,.F.);
#2301=ORIENTED_EDGE('',*,*,#3756,.F.);
#2302=ORIENTED_EDGE('',*,*,#3753,.F.);
#2303=ORIENTED_EDGE('',*,*,#3750,.F.);
#2304=ORIENTED_EDGE('',*,*,#3783,.F.);
#2305=ORIENTED_EDGE('',*,*,#3786,.T.);
#2306=ORIENTED_EDGE('',*,*,#3787,.F.);
#2307=ORIENTED_EDGE('',*,*,#3788,.F.);
#2308=ORIENTED_EDGE('',*,*,#3355,.T.);
#2309=ORIENTED_EDGE('',*,*,#3789,.T.);
#2310=ORIENTED_EDGE('',*,*,#3790,.F.);
#2311=ORIENTED_EDGE('',*,*,#3786,.F.);
#2312=ORIENTED_EDGE('',*,*,#3354,.T.);
#2313=ORIENTED_EDGE('',*,*,#3791,.T.);
#2314=ORIENTED_EDGE('',*,*,#3792,.F.);
#2315=ORIENTED_EDGE('',*,*,#3789,.F.);
#2316=ORIENTED_EDGE('',*,*,#3357,.T.);
#2317=ORIENTED_EDGE('',*,*,#3356,.T.);
#2318=ORIENTED_EDGE('',*,*,#3788,.T.);
#2319=ORIENTED_EDGE('',*,*,#3793,.F.);
#2320=ORIENTED_EDGE('',*,*,#3791,.F.);
#2321=ORIENTED_EDGE('',*,*,#3793,.T.);
#2322=ORIENTED_EDGE('',*,*,#3787,.T.);
#2323=ORIENTED_EDGE('',*,*,#3790,.T.);
#2324=ORIENTED_EDGE('',*,*,#3792,.T.);
#2325=ORIENTED_EDGE('',*,*,#3794,.T.);
#2326=ORIENTED_EDGE('',*,*,#3795,.F.);
#2327=ORIENTED_EDGE('',*,*,#3796,.F.);
#2328=ORIENTED_EDGE('',*,*,#3360,.T.);
#2329=ORIENTED_EDGE('',*,*,#3794,.F.);
#2330=ORIENTED_EDGE('',*,*,#3359,.T.);
#2331=ORIENTED_EDGE('',*,*,#3797,.T.);
#2332=ORIENTED_EDGE('',*,*,#3798,.F.);
#2333=ORIENTED_EDGE('',*,*,#3797,.F.);
#2334=ORIENTED_EDGE('',*,*,#3358,.T.);
#2335=ORIENTED_EDGE('',*,*,#3799,.T.);
#2336=ORIENTED_EDGE('',*,*,#3800,.F.);
#2337=ORIENTED_EDGE('',*,*,#3799,.F.);
#2338=ORIENTED_EDGE('',*,*,#3390,.T.);
#2339=ORIENTED_EDGE('',*,*,#3801,.T.);
#2340=ORIENTED_EDGE('',*,*,#3802,.F.);
#2341=ORIENTED_EDGE('',*,*,#3801,.F.);
#2342=ORIENTED_EDGE('',*,*,#3389,.T.);
#2343=ORIENTED_EDGE('',*,*,#3803,.T.);
#2344=ORIENTED_EDGE('',*,*,#3804,.F.);
#2345=ORIENTED_EDGE('',*,*,#3803,.F.);
#2346=ORIENTED_EDGE('',*,*,#3388,.T.);
#2347=ORIENTED_EDGE('',*,*,#3805,.T.);
#2348=ORIENTED_EDGE('',*,*,#3806,.F.);
#2349=ORIENTED_EDGE('',*,*,#3805,.F.);
#2350=ORIENTED_EDGE('',*,*,#3387,.T.);
#2351=ORIENTED_EDGE('',*,*,#3807,.T.);
#2352=ORIENTED_EDGE('',*,*,#3808,.F.);
#2353=ORIENTED_EDGE('',*,*,#3807,.F.);
#2354=ORIENTED_EDGE('',*,*,#3386,.T.);
#2355=ORIENTED_EDGE('',*,*,#3809,.T.);
#2356=ORIENTED_EDGE('',*,*,#3810,.F.);
#2357=ORIENTED_EDGE('',*,*,#3809,.F.);
#2358=ORIENTED_EDGE('',*,*,#3385,.T.);
#2359=ORIENTED_EDGE('',*,*,#3811,.T.);
#2360=ORIENTED_EDGE('',*,*,#3812,.F.);
#2361=ORIENTED_EDGE('',*,*,#3811,.F.);
#2362=ORIENTED_EDGE('',*,*,#3384,.T.);
#2363=ORIENTED_EDGE('',*,*,#3813,.T.);
#2364=ORIENTED_EDGE('',*,*,#3814,.F.);
#2365=ORIENTED_EDGE('',*,*,#3813,.F.);
#2366=ORIENTED_EDGE('',*,*,#3383,.T.);
#2367=ORIENTED_EDGE('',*,*,#3815,.T.);
#2368=ORIENTED_EDGE('',*,*,#3816,.F.);
#2369=ORIENTED_EDGE('',*,*,#3815,.F.);
#2370=ORIENTED_EDGE('',*,*,#3382,.T.);
#2371=ORIENTED_EDGE('',*,*,#3817,.T.);
#2372=ORIENTED_EDGE('',*,*,#3818,.F.);
#2373=ORIENTED_EDGE('',*,*,#3817,.F.);
#2374=ORIENTED_EDGE('',*,*,#3381,.T.);
#2375=ORIENTED_EDGE('',*,*,#3819,.T.);
#2376=ORIENTED_EDGE('',*,*,#3820,.F.);
#2377=ORIENTED_EDGE('',*,*,#3819,.F.);
#2378=ORIENTED_EDGE('',*,*,#3380,.T.);
#2379=ORIENTED_EDGE('',*,*,#3821,.T.);
#2380=ORIENTED_EDGE('',*,*,#3822,.F.);
#2381=ORIENTED_EDGE('',*,*,#3821,.F.);
#2382=ORIENTED_EDGE('',*,*,#3379,.T.);
#2383=ORIENTED_EDGE('',*,*,#3823,.T.);
#2384=ORIENTED_EDGE('',*,*,#3824,.F.);
#2385=ORIENTED_EDGE('',*,*,#3825,.F.);
#2386=ORIENTED_EDGE('',*,*,#3826,.F.);
#2387=ORIENTED_EDGE('',*,*,#3823,.F.);
#2388=ORIENTED_EDGE('',*,*,#3378,.T.);
#2389=ORIENTED_EDGE('',*,*,#3377,.T.);
#2390=ORIENTED_EDGE('',*,*,#3827,.T.);
#2391=ORIENTED_EDGE('',*,*,#3827,.F.);
#2392=ORIENTED_EDGE('',*,*,#3376,.T.);
#2393=ORIENTED_EDGE('',*,*,#3828,.T.);
#2394=ORIENTED_EDGE('',*,*,#3829,.F.);
#2395=ORIENTED_EDGE('',*,*,#3828,.F.);
#2396=ORIENTED_EDGE('',*,*,#3375,.T.);
#2397=ORIENTED_EDGE('',*,*,#3830,.T.);
#2398=ORIENTED_EDGE('',*,*,#3831,.F.);
#2399=ORIENTED_EDGE('',*,*,#3830,.F.);
#2400=ORIENTED_EDGE('',*,*,#3374,.T.);
#2401=ORIENTED_EDGE('',*,*,#3832,.T.);
#2402=ORIENTED_EDGE('',*,*,#3833,.F.);
#2403=ORIENTED_EDGE('',*,*,#3832,.F.);
#2404=ORIENTED_EDGE('',*,*,#3373,.T.);
#2405=ORIENTED_EDGE('',*,*,#3834,.T.);
#2406=ORIENTED_EDGE('',*,*,#3835,.F.);
#2407=ORIENTED_EDGE('',*,*,#3834,.F.);
#2408=ORIENTED_EDGE('',*,*,#3372,.T.);
#2409=ORIENTED_EDGE('',*,*,#3836,.T.);
#2410=ORIENTED_EDGE('',*,*,#3837,.F.);
#2411=ORIENTED_EDGE('',*,*,#3836,.F.);
#2412=ORIENTED_EDGE('',*,*,#3371,.T.);
#2413=ORIENTED_EDGE('',*,*,#3838,.T.);
#2414=ORIENTED_EDGE('',*,*,#3839,.F.);
#2415=ORIENTED_EDGE('',*,*,#3838,.F.);
#2416=ORIENTED_EDGE('',*,*,#3370,.T.);
#2417=ORIENTED_EDGE('',*,*,#3840,.T.);
#2418=ORIENTED_EDGE('',*,*,#3841,.F.);
#2419=ORIENTED_EDGE('',*,*,#3840,.F.);
#2420=ORIENTED_EDGE('',*,*,#3369,.T.);
#2421=ORIENTED_EDGE('',*,*,#3842,.T.);
#2422=ORIENTED_EDGE('',*,*,#3843,.F.);
#2423=ORIENTED_EDGE('',*,*,#3842,.F.);
#2424=ORIENTED_EDGE('',*,*,#3368,.T.);
#2425=ORIENTED_EDGE('',*,*,#3844,.T.);
#2426=ORIENTED_EDGE('',*,*,#3845,.F.);
#2427=ORIENTED_EDGE('',*,*,#3844,.F.);
#2428=ORIENTED_EDGE('',*,*,#3367,.T.);
#2429=ORIENTED_EDGE('',*,*,#3846,.T.);
#2430=ORIENTED_EDGE('',*,*,#3847,.F.);
#2431=ORIENTED_EDGE('',*,*,#3846,.F.);
#2432=ORIENTED_EDGE('',*,*,#3366,.T.);
#2433=ORIENTED_EDGE('',*,*,#3848,.T.);
#2434=ORIENTED_EDGE('',*,*,#3849,.F.);
#2435=ORIENTED_EDGE('',*,*,#3848,.F.);
#2436=ORIENTED_EDGE('',*,*,#3365,.T.);
#2437=ORIENTED_EDGE('',*,*,#3850,.T.);
#2438=ORIENTED_EDGE('',*,*,#3851,.F.);
#2439=ORIENTED_EDGE('',*,*,#3850,.F.);
#2440=ORIENTED_EDGE('',*,*,#3364,.T.);
#2441=ORIENTED_EDGE('',*,*,#3852,.T.);
#2442=ORIENTED_EDGE('',*,*,#3853,.F.);
#2443=ORIENTED_EDGE('',*,*,#3852,.F.);
#2444=ORIENTED_EDGE('',*,*,#3363,.T.);
#2445=ORIENTED_EDGE('',*,*,#3854,.T.);
#2446=ORIENTED_EDGE('',*,*,#3855,.F.);
#2447=ORIENTED_EDGE('',*,*,#3856,.T.);
#2448=ORIENTED_EDGE('',*,*,#3857,.F.);
#2449=ORIENTED_EDGE('',*,*,#3854,.F.);
#2450=ORIENTED_EDGE('',*,*,#3362,.T.);
#2451=ORIENTED_EDGE('',*,*,#3361,.T.);
#2452=ORIENTED_EDGE('',*,*,#3796,.T.);
#2453=ORIENTED_EDGE('',*,*,#3858,.F.);
#2454=ORIENTED_EDGE('',*,*,#3856,.F.);
#2455=ORIENTED_EDGE('',*,*,#3858,.T.);
#2456=ORIENTED_EDGE('',*,*,#3795,.T.);
#2457=ORIENTED_EDGE('',*,*,#3798,.T.);
#2458=ORIENTED_EDGE('',*,*,#3800,.T.);
#2459=ORIENTED_EDGE('',*,*,#3802,.T.);
#2460=ORIENTED_EDGE('',*,*,#3804,.T.);
#2461=ORIENTED_EDGE('',*,*,#3806,.T.);
#2462=ORIENTED_EDGE('',*,*,#3808,.T.);
#2463=ORIENTED_EDGE('',*,*,#3810,.T.);
#2464=ORIENTED_EDGE('',*,*,#3812,.T.);
#2465=ORIENTED_EDGE('',*,*,#3814,.T.);
#2466=ORIENTED_EDGE('',*,*,#3816,.T.);
#2467=ORIENTED_EDGE('',*,*,#3818,.T.);
#2468=ORIENTED_EDGE('',*,*,#3820,.T.);
#2469=ORIENTED_EDGE('',*,*,#3822,.T.);
#2470=ORIENTED_EDGE('',*,*,#3824,.T.);
#2471=ORIENTED_EDGE('',*,*,#3826,.T.);
#2472=ORIENTED_EDGE('',*,*,#3825,.T.);
#2473=ORIENTED_EDGE('',*,*,#3829,.T.);
#2474=ORIENTED_EDGE('',*,*,#3831,.T.);
#2475=ORIENTED_EDGE('',*,*,#3833,.T.);
#2476=ORIENTED_EDGE('',*,*,#3835,.T.);
#2477=ORIENTED_EDGE('',*,*,#3837,.T.);
#2478=ORIENTED_EDGE('',*,*,#3839,.T.);
#2479=ORIENTED_EDGE('',*,*,#3841,.T.);
#2480=ORIENTED_EDGE('',*,*,#3843,.T.);
#2481=ORIENTED_EDGE('',*,*,#3845,.T.);
#2482=ORIENTED_EDGE('',*,*,#3847,.T.);
#2483=ORIENTED_EDGE('',*,*,#3849,.T.);
#2484=ORIENTED_EDGE('',*,*,#3851,.T.);
#2485=ORIENTED_EDGE('',*,*,#3853,.T.);
#2486=ORIENTED_EDGE('',*,*,#3855,.T.);
#2487=ORIENTED_EDGE('',*,*,#3857,.T.);
#2488=ORIENTED_EDGE('',*,*,#3859,.T.);
#2489=ORIENTED_EDGE('',*,*,#3860,.F.);
#2490=ORIENTED_EDGE('',*,*,#3861,.F.);
#2491=ORIENTED_EDGE('',*,*,#3393,.T.);
#2492=ORIENTED_EDGE('',*,*,#3859,.F.);
#2493=ORIENTED_EDGE('',*,*,#3392,.T.);
#2494=ORIENTED_EDGE('',*,*,#3862,.T.);
#2495=ORIENTED_EDGE('',*,*,#3863,.F.);
#2496=ORIENTED_EDGE('',*,*,#3862,.F.);
#2497=ORIENTED_EDGE('',*,*,#3391,.T.);
#2498=ORIENTED_EDGE('',*,*,#3864,.T.);
#2499=ORIENTED_EDGE('',*,*,#3865,.F.);
#2500=ORIENTED_EDGE('',*,*,#3864,.F.);
#2501=ORIENTED_EDGE('',*,*,#3400,.T.);
#2502=ORIENTED_EDGE('',*,*,#3866,.T.);
#2503=ORIENTED_EDGE('',*,*,#3867,.F.);
#2504=ORIENTED_EDGE('',*,*,#3866,.F.);
#2505=ORIENTED_EDGE('',*,*,#3399,.T.);
#2506=ORIENTED_EDGE('',*,*,#3868,.T.);
#2507=ORIENTED_EDGE('',*,*,#3869,.F.);
#2508=ORIENTED_EDGE('',*,*,#3868,.F.);
#2509=ORIENTED_EDGE('',*,*,#3398,.T.);
#2510=ORIENTED_EDGE('',*,*,#3870,.T.);
#2511=ORIENTED_EDGE('',*,*,#3871,.F.);
#2512=ORIENTED_EDGE('',*,*,#3870,.F.);
#2513=ORIENTED_EDGE('',*,*,#3397,.T.);
#2514=ORIENTED_EDGE('',*,*,#3872,.T.);
#2515=ORIENTED_EDGE('',*,*,#3873,.F.);
#2516=ORIENTED_EDGE('',*,*,#3874,.T.);
#2517=ORIENTED_EDGE('',*,*,#3875,.F.);
#2518=ORIENTED_EDGE('',*,*,#3872,.F.);
#2519=ORIENTED_EDGE('',*,*,#3396,.T.);
#2520=ORIENTED_EDGE('',*,*,#3876,.T.);
#2521=ORIENTED_EDGE('',*,*,#3877,.F.);
#2522=ORIENTED_EDGE('',*,*,#3874,.F.);
#2523=ORIENTED_EDGE('',*,*,#3395,.T.);
#2524=ORIENTED_EDGE('',*,*,#3394,.T.);
#2525=ORIENTED_EDGE('',*,*,#3861,.T.);
#2526=ORIENTED_EDGE('',*,*,#3878,.F.);
#2527=ORIENTED_EDGE('',*,*,#3876,.F.);
#2528=ORIENTED_EDGE('',*,*,#3878,.T.);
#2529=ORIENTED_EDGE('',*,*,#3860,.T.);
#2530=ORIENTED_EDGE('',*,*,#3863,.T.);
#2531=ORIENTED_EDGE('',*,*,#3865,.T.);
#2532=ORIENTED_EDGE('',*,*,#3867,.T.);
#2533=ORIENTED_EDGE('',*,*,#3869,.T.);
#2534=ORIENTED_EDGE('',*,*,#3871,.T.);
#2535=ORIENTED_EDGE('',*,*,#3873,.T.);
#2536=ORIENTED_EDGE('',*,*,#3875,.T.);
#2537=ORIENTED_EDGE('',*,*,#3877,.T.);
#2538=ORIENTED_EDGE('',*,*,#3879,.T.);
#2539=ORIENTED_EDGE('',*,*,#3880,.F.);
#2540=ORIENTED_EDGE('',*,*,#3881,.F.);
#2541=ORIENTED_EDGE('',*,*,#3403,.T.);
#2542=ORIENTED_EDGE('',*,*,#3879,.F.);
#2543=ORIENTED_EDGE('',*,*,#3402,.T.);
#2544=ORIENTED_EDGE('',*,*,#3882,.T.);
#2545=ORIENTED_EDGE('',*,*,#3883,.F.);
#2546=ORIENTED_EDGE('',*,*,#3882,.F.);
#2547=ORIENTED_EDGE('',*,*,#3401,.T.);
#2548=ORIENTED_EDGE('',*,*,#3884,.T.);
#2549=ORIENTED_EDGE('',*,*,#3885,.F.);
#2550=ORIENTED_EDGE('',*,*,#3884,.F.);
#2551=ORIENTED_EDGE('',*,*,#3410,.T.);
#2552=ORIENTED_EDGE('',*,*,#3886,.T.);
#2553=ORIENTED_EDGE('',*,*,#3887,.F.);
#2554=ORIENTED_EDGE('',*,*,#3886,.F.);
#2555=ORIENTED_EDGE('',*,*,#3409,.T.);
#2556=ORIENTED_EDGE('',*,*,#3888,.T.);
#2557=ORIENTED_EDGE('',*,*,#3889,.F.);
#2558=ORIENTED_EDGE('',*,*,#3888,.F.);
#2559=ORIENTED_EDGE('',*,*,#3408,.T.);
#2560=ORIENTED_EDGE('',*,*,#3890,.T.);
#2561=ORIENTED_EDGE('',*,*,#3891,.F.);
#2562=ORIENTED_EDGE('',*,*,#3890,.F.);
#2563=ORIENTED_EDGE('',*,*,#3407,.T.);
#2564=ORIENTED_EDGE('',*,*,#3892,.T.);
#2565=ORIENTED_EDGE('',*,*,#3893,.F.);
#2566=ORIENTED_EDGE('',*,*,#3894,.T.);
#2567=ORIENTED_EDGE('',*,*,#3895,.F.);
#2568=ORIENTED_EDGE('',*,*,#3892,.F.);
#2569=ORIENTED_EDGE('',*,*,#3406,.T.);
#2570=ORIENTED_EDGE('',*,*,#3896,.T.);
#2571=ORIENTED_EDGE('',*,*,#3897,.F.);
#2572=ORIENTED_EDGE('',*,*,#3894,.F.);
#2573=ORIENTED_EDGE('',*,*,#3405,.T.);
#2574=ORIENTED_EDGE('',*,*,#3404,.T.);
#2575=ORIENTED_EDGE('',*,*,#3881,.T.);
#2576=ORIENTED_EDGE('',*,*,#3898,.F.);
#2577=ORIENTED_EDGE('',*,*,#3896,.F.);
#2578=ORIENTED_EDGE('',*,*,#3898,.T.);
#2579=ORIENTED_EDGE('',*,*,#3880,.T.);
#2580=ORIENTED_EDGE('',*,*,#3883,.T.);
#2581=ORIENTED_EDGE('',*,*,#3885,.T.);
#2582=ORIENTED_EDGE('',*,*,#3887,.T.);
#2583=ORIENTED_EDGE('',*,*,#3889,.T.);
#2584=ORIENTED_EDGE('',*,*,#3891,.T.);
#2585=ORIENTED_EDGE('',*,*,#3893,.T.);
#2586=ORIENTED_EDGE('',*,*,#3895,.T.);
#2587=ORIENTED_EDGE('',*,*,#3897,.T.);
#2588=ORIENTED_EDGE('',*,*,#3899,.F.);
#2589=ORIENTED_EDGE('',*,*,#3414,.T.);
#2590=ORIENTED_EDGE('',*,*,#3900,.T.);
#2591=ORIENTED_EDGE('',*,*,#3901,.F.);
#2592=ORIENTED_EDGE('',*,*,#3900,.F.);
#2593=ORIENTED_EDGE('',*,*,#3413,.T.);
#2594=ORIENTED_EDGE('',*,*,#3902,.T.);
#2595=ORIENTED_EDGE('',*,*,#3903,.F.);
#2596=ORIENTED_EDGE('',*,*,#3902,.F.);
#2597=ORIENTED_EDGE('',*,*,#3412,.T.);
#2598=ORIENTED_EDGE('',*,*,#3904,.T.);
#2599=ORIENTED_EDGE('',*,*,#3905,.F.);
#2600=ORIENTED_EDGE('',*,*,#3904,.F.);
#2601=ORIENTED_EDGE('',*,*,#3411,.T.);
#2602=ORIENTED_EDGE('',*,*,#3906,.T.);
#2603=ORIENTED_EDGE('',*,*,#3907,.F.);
#2604=ORIENTED_EDGE('',*,*,#3908,.T.);
#2605=ORIENTED_EDGE('',*,*,#3909,.F.);
#2606=ORIENTED_EDGE('',*,*,#3906,.F.);
#2607=ORIENTED_EDGE('',*,*,#3416,.T.);
#2608=ORIENTED_EDGE('',*,*,#3415,.T.);
#2609=ORIENTED_EDGE('',*,*,#3899,.T.);
#2610=ORIENTED_EDGE('',*,*,#3910,.F.);
#2611=ORIENTED_EDGE('',*,*,#3908,.F.);
#2612=ORIENTED_EDGE('',*,*,#3910,.T.);
#2613=ORIENTED_EDGE('',*,*,#3901,.T.);
#2614=ORIENTED_EDGE('',*,*,#3903,.T.);
#2615=ORIENTED_EDGE('',*,*,#3905,.T.);
#2616=ORIENTED_EDGE('',*,*,#3907,.T.);
#2617=ORIENTED_EDGE('',*,*,#3909,.T.);
#2618=ORIENTED_EDGE('',*,*,#3911,.F.);
#2619=ORIENTED_EDGE('',*,*,#3218,.T.);
#2620=ORIENTED_EDGE('',*,*,#3912,.T.);
#2621=ORIENTED_EDGE('',*,*,#3913,.F.);
#2622=ORIENTED_EDGE('',*,*,#3912,.F.);
#2623=ORIENTED_EDGE('',*,*,#3217,.T.);
#2624=ORIENTED_EDGE('',*,*,#3914,.T.);
#2625=ORIENTED_EDGE('',*,*,#3915,.F.);
#2626=ORIENTED_EDGE('',*,*,#3914,.F.);
#2627=ORIENTED_EDGE('',*,*,#3216,.T.);
#2628=ORIENTED_EDGE('',*,*,#3916,.T.);
#2629=ORIENTED_EDGE('',*,*,#3917,.F.);
#2630=ORIENTED_EDGE('',*,*,#3916,.F.);
#2631=ORIENTED_EDGE('',*,*,#3215,.T.);
#2632=ORIENTED_EDGE('',*,*,#3918,.T.);
#2633=ORIENTED_EDGE('',*,*,#3919,.F.);
#2634=ORIENTED_EDGE('',*,*,#3920,.T.);
#2635=ORIENTED_EDGE('',*,*,#3921,.F.);
#2636=ORIENTED_EDGE('',*,*,#3918,.F.);
#2637=ORIENTED_EDGE('',*,*,#3214,.T.);
#2638=ORIENTED_EDGE('',*,*,#3922,.T.);
#2639=ORIENTED_EDGE('',*,*,#3923,.F.);
#2640=ORIENTED_EDGE('',*,*,#3920,.F.);
#2641=ORIENTED_EDGE('',*,*,#3213,.T.);
#2642=ORIENTED_EDGE('',*,*,#3922,.F.);
#2643=ORIENTED_EDGE('',*,*,#3212,.T.);
#2644=ORIENTED_EDGE('',*,*,#3924,.T.);
#2645=ORIENTED_EDGE('',*,*,#3925,.F.);
#2646=ORIENTED_EDGE('',*,*,#3924,.F.);
#2647=ORIENTED_EDGE('',*,*,#3211,.T.);
#2648=ORIENTED_EDGE('',*,*,#3926,.T.);
#2649=ORIENTED_EDGE('',*,*,#3927,.F.);
#2650=ORIENTED_EDGE('',*,*,#3926,.F.);
#2651=ORIENTED_EDGE('',*,*,#3234,.T.);
#2652=ORIENTED_EDGE('',*,*,#3928,.T.);
#2653=ORIENTED_EDGE('',*,*,#3929,.F.);
#2654=ORIENTED_EDGE('',*,*,#3928,.F.);
#2655=ORIENTED_EDGE('',*,*,#3233,.T.);
#2656=ORIENTED_EDGE('',*,*,#3930,.T.);
#2657=ORIENTED_EDGE('',*,*,#3931,.F.);
#2658=ORIENTED_EDGE('',*,*,#3930,.F.);
#2659=ORIENTED_EDGE('',*,*,#3232,.T.);
#2660=ORIENTED_EDGE('',*,*,#3932,.T.);
#2661=ORIENTED_EDGE('',*,*,#3933,.F.);
#2662=ORIENTED_EDGE('',*,*,#3932,.F.);
#2663=ORIENTED_EDGE('',*,*,#3231,.T.);
#2664=ORIENTED_EDGE('',*,*,#3934,.T.);
#2665=ORIENTED_EDGE('',*,*,#3935,.F.);
#2666=ORIENTED_EDGE('',*,*,#3934,.F.);
#2667=ORIENTED_EDGE('',*,*,#3230,.T.);
#2668=ORIENTED_EDGE('',*,*,#3936,.T.);
#2669=ORIENTED_EDGE('',*,*,#3937,.F.);
#2670=ORIENTED_EDGE('',*,*,#3936,.F.);
#2671=ORIENTED_EDGE('',*,*,#3229,.T.);
#2672=ORIENTED_EDGE('',*,*,#3938,.T.);
#2673=ORIENTED_EDGE('',*,*,#3939,.F.);
#2674=ORIENTED_EDGE('',*,*,#3938,.F.);
#2675=ORIENTED_EDGE('',*,*,#3228,.T.);
#2676=ORIENTED_EDGE('',*,*,#3940,.T.);
#2677=ORIENTED_EDGE('',*,*,#3941,.F.);
#2678=ORIENTED_EDGE('',*,*,#3940,.F.);
#2679=ORIENTED_EDGE('',*,*,#3227,.T.);
#2680=ORIENTED_EDGE('',*,*,#3942,.T.);
#2681=ORIENTED_EDGE('',*,*,#3943,.F.);
#2682=ORIENTED_EDGE('',*,*,#3942,.F.);
#2683=ORIENTED_EDGE('',*,*,#3226,.T.);
#2684=ORIENTED_EDGE('',*,*,#3944,.T.);
#2685=ORIENTED_EDGE('',*,*,#3945,.F.);
#2686=ORIENTED_EDGE('',*,*,#3944,.F.);
#2687=ORIENTED_EDGE('',*,*,#3225,.T.);
#2688=ORIENTED_EDGE('',*,*,#3946,.T.);
#2689=ORIENTED_EDGE('',*,*,#3947,.F.);
#2690=ORIENTED_EDGE('',*,*,#3946,.F.);
#2691=ORIENTED_EDGE('',*,*,#3224,.T.);
#2692=ORIENTED_EDGE('',*,*,#3948,.T.);
#2693=ORIENTED_EDGE('',*,*,#3949,.F.);
#2694=ORIENTED_EDGE('',*,*,#3948,.F.);
#2695=ORIENTED_EDGE('',*,*,#3223,.T.);
#2696=ORIENTED_EDGE('',*,*,#3950,.T.);
#2697=ORIENTED_EDGE('',*,*,#3951,.F.);
#2698=ORIENTED_EDGE('',*,*,#3950,.F.);
#2699=ORIENTED_EDGE('',*,*,#3222,.T.);
#2700=ORIENTED_EDGE('',*,*,#3952,.T.);
#2701=ORIENTED_EDGE('',*,*,#3953,.F.);
#2702=ORIENTED_EDGE('',*,*,#3952,.F.);
#2703=ORIENTED_EDGE('',*,*,#3221,.T.);
#2704=ORIENTED_EDGE('',*,*,#3954,.T.);
#2705=ORIENTED_EDGE('',*,*,#3955,.F.);
#2706=ORIENTED_EDGE('',*,*,#3954,.F.);
#2707=ORIENTED_EDGE('',*,*,#3220,.T.);
#2708=ORIENTED_EDGE('',*,*,#3956,.T.);
#2709=ORIENTED_EDGE('',*,*,#3957,.F.);
#2710=ORIENTED_EDGE('',*,*,#3958,.F.);
#2711=ORIENTED_EDGE('',*,*,#3959,.T.);
#2712=ORIENTED_EDGE('',*,*,#3960,.T.);
#2713=ORIENTED_EDGE('',*,*,#3961,.F.);
#2714=ORIENTED_EDGE('',*,*,#3960,.F.);
#2715=ORIENTED_EDGE('',*,*,#3962,.T.);
#2716=ORIENTED_EDGE('',*,*,#3963,.T.);
#2717=ORIENTED_EDGE('',*,*,#3964,.F.);
#2718=ORIENTED_EDGE('',*,*,#3963,.F.);
#2719=ORIENTED_EDGE('',*,*,#3965,.T.);
#2720=ORIENTED_EDGE('',*,*,#3966,.T.);
#2721=ORIENTED_EDGE('',*,*,#3967,.F.);
#2722=ORIENTED_EDGE('',*,*,#3966,.F.);
#2723=ORIENTED_EDGE('',*,*,#3968,.T.);
#2724=ORIENTED_EDGE('',*,*,#3969,.T.);
#2725=ORIENTED_EDGE('',*,*,#3970,.F.);
#2726=ORIENTED_EDGE('',*,*,#3969,.F.);
#2727=ORIENTED_EDGE('',*,*,#3971,.T.);
#2728=ORIENTED_EDGE('',*,*,#3972,.T.);
#2729=ORIENTED_EDGE('',*,*,#3973,.F.);
#2730=ORIENTED_EDGE('',*,*,#3972,.F.);
#2731=ORIENTED_EDGE('',*,*,#3974,.T.);
#2732=ORIENTED_EDGE('',*,*,#3975,.T.);
#2733=ORIENTED_EDGE('',*,*,#3976,.F.);
#2734=ORIENTED_EDGE('',*,*,#3975,.F.);
#2735=ORIENTED_EDGE('',*,*,#3977,.T.);
#2736=ORIENTED_EDGE('',*,*,#3978,.T.);
#2737=ORIENTED_EDGE('',*,*,#3979,.F.);
#2738=ORIENTED_EDGE('',*,*,#3978,.F.);
#2739=ORIENTED_EDGE('',*,*,#3980,.T.);
#2740=ORIENTED_EDGE('',*,*,#3981,.T.);
#2741=ORIENTED_EDGE('',*,*,#3982,.F.);
#2742=ORIENTED_EDGE('',*,*,#3981,.F.);
#2743=ORIENTED_EDGE('',*,*,#3983,.T.);
#2744=ORIENTED_EDGE('',*,*,#3984,.T.);
#2745=ORIENTED_EDGE('',*,*,#3985,.F.);
#2746=ORIENTED_EDGE('',*,*,#3984,.F.);
#2747=ORIENTED_EDGE('',*,*,#3986,.T.);
#2748=ORIENTED_EDGE('',*,*,#3987,.T.);
#2749=ORIENTED_EDGE('',*,*,#3988,.F.);
#2750=ORIENTED_EDGE('',*,*,#3987,.F.);
#2751=ORIENTED_EDGE('',*,*,#3989,.T.);
#2752=ORIENTED_EDGE('',*,*,#3990,.T.);
#2753=ORIENTED_EDGE('',*,*,#3991,.F.);
#2754=ORIENTED_EDGE('',*,*,#3990,.F.);
#2755=ORIENTED_EDGE('',*,*,#3992,.T.);
#2756=ORIENTED_EDGE('',*,*,#3993,.T.);
#2757=ORIENTED_EDGE('',*,*,#3994,.F.);
#2758=ORIENTED_EDGE('',*,*,#3993,.F.);
#2759=ORIENTED_EDGE('',*,*,#3995,.T.);
#2760=ORIENTED_EDGE('',*,*,#3996,.T.);
#2761=ORIENTED_EDGE('',*,*,#3997,.F.);
#2762=ORIENTED_EDGE('',*,*,#3996,.F.);
#2763=ORIENTED_EDGE('',*,*,#3998,.T.);
#2764=ORIENTED_EDGE('',*,*,#3999,.T.);
#2765=ORIENTED_EDGE('',*,*,#4000,.F.);
#2766=ORIENTED_EDGE('',*,*,#3999,.F.);
#2767=ORIENTED_EDGE('',*,*,#4001,.T.);
#2768=ORIENTED_EDGE('',*,*,#4002,.T.);
#2769=ORIENTED_EDGE('',*,*,#4003,.F.);
#2770=ORIENTED_EDGE('',*,*,#4002,.F.);
#2771=ORIENTED_EDGE('',*,*,#4004,.T.);
#2772=ORIENTED_EDGE('',*,*,#4005,.T.);
#2773=ORIENTED_EDGE('',*,*,#4006,.F.);
#2774=ORIENTED_EDGE('',*,*,#4005,.F.);
#2775=ORIENTED_EDGE('',*,*,#4007,.T.);
#2776=ORIENTED_EDGE('',*,*,#4008,.T.);
#2777=ORIENTED_EDGE('',*,*,#4009,.F.);
#2778=ORIENTED_EDGE('',*,*,#4010,.T.);
#2779=ORIENTED_EDGE('',*,*,#3958,.T.);
#2780=ORIENTED_EDGE('',*,*,#4011,.F.);
#2781=ORIENTED_EDGE('',*,*,#4008,.F.);
#2782=ORIENTED_EDGE('',*,*,#3219,.T.);
#2783=ORIENTED_EDGE('',*,*,#3911,.T.);
#2784=ORIENTED_EDGE('',*,*,#4012,.F.);
#2785=ORIENTED_EDGE('',*,*,#3956,.F.);
#2786=ORIENTED_EDGE('',*,*,#4009,.T.);
#2787=ORIENTED_EDGE('',*,*,#4011,.T.);
#2788=ORIENTED_EDGE('',*,*,#3961,.T.);
#2789=ORIENTED_EDGE('',*,*,#3964,.T.);
#2790=ORIENTED_EDGE('',*,*,#3967,.T.);
#2791=ORIENTED_EDGE('',*,*,#3970,.T.);
#2792=ORIENTED_EDGE('',*,*,#3973,.T.);
#2793=ORIENTED_EDGE('',*,*,#3976,.T.);
#2794=ORIENTED_EDGE('',*,*,#3979,.T.);
#2795=ORIENTED_EDGE('',*,*,#3982,.T.);
#2796=ORIENTED_EDGE('',*,*,#3985,.T.);
#2797=ORIENTED_EDGE('',*,*,#3988,.T.);
#2798=ORIENTED_EDGE('',*,*,#3991,.T.);
#2799=ORIENTED_EDGE('',*,*,#3994,.T.);
#2800=ORIENTED_EDGE('',*,*,#3997,.T.);
#2801=ORIENTED_EDGE('',*,*,#4000,.T.);
#2802=ORIENTED_EDGE('',*,*,#4003,.T.);
#2803=ORIENTED_EDGE('',*,*,#4006,.T.);
#2804=ORIENTED_EDGE('',*,*,#3957,.T.);
#2805=ORIENTED_EDGE('',*,*,#4012,.T.);
#2806=ORIENTED_EDGE('',*,*,#3913,.T.);
#2807=ORIENTED_EDGE('',*,*,#3915,.T.);
#2808=ORIENTED_EDGE('',*,*,#3917,.T.);
#2809=ORIENTED_EDGE('',*,*,#3919,.T.);
#2810=ORIENTED_EDGE('',*,*,#3921,.T.);
#2811=ORIENTED_EDGE('',*,*,#3923,.T.);
#2812=ORIENTED_EDGE('',*,*,#3925,.T.);
#2813=ORIENTED_EDGE('',*,*,#3927,.T.);
#2814=ORIENTED_EDGE('',*,*,#3929,.T.);
#2815=ORIENTED_EDGE('',*,*,#3931,.T.);
#2816=ORIENTED_EDGE('',*,*,#3933,.T.);
#2817=ORIENTED_EDGE('',*,*,#3935,.T.);
#2818=ORIENTED_EDGE('',*,*,#3937,.T.);
#2819=ORIENTED_EDGE('',*,*,#3939,.T.);
#2820=ORIENTED_EDGE('',*,*,#3941,.T.);
#2821=ORIENTED_EDGE('',*,*,#3943,.T.);
#2822=ORIENTED_EDGE('',*,*,#3945,.T.);
#2823=ORIENTED_EDGE('',*,*,#3947,.T.);
#2824=ORIENTED_EDGE('',*,*,#3949,.T.);
#2825=ORIENTED_EDGE('',*,*,#3951,.T.);
#2826=ORIENTED_EDGE('',*,*,#3953,.T.);
#2827=ORIENTED_EDGE('',*,*,#3955,.T.);
#2828=ORIENTED_EDGE('',*,*,#3998,.F.);
#2829=ORIENTED_EDGE('',*,*,#3995,.F.);
#2830=ORIENTED_EDGE('',*,*,#3992,.F.);
#2831=ORIENTED_EDGE('',*,*,#3989,.F.);
#2832=ORIENTED_EDGE('',*,*,#3986,.F.);
#2833=ORIENTED_EDGE('',*,*,#3983,.F.);
#2834=ORIENTED_EDGE('',*,*,#3980,.F.);
#2835=ORIENTED_EDGE('',*,*,#3977,.F.);
#2836=ORIENTED_EDGE('',*,*,#3974,.F.);
#2837=ORIENTED_EDGE('',*,*,#3971,.F.);
#2838=ORIENTED_EDGE('',*,*,#3968,.F.);
#2839=ORIENTED_EDGE('',*,*,#3965,.F.);
#2840=ORIENTED_EDGE('',*,*,#3962,.F.);
#2841=ORIENTED_EDGE('',*,*,#3959,.F.);
#2842=ORIENTED_EDGE('',*,*,#4010,.F.);
#2843=ORIENTED_EDGE('',*,*,#4007,.F.);
#2844=ORIENTED_EDGE('',*,*,#4004,.F.);
#2845=ORIENTED_EDGE('',*,*,#4001,.F.);
#2846=ORIENTED_EDGE('',*,*,#4013,.T.);
#2847=ORIENTED_EDGE('',*,*,#4014,.F.);
#2848=ORIENTED_EDGE('',*,*,#4015,.F.);
#2849=ORIENTED_EDGE('',*,*,#3418,.T.);
#2850=ORIENTED_EDGE('',*,*,#4013,.F.);
#2851=ORIENTED_EDGE('',*,*,#3417,.T.);
#2852=ORIENTED_EDGE('',*,*,#4016,.T.);
#2853=ORIENTED_EDGE('',*,*,#4017,.F.);
#2854=ORIENTED_EDGE('',*,*,#4016,.F.);
#2855=ORIENTED_EDGE('',*,*,#3446,.T.);
#2856=ORIENTED_EDGE('',*,*,#4018,.T.);
#2857=ORIENTED_EDGE('',*,*,#4019,.F.);
#2858=ORIENTED_EDGE('',*,*,#4018,.F.);
#2859=ORIENTED_EDGE('',*,*,#3445,.T.);
#2860=ORIENTED_EDGE('',*,*,#4020,.T.);
#2861=ORIENTED_EDGE('',*,*,#4021,.F.);
#2862=ORIENTED_EDGE('',*,*,#4020,.F.);
#2863=ORIENTED_EDGE('',*,*,#3444,.T.);
#2864=ORIENTED_EDGE('',*,*,#4022,.T.);
#2865=ORIENTED_EDGE('',*,*,#4023,.F.);
#2866=ORIENTED_EDGE('',*,*,#4022,.F.);
#2867=ORIENTED_EDGE('',*,*,#3443,.T.);
#2868=ORIENTED_EDGE('',*,*,#4024,.T.);
#2869=ORIENTED_EDGE('',*,*,#4025,.F.);
#2870=ORIENTED_EDGE('',*,*,#4024,.F.);
#2871=ORIENTED_EDGE('',*,*,#3442,.T.);
#2872=ORIENTED_EDGE('',*,*,#4026,.T.);
#2873=ORIENTED_EDGE('',*,*,#4027,.F.);
#2874=ORIENTED_EDGE('',*,*,#4026,.F.);
#2875=ORIENTED_EDGE('',*,*,#3441,.T.);
#2876=ORIENTED_EDGE('',*,*,#4028,.T.);
#2877=ORIENTED_EDGE('',*,*,#4029,.F.);
#2878=ORIENTED_EDGE('',*,*,#4028,.F.);
#2879=ORIENTED_EDGE('',*,*,#3440,.T.);
#2880=ORIENTED_EDGE('',*,*,#4030,.T.);
#2881=ORIENTED_EDGE('',*,*,#4031,.F.);
#2882=ORIENTED_EDGE('',*,*,#4030,.F.);
#2883=ORIENTED_EDGE('',*,*,#3439,.T.);
#2884=ORIENTED_EDGE('',*,*,#4032,.T.);
#2885=ORIENTED_EDGE('',*,*,#4033,.F.);
#2886=ORIENTED_EDGE('',*,*,#4032,.F.);
#2887=ORIENTED_EDGE('',*,*,#3438,.T.);
#2888=ORIENTED_EDGE('',*,*,#4034,.T.);
#2889=ORIENTED_EDGE('',*,*,#4035,.F.);
#2890=ORIENTED_EDGE('',*,*,#4034,.F.);
#2891=ORIENTED_EDGE('',*,*,#3437,.T.);
#2892=ORIENTED_EDGE('',*,*,#4036,.T.);
#2893=ORIENTED_EDGE('',*,*,#4037,.F.);
#2894=ORIENTED_EDGE('',*,*,#4036,.F.);
#2895=ORIENTED_EDGE('',*,*,#3436,.T.);
#2896=ORIENTED_EDGE('',*,*,#4038,.T.);
#2897=ORIENTED_EDGE('',*,*,#4039,.F.);
#2898=ORIENTED_EDGE('',*,*,#4038,.F.);
#2899=ORIENTED_EDGE('',*,*,#3435,.T.);
#2900=ORIENTED_EDGE('',*,*,#4040,.T.);
#2901=ORIENTED_EDGE('',*,*,#4041,.F.);
#2902=ORIENTED_EDGE('',*,*,#4040,.F.);
#2903=ORIENTED_EDGE('',*,*,#3434,.T.);
#2904=ORIENTED_EDGE('',*,*,#4042,.T.);
#2905=ORIENTED_EDGE('',*,*,#4043,.F.);
#2906=ORIENTED_EDGE('',*,*,#4042,.F.);
#2907=ORIENTED_EDGE('',*,*,#3433,.T.);
#2908=ORIENTED_EDGE('',*,*,#4044,.T.);
#2909=ORIENTED_EDGE('',*,*,#4045,.F.);
#2910=ORIENTED_EDGE('',*,*,#4044,.F.);
#2911=ORIENTED_EDGE('',*,*,#3432,.T.);
#2912=ORIENTED_EDGE('',*,*,#4046,.T.);
#2913=ORIENTED_EDGE('',*,*,#4047,.F.);
#2914=ORIENTED_EDGE('',*,*,#4046,.F.);
#2915=ORIENTED_EDGE('',*,*,#3431,.T.);
#2916=ORIENTED_EDGE('',*,*,#4048,.T.);
#2917=ORIENTED_EDGE('',*,*,#4049,.F.);
#2918=ORIENTED_EDGE('',*,*,#4048,.F.);
#2919=ORIENTED_EDGE('',*,*,#3430,.T.);
#2920=ORIENTED_EDGE('',*,*,#4050,.T.);
#2921=ORIENTED_EDGE('',*,*,#4051,.F.);
#2922=ORIENTED_EDGE('',*,*,#4050,.F.);
#2923=ORIENTED_EDGE('',*,*,#3429,.T.);
#2924=ORIENTED_EDGE('',*,*,#4052,.T.);
#2925=ORIENTED_EDGE('',*,*,#4053,.F.);
#2926=ORIENTED_EDGE('',*,*,#4052,.F.);
#2927=ORIENTED_EDGE('',*,*,#3428,.T.);
#2928=ORIENTED_EDGE('',*,*,#4054,.T.);
#2929=ORIENTED_EDGE('',*,*,#4055,.F.);
#2930=ORIENTED_EDGE('',*,*,#4054,.F.);
#2931=ORIENTED_EDGE('',*,*,#3427,.T.);
#2932=ORIENTED_EDGE('',*,*,#4056,.T.);
#2933=ORIENTED_EDGE('',*,*,#4057,.F.);
#2934=ORIENTED_EDGE('',*,*,#4056,.F.);
#2935=ORIENTED_EDGE('',*,*,#3426,.T.);
#2936=ORIENTED_EDGE('',*,*,#4058,.T.);
#2937=ORIENTED_EDGE('',*,*,#4059,.F.);
#2938=ORIENTED_EDGE('',*,*,#4058,.F.);
#2939=ORIENTED_EDGE('',*,*,#3425,.T.);
#2940=ORIENTED_EDGE('',*,*,#4060,.T.);
#2941=ORIENTED_EDGE('',*,*,#4061,.F.);
#2942=ORIENTED_EDGE('',*,*,#4060,.F.);
#2943=ORIENTED_EDGE('',*,*,#3424,.T.);
#2944=ORIENTED_EDGE('',*,*,#4062,.T.);
#2945=ORIENTED_EDGE('',*,*,#4063,.F.);
#2946=ORIENTED_EDGE('',*,*,#4062,.F.);
#2947=ORIENTED_EDGE('',*,*,#3423,.T.);
#2948=ORIENTED_EDGE('',*,*,#4064,.T.);
#2949=ORIENTED_EDGE('',*,*,#4065,.F.);
#2950=ORIENTED_EDGE('',*,*,#4064,.F.);
#2951=ORIENTED_EDGE('',*,*,#3422,.T.);
#2952=ORIENTED_EDGE('',*,*,#4066,.T.);
#2953=ORIENTED_EDGE('',*,*,#4067,.F.);
#2954=ORIENTED_EDGE('',*,*,#4066,.F.);
#2955=ORIENTED_EDGE('',*,*,#3421,.T.);
#2956=ORIENTED_EDGE('',*,*,#4068,.T.);
#2957=ORIENTED_EDGE('',*,*,#4069,.F.);
#2958=ORIENTED_EDGE('',*,*,#4068,.F.);
#2959=ORIENTED_EDGE('',*,*,#3420,.T.);
#2960=ORIENTED_EDGE('',*,*,#4070,.T.);
#2961=ORIENTED_EDGE('',*,*,#4071,.F.);
#2962=ORIENTED_EDGE('',*,*,#4072,.F.);
#2963=ORIENTED_EDGE('',*,*,#4073,.T.);
#2964=ORIENTED_EDGE('',*,*,#4074,.T.);
#2965=ORIENTED_EDGE('',*,*,#4075,.F.);
#2966=ORIENTED_EDGE('',*,*,#4074,.F.);
#2967=ORIENTED_EDGE('',*,*,#4076,.T.);
#2968=ORIENTED_EDGE('',*,*,#4077,.T.);
#2969=ORIENTED_EDGE('',*,*,#4078,.F.);
#2970=ORIENTED_EDGE('',*,*,#4077,.F.);
#2971=ORIENTED_EDGE('',*,*,#4079,.T.);
#2972=ORIENTED_EDGE('',*,*,#4080,.T.);
#2973=ORIENTED_EDGE('',*,*,#4081,.F.);
#2974=ORIENTED_EDGE('',*,*,#4080,.F.);
#2975=ORIENTED_EDGE('',*,*,#4082,.T.);
#2976=ORIENTED_EDGE('',*,*,#4083,.T.);
#2977=ORIENTED_EDGE('',*,*,#4084,.F.);
#2978=ORIENTED_EDGE('',*,*,#4083,.F.);
#2979=ORIENTED_EDGE('',*,*,#4085,.T.);
#2980=ORIENTED_EDGE('',*,*,#4086,.T.);
#2981=ORIENTED_EDGE('',*,*,#4087,.F.);
#2982=ORIENTED_EDGE('',*,*,#4086,.F.);
#2983=ORIENTED_EDGE('',*,*,#4088,.T.);
#2984=ORIENTED_EDGE('',*,*,#4089,.T.);
#2985=ORIENTED_EDGE('',*,*,#4090,.F.);
#2986=ORIENTED_EDGE('',*,*,#4089,.F.);
#2987=ORIENTED_EDGE('',*,*,#4091,.T.);
#2988=ORIENTED_EDGE('',*,*,#4092,.T.);
#2989=ORIENTED_EDGE('',*,*,#4093,.F.);
#2990=ORIENTED_EDGE('',*,*,#4092,.F.);
#2991=ORIENTED_EDGE('',*,*,#4094,.T.);
#2992=ORIENTED_EDGE('',*,*,#4095,.T.);
#2993=ORIENTED_EDGE('',*,*,#4096,.F.);
#2994=ORIENTED_EDGE('',*,*,#4095,.F.);
#2995=ORIENTED_EDGE('',*,*,#4097,.T.);
#2996=ORIENTED_EDGE('',*,*,#4098,.T.);
#2997=ORIENTED_EDGE('',*,*,#4099,.F.);
#2998=ORIENTED_EDGE('',*,*,#4098,.F.);
#2999=ORIENTED_EDGE('',*,*,#4100,.T.);
#3000=ORIENTED_EDGE('',*,*,#4101,.T.);
#3001=ORIENTED_EDGE('',*,*,#4102,.F.);
#3002=ORIENTED_EDGE('',*,*,#4101,.F.);
#3003=ORIENTED_EDGE('',*,*,#4103,.T.);
#3004=ORIENTED_EDGE('',*,*,#4104,.T.);
#3005=ORIENTED_EDGE('',*,*,#4105,.F.);
#3006=ORIENTED_EDGE('',*,*,#4106,.T.);
#3007=ORIENTED_EDGE('',*,*,#4072,.T.);
#3008=ORIENTED_EDGE('',*,*,#4107,.F.);
#3009=ORIENTED_EDGE('',*,*,#4104,.F.);
#3010=ORIENTED_EDGE('',*,*,#3419,.T.);
#3011=ORIENTED_EDGE('',*,*,#4015,.T.);
#3012=ORIENTED_EDGE('',*,*,#4108,.F.);
#3013=ORIENTED_EDGE('',*,*,#4070,.F.);
#3014=ORIENTED_EDGE('',*,*,#4105,.T.);
#3015=ORIENTED_EDGE('',*,*,#4107,.T.);
#3016=ORIENTED_EDGE('',*,*,#4075,.T.);
#3017=ORIENTED_EDGE('',*,*,#4078,.T.);
#3018=ORIENTED_EDGE('',*,*,#4081,.T.);
#3019=ORIENTED_EDGE('',*,*,#4084,.T.);
#3020=ORIENTED_EDGE('',*,*,#4087,.T.);
#3021=ORIENTED_EDGE('',*,*,#4090,.T.);
#3022=ORIENTED_EDGE('',*,*,#4093,.T.);
#3023=ORIENTED_EDGE('',*,*,#4096,.T.);
#3024=ORIENTED_EDGE('',*,*,#4099,.T.);
#3025=ORIENTED_EDGE('',*,*,#4102,.T.);
#3026=ORIENTED_EDGE('',*,*,#4108,.T.);
#3027=ORIENTED_EDGE('',*,*,#4014,.T.);
#3028=ORIENTED_EDGE('',*,*,#4017,.T.);
#3029=ORIENTED_EDGE('',*,*,#4019,.T.);
#3030=ORIENTED_EDGE('',*,*,#4021,.T.);
#3031=ORIENTED_EDGE('',*,*,#4023,.T.);
#3032=ORIENTED_EDGE('',*,*,#4025,.T.);
#3033=ORIENTED_EDGE('',*,*,#4027,.T.);
#3034=ORIENTED_EDGE('',*,*,#4029,.T.);
#3035=ORIENTED_EDGE('',*,*,#4031,.T.);
#3036=ORIENTED_EDGE('',*,*,#4033,.T.);
#3037=ORIENTED_EDGE('',*,*,#4035,.T.);
#3038=ORIENTED_EDGE('',*,*,#4037,.T.);
#3039=ORIENTED_EDGE('',*,*,#4039,.T.);
#3040=ORIENTED_EDGE('',*,*,#4041,.T.);
#3041=ORIENTED_EDGE('',*,*,#4043,.T.);
#3042=ORIENTED_EDGE('',*,*,#4045,.T.);
#3043=ORIENTED_EDGE('',*,*,#4047,.T.);
#3044=ORIENTED_EDGE('',*,*,#4049,.T.);
#3045=ORIENTED_EDGE('',*,*,#4051,.T.);
#3046=ORIENTED_EDGE('',*,*,#4053,.T.);
#3047=ORIENTED_EDGE('',*,*,#4055,.T.);
#3048=ORIENTED_EDGE('',*,*,#4057,.T.);
#3049=ORIENTED_EDGE('',*,*,#4059,.T.);
#3050=ORIENTED_EDGE('',*,*,#4061,.T.);
#3051=ORIENTED_EDGE('',*,*,#4063,.T.);
#3052=ORIENTED_EDGE('',*,*,#4065,.T.);
#3053=ORIENTED_EDGE('',*,*,#4067,.T.);
#3054=ORIENTED_EDGE('',*,*,#4069,.T.);
#3055=ORIENTED_EDGE('',*,*,#4071,.T.);
#3056=ORIENTED_EDGE('',*,*,#4103,.F.);
#3057=ORIENTED_EDGE('',*,*,#4100,.F.);
#3058=ORIENTED_EDGE('',*,*,#4097,.F.);
#3059=ORIENTED_EDGE('',*,*,#4094,.F.);
#3060=ORIENTED_EDGE('',*,*,#4091,.F.);
#3061=ORIENTED_EDGE('',*,*,#4088,.F.);
#3062=ORIENTED_EDGE('',*,*,#4085,.F.);
#3063=ORIENTED_EDGE('',*,*,#4082,.F.);
#3064=ORIENTED_EDGE('',*,*,#4079,.F.);
#3065=ORIENTED_EDGE('',*,*,#4076,.F.);
#3066=ORIENTED_EDGE('',*,*,#4073,.F.);
#3067=ORIENTED_EDGE('',*,*,#4106,.F.);
#3068=ORIENTED_EDGE('',*,*,#4109,.F.);
#3069=ORIENTED_EDGE('',*,*,#3205,.T.);
#3070=ORIENTED_EDGE('',*,*,#4110,.T.);
#3071=ORIENTED_EDGE('',*,*,#4111,.F.);
#3072=ORIENTED_EDGE('',*,*,#4110,.F.);
#3073=ORIENTED_EDGE('',*,*,#3204,.T.);
#3074=ORIENTED_EDGE('',*,*,#4112,.T.);
#3075=ORIENTED_EDGE('',*,*,#4113,.F.);
#3076=ORIENTED_EDGE('',*,*,#4112,.F.);
#3077=ORIENTED_EDGE('',*,*,#3203,.T.);
#3078=ORIENTED_EDGE('',*,*,#4114,.T.);
#3079=ORIENTED_EDGE('',*,*,#4115,.F.);
#3080=ORIENTED_EDGE('',*,*,#4114,.F.);
#3081=ORIENTED_EDGE('',*,*,#3202,.T.);
#3082=ORIENTED_EDGE('',*,*,#4116,.T.);
#3083=ORIENTED_EDGE('',*,*,#4117,.F.);
#3084=ORIENTED_EDGE('',*,*,#4116,.F.);
#3085=ORIENTED_EDGE('',*,*,#3201,.T.);
#3086=ORIENTED_EDGE('',*,*,#4118,.T.);
#3087=ORIENTED_EDGE('',*,*,#4119,.F.);
#3088=ORIENTED_EDGE('',*,*,#4118,.F.);
#3089=ORIENTED_EDGE('',*,*,#3200,.T.);
#3090=ORIENTED_EDGE('',*,*,#4120,.T.);
#3091=ORIENTED_EDGE('',*,*,#4121,.F.);
#3092=ORIENTED_EDGE('',*,*,#4122,.T.);
#3093=ORIENTED_EDGE('',*,*,#4123,.F.);
#3094=ORIENTED_EDGE('',*,*,#4120,.F.);
#3095=ORIENTED_EDGE('',*,*,#3199,.T.);
#3096=ORIENTED_EDGE('',*,*,#4122,.F.);
#3097=ORIENTED_EDGE('',*,*,#3198,.T.);
#3098=ORIENTED_EDGE('',*,*,#4124,.T.);
#3099=ORIENTED_EDGE('',*,*,#4125,.F.);
#3100=ORIENTED_EDGE('',*,*,#4124,.F.);
#3101=ORIENTED_EDGE('',*,*,#3210,.T.);
#3102=ORIENTED_EDGE('',*,*,#4126,.T.);
#3103=ORIENTED_EDGE('',*,*,#4127,.F.);
#3104=ORIENTED_EDGE('',*,*,#4126,.F.);
#3105=ORIENTED_EDGE('',*,*,#3209,.T.);
#3106=ORIENTED_EDGE('',*,*,#4128,.T.);
#3107=ORIENTED_EDGE('',*,*,#4129,.F.);
#3108=ORIENTED_EDGE('',*,*,#4128,.F.);
#3109=ORIENTED_EDGE('',*,*,#3208,.T.);
#3110=ORIENTED_EDGE('',*,*,#4130,.T.);
#3111=ORIENTED_EDGE('',*,*,#4131,.F.);
#3112=ORIENTED_EDGE('',*,*,#4130,.F.);
#3113=ORIENTED_EDGE('',*,*,#3207,.T.);
#3114=ORIENTED_EDGE('',*,*,#4132,.T.);
#3115=ORIENTED_EDGE('',*,*,#4133,.F.);
#3116=ORIENTED_EDGE('',*,*,#3206,.T.);
#3117=ORIENTED_EDGE('',*,*,#4109,.T.);
#3118=ORIENTED_EDGE('',*,*,#4134,.F.);
#3119=ORIENTED_EDGE('',*,*,#4132,.F.);
#3120=ORIENTED_EDGE('',*,*,#4133,.T.);
#3121=ORIENTED_EDGE('',*,*,#4134,.T.);
#3122=ORIENTED_EDGE('',*,*,#4111,.T.);
#3123=ORIENTED_EDGE('',*,*,#4113,.T.);
#3124=ORIENTED_EDGE('',*,*,#4115,.T.);
#3125=ORIENTED_EDGE('',*,*,#4117,.T.);
#3126=ORIENTED_EDGE('',*,*,#4119,.T.);
#3127=ORIENTED_EDGE('',*,*,#4121,.T.);
#3128=ORIENTED_EDGE('',*,*,#4123,.T.);
#3129=ORIENTED_EDGE('',*,*,#4125,.T.);
#3130=ORIENTED_EDGE('',*,*,#4127,.T.);
#3131=ORIENTED_EDGE('',*,*,#4129,.T.);
#3132=ORIENTED_EDGE('',*,*,#4131,.T.);
#3133=ORIENTED_EDGE('',*,*,#4135,.F.);
#3134=ORIENTED_EDGE('',*,*,#3454,.T.);
#3135=ORIENTED_EDGE('',*,*,#4136,.T.);
#3136=ORIENTED_EDGE('',*,*,#4137,.F.);
#3137=ORIENTED_EDGE('',*,*,#4136,.F.);
#3138=ORIENTED_EDGE('',*,*,#3453,.T.);
#3139=ORIENTED_EDGE('',*,*,#4138,.T.);
#3140=ORIENTED_EDGE('',*,*,#4139,.F.);
#3141=ORIENTED_EDGE('',*,*,#4138,.F.);
#3142=ORIENTED_EDGE('',*,*,#3452,.T.);
#3143=ORIENTED_EDGE('',*,*,#4140,.T.);
#3144=ORIENTED_EDGE('',*,*,#4141,.F.);
#3145=ORIENTED_EDGE('',*,*,#4140,.F.);
#3146=ORIENTED_EDGE('',*,*,#3451,.T.);
#3147=ORIENTED_EDGE('',*,*,#4142,.T.);
#3148=ORIENTED_EDGE('',*,*,#4143,.F.);
#3149=ORIENTED_EDGE('',*,*,#4142,.F.);
#3150=ORIENTED_EDGE('',*,*,#3450,.T.);
#3151=ORIENTED_EDGE('',*,*,#4144,.T.);
#3152=ORIENTED_EDGE('',*,*,#4145,.F.);
#3153=ORIENTED_EDGE('',*,*,#4144,.F.);
#3154=ORIENTED_EDGE('',*,*,#3449,.T.);
#3155=ORIENTED_EDGE('',*,*,#4146,.T.);
#3156=ORIENTED_EDGE('',*,*,#4147,.F.);
#3157=ORIENTED_EDGE('',*,*,#4148,.T.);
#3158=ORIENTED_EDGE('',*,*,#4149,.F.);
#3159=ORIENTED_EDGE('',*,*,#4146,.F.);
#3160=ORIENTED_EDGE('',*,*,#3448,.T.);
#3161=ORIENTED_EDGE('',*,*,#4148,.F.);
#3162=ORIENTED_EDGE('',*,*,#3447,.T.);
#3163=ORIENTED_EDGE('',*,*,#4150,.T.);
#3164=ORIENTED_EDGE('',*,*,#4151,.F.);
#3165=ORIENTED_EDGE('',*,*,#4150,.F.);
#3166=ORIENTED_EDGE('',*,*,#3459,.T.);
#3167=ORIENTED_EDGE('',*,*,#4152,.T.);
#3168=ORIENTED_EDGE('',*,*,#4153,.F.);
#3169=ORIENTED_EDGE('',*,*,#4152,.F.);
#3170=ORIENTED_EDGE('',*,*,#3458,.T.);
#3171=ORIENTED_EDGE('',*,*,#4154,.T.);
#3172=ORIENTED_EDGE('',*,*,#4155,.F.);
#3173=ORIENTED_EDGE('',*,*,#4154,.F.);
#3174=ORIENTED_EDGE('',*,*,#3457,.T.);
#3175=ORIENTED_EDGE('',*,*,#4156,.T.);
#3176=ORIENTED_EDGE('',*,*,#4157,.F.);
#3177=ORIENTED_EDGE('',*,*,#4156,.F.);
#3178=ORIENTED_EDGE('',*,*,#3456,.T.);
#3179=ORIENTED_EDGE('',*,*,#4158,.T.);
#3180=ORIENTED_EDGE('',*,*,#4159,.F.);
#3181=ORIENTED_EDGE('',*,*,#3455,.T.);
#3182=ORIENTED_EDGE('',*,*,#4135,.T.);
#3183=ORIENTED_EDGE('',*,*,#4160,.F.);
#3184=ORIENTED_EDGE('',*,*,#4158,.F.);
#3185=ORIENTED_EDGE('',*,*,#4159,.T.);
#3186=ORIENTED_EDGE('',*,*,#4160,.T.);
#3187=ORIENTED_EDGE('',*,*,#4137,.T.);
#3188=ORIENTED_EDGE('',*,*,#4139,.T.);
#3189=ORIENTED_EDGE('',*,*,#4141,.T.);
#3190=ORIENTED_EDGE('',*,*,#4143,.T.);
#3191=ORIENTED_EDGE('',*,*,#4145,.T.);
#3192=ORIENTED_EDGE('',*,*,#4147,.T.);
#3193=ORIENTED_EDGE('',*,*,#4149,.T.);
#3194=ORIENTED_EDGE('',*,*,#4151,.T.);
#3195=ORIENTED_EDGE('',*,*,#4153,.T.);
#3196=ORIENTED_EDGE('',*,*,#4155,.T.);
#3197=ORIENTED_EDGE('',*,*,#4157,.T.);
#3198=EDGE_CURVE('',#4161,#4162,#4806,.F.);
#3199=EDGE_CURVE('',#4163,#4161,#1004,.T.);
#3200=EDGE_CURVE('',#4164,#4163,#4807,.F.);
#3201=EDGE_CURVE('',#4165,#4164,#4808,.F.);
#3202=EDGE_CURVE('',#4166,#4165,#288,.T.);
#3203=EDGE_CURVE('',#4167,#4166,#289,.T.);
#3204=EDGE_CURVE('',#4168,#4167,#290,.T.);
#3205=EDGE_CURVE('',#4169,#4168,#291,.T.);
#3206=EDGE_CURVE('',#4170,#4169,#292,.T.);
#3207=EDGE_CURVE('',#4171,#4170,#293,.T.);
#3208=EDGE_CURVE('',#4172,#4171,#4809,.F.);
#3209=EDGE_CURVE('',#4173,#4172,#294,.T.);
#3210=EDGE_CURVE('',#4162,#4173,#295,.T.);
#3211=EDGE_CURVE('',#4174,#4175,#296,.T.);
#3212=EDGE_CURVE('',#4176,#4174,#215,.T.);
#3213=EDGE_CURVE('',#4177,#4176,#1005,.T.);
#3214=EDGE_CURVE('',#4178,#4177,#216,.T.);
#3215=EDGE_CURVE('',#4179,#4178,#1006,.T.);
#3216=EDGE_CURVE('',#4180,#4179,#297,.T.);
#3217=EDGE_CURVE('',#4181,#4180,#298,.T.);
#3218=EDGE_CURVE('',#4182,#4181,#299,.T.);
#3219=EDGE_CURVE('',#4183,#4182,#300,.T.);
#3220=EDGE_CURVE('',#4184,#4183,#301,.T.);
#3221=EDGE_CURVE('',#4185,#4184,#302,.T.);
#3222=EDGE_CURVE('',#4186,#4185,#303,.T.);
#3223=EDGE_CURVE('',#4187,#4186,#304,.T.);
#3224=EDGE_CURVE('',#4188,#4187,#305,.T.);
#3225=EDGE_CURVE('',#4189,#4188,#306,.T.);
#3226=EDGE_CURVE('',#4190,#4189,#307,.T.);
#3227=EDGE_CURVE('',#4191,#4190,#308,.T.);
#3228=EDGE_CURVE('',#4192,#4191,#309,.T.);
#3229=EDGE_CURVE('',#4193,#4192,#310,.T.);
#3230=EDGE_CURVE('',#4194,#4193,#311,.T.);
#3231=EDGE_CURVE('',#4195,#4194,#312,.T.);
#3232=EDGE_CURVE('',#4196,#4195,#313,.T.);
#3233=EDGE_CURVE('',#4197,#4196,#314,.T.);
#3234=EDGE_CURVE('',#4175,#4197,#315,.T.);
#3235=EDGE_CURVE('',#4198,#4199,#4810,.F.);
#3236=EDGE_CURVE('',#4200,#4198,#217,.T.);
#3237=EDGE_CURVE('',#4201,#4200,#1007,.T.);
#3238=EDGE_CURVE('',#4202,#4201,#218,.T.);
#3239=EDGE_CURVE('',#4203,#4202,#316,.T.);
#3240=EDGE_CURVE('',#4204,#4203,#317,.T.);
#3241=EDGE_CURVE('',#4205,#4204,#318,.T.);
#3242=EDGE_CURVE('',#4206,#4205,#319,.T.);
#3243=EDGE_CURVE('',#4207,#4206,#320,.T.);
#3244=EDGE_CURVE('',#4208,#4207,#321,.T.);
#3245=EDGE_CURVE('',#4209,#4208,#322,.T.);
#3246=EDGE_CURVE('',#4210,#4209,#323,.T.);
#3247=EDGE_CURVE('',#4211,#4210,#324,.T.);
#3248=EDGE_CURVE('',#4212,#4211,#325,.T.);
#3249=EDGE_CURVE('',#4213,#4212,#326,.T.);
#3250=EDGE_CURVE('',#4214,#4213,#327,.T.);
#3251=EDGE_CURVE('',#4215,#4214,#328,.T.);
#3252=EDGE_CURVE('',#4216,#4215,#329,.T.);
#3253=EDGE_CURVE('',#4217,#4216,#330,.T.);
#3254=EDGE_CURVE('',#4218,#4217,#331,.T.);
#3255=EDGE_CURVE('',#4219,#4218,#332,.T.);
#3256=EDGE_CURVE('',#4220,#4219,#333,.T.);
#3257=EDGE_CURVE('',#4221,#4220,#334,.T.);
#3258=EDGE_CURVE('',#4222,#4221,#335,.T.);
#3259=EDGE_CURVE('',#4223,#4222,#336,.T.);
#3260=EDGE_CURVE('',#4224,#4223,#337,.T.);
#3261=EDGE_CURVE('',#4225,#4224,#338,.T.);
#3262=EDGE_CURVE('',#4226,#4225,#339,.T.);
#3263=EDGE_CURVE('',#4227,#4226,#340,.T.);
#3264=EDGE_CURVE('',#4199,#4227,#341,.T.);
#3265=EDGE_CURVE('',#4228,#4229,#4811,.F.);
#3266=EDGE_CURVE('',#4230,#4228,#4812,.F.);
#3267=EDGE_CURVE('',#4231,#4230,#4813,.F.);
#3268=EDGE_CURVE('',#4232,#4231,#4814,.F.);
#3269=EDGE_CURVE('',#4233,#4232,#1008,.T.);
#3270=EDGE_CURVE('',#4229,#4233,#219,.T.);
#3271=EDGE_CURVE('',#4234,#4235,#342,.T.);
#3272=EDGE_CURVE('',#4236,#4234,#1009,.T.);
#3273=EDGE_CURVE('',#4237,#4236,#220,.T.);
#3274=EDGE_CURVE('',#4238,#4237,#1010,.T.);
#3275=EDGE_CURVE('',#4239,#4238,#221,.T.);
#3276=EDGE_CURVE('',#4240,#4239,#1011,.T.);
#3277=EDGE_CURVE('',#4241,#4240,#222,.T.);
#3278=EDGE_CURVE('',#4242,#4241,#343,.T.);
#3279=EDGE_CURVE('',#4243,#4242,#344,.T.);
#3280=EDGE_CURVE('',#4235,#4243,#345,.T.);
#3281=EDGE_CURVE('',#4244,#4245,#346,.T.);
#3282=EDGE_CURVE('',#4246,#4244,#1012,.T.);
#3283=EDGE_CURVE('',#4247,#4246,#223,.T.);
#3284=EDGE_CURVE('',#4248,#4247,#1013,.T.);
#3285=EDGE_CURVE('',#4249,#4248,#224,.T.);
#3286=EDGE_CURVE('',#4250,#4249,#1014,.T.);
#3287=EDGE_CURVE('',#4251,#4250,#225,.T.);
#3288=EDGE_CURVE('',#4252,#4251,#347,.T.);
#3289=EDGE_CURVE('',#4253,#4252,#348,.T.);
#3290=EDGE_CURVE('',#4245,#4253,#349,.T.);
#3291=EDGE_CURVE('',#4254,#4255,#350,.T.);
#3292=EDGE_CURVE('',#4256,#4254,#1015,.T.);
#3293=EDGE_CURVE('',#4257,#4256,#226,.T.);
#3294=EDGE_CURVE('',#4258,#4257,#1016,.T.);
#3295=EDGE_CURVE('',#4259,#4258,#227,.T.);
#3296=EDGE_CURVE('',#4260,#4259,#1017,.T.);
#3297=EDGE_CURVE('',#4261,#4260,#351,.T.);
#3298=EDGE_CURVE('',#4262,#4261,#352,.T.);
#3299=EDGE_CURVE('',#4263,#4262,#353,.T.);
#3300=EDGE_CURVE('',#4264,#4263,#354,.T.);
#3301=EDGE_CURVE('',#4265,#4264,#355,.T.);
#3302=EDGE_CURVE('',#4266,#4265,#356,.T.);
#3303=EDGE_CURVE('',#4267,#4266,#357,.T.);
#3304=EDGE_CURVE('',#4268,#4267,#358,.T.);
#3305=EDGE_CURVE('',#4269,#4268,#359,.T.);
#3306=EDGE_CURVE('',#4270,#4269,#360,.T.);
#3307=EDGE_CURVE('',#4271,#4270,#361,.T.);
#3308=EDGE_CURVE('',#4272,#4271,#362,.T.);
#3309=EDGE_CURVE('',#4273,#4272,#4815,.F.);
#3310=EDGE_CURVE('',#4274,#4273,#363,.T.);
#3311=EDGE_CURVE('',#4275,#4274,#364,.T.);
#3312=EDGE_CURVE('',#4276,#4275,#228,.T.);
#3313=EDGE_CURVE('',#4277,#4276,#365,.T.);
#3314=EDGE_CURVE('',#4278,#4277,#366,.T.);
#3315=EDGE_CURVE('',#4279,#4278,#367,.T.);
#3316=EDGE_CURVE('',#4280,#4279,#368,.T.);
#3317=EDGE_CURVE('',#4281,#4280,#369,.T.);
#3318=EDGE_CURVE('',#4282,#4281,#370,.T.);
#3319=EDGE_CURVE('',#4283,#4282,#371,.T.);
#3320=EDGE_CURVE('',#4284,#4283,#372,.T.);
#3321=EDGE_CURVE('',#4285,#4284,#373,.T.);
#3322=EDGE_CURVE('',#4286,#4285,#374,.T.);
#3323=EDGE_CURVE('',#4255,#4286,#375,.T.);
#3324=EDGE_CURVE('',#4287,#4288,#1018,.T.);
#3325=EDGE_CURVE('',#4289,#4287,#229,.T.);
#3326=EDGE_CURVE('',#4290,#4289,#1019,.T.);
#3327=EDGE_CURVE('',#4288,#4290,#230,.T.);
#3328=EDGE_CURVE('',#4291,#4291,#231,.T.);
#3329=EDGE_CURVE('',#4292,#4292,#232,.F.);
#3330=EDGE_CURVE('',#4293,#4294,#376,.T.);
#3331=EDGE_CURVE('',#4295,#4293,#233,.T.);
#3332=EDGE_CURVE('',#4296,#4295,#1020,.T.);
#3333=EDGE_CURVE('',#4297,#4296,#234,.T.);
#3334=EDGE_CURVE('',#4298,#4297,#1021,.T.);
#3335=EDGE_CURVE('',#4299,#4298,#377,.T.);
#3336=EDGE_CURVE('',#4300,#4299,#378,.T.);
#3337=EDGE_CURVE('',#4301,#4300,#379,.T.);
#3338=EDGE_CURVE('',#4302,#4301,#380,.T.);
#3339=EDGE_CURVE('',#4303,#4302,#381,.T.);
#3340=EDGE_CURVE('',#4304,#4303,#382,.T.);
#3341=EDGE_CURVE('',#4305,#4304,#383,.T.);
#3342=EDGE_CURVE('',#4306,#4305,#384,.T.);
#3343=EDGE_CURVE('',#4307,#4306,#385,.T.);
#3344=EDGE_CURVE('',#4308,#4307,#386,.T.);
#3345=EDGE_CURVE('',#4309,#4308,#387,.T.);
#3346=EDGE_CURVE('',#4310,#4309,#388,.T.);
#3347=EDGE_CURVE('',#4311,#4310,#389,.T.);
#3348=EDGE_CURVE('',#4312,#4311,#390,.T.);
#3349=EDGE_CURVE('',#4313,#4312,#391,.T.);
#3350=EDGE_CURVE('',#4314,#4313,#392,.T.);
#3351=EDGE_CURVE('',#4315,#4314,#393,.T.);
#3352=EDGE_CURVE('',#4316,#4315,#394,.T.);
#3353=EDGE_CURVE('',#4294,#4316,#395,.T.);
#3354=EDGE_CURVE('',#4317,#4318,#1022,.T.);
#3355=EDGE_CURVE('',#4319,#4317,#235,.T.);
#3356=EDGE_CURVE('',#4320,#4319,#1023,.T.);
#3357=EDGE_CURVE('',#4318,#4320,#236,.T.);
#3358=EDGE_CURVE('',#4321,#4322,#396,.T.);
#3359=EDGE_CURVE('',#4323,#4321,#1024,.T.);
#3360=EDGE_CURVE('',#4324,#4323,#237,.T.);
#3361=EDGE_CURVE('',#4325,#4324,#1025,.T.);
#3362=EDGE_CURVE('',#4326,#4325,#238,.T.);
#3363=EDGE_CURVE('',#4327,#4326,#1026,.T.);
#3364=EDGE_CURVE('',#4328,#4327,#397,.T.);
#3365=EDGE_CURVE('',#4329,#4328,#398,.T.);
#3366=EDGE_CURVE('',#4330,#4329,#399,.T.);
#3367=EDGE_CURVE('',#4331,#4330,#400,.T.);
#3368=EDGE_CURVE('',#4332,#4331,#401,.T.);
#3369=EDGE_CURVE('',#4333,#4332,#402,.T.);
#3370=EDGE_CURVE('',#4334,#4333,#403,.T.);
#3371=EDGE_CURVE('',#4335,#4334,#404,.T.);
#3372=EDGE_CURVE('',#4336,#4335,#405,.T.);
#3373=EDGE_CURVE('',#4337,#4336,#406,.T.);
#3374=EDGE_CURVE('',#4338,#4337,#407,.T.);
#3375=EDGE_CURVE('',#4339,#4338,#408,.T.);
#3376=EDGE_CURVE('',#4340,#4339,#4816,.F.);
#3377=EDGE_CURVE('',#4341,#4340,#409,.T.);
#3378=EDGE_CURVE('',#4342,#4341,#410,.T.);
#3379=EDGE_CURVE('',#4343,#4342,#239,.T.);
#3380=EDGE_CURVE('',#4344,#4343,#411,.T.);
#3381=EDGE_CURVE('',#4345,#4344,#412,.T.);
#3382=EDGE_CURVE('',#4346,#4345,#413,.T.);
#3383=EDGE_CURVE('',#4347,#4346,#414,.T.);
#3384=EDGE_CURVE('',#4348,#4347,#415,.T.);
#3385=EDGE_CURVE('',#4349,#4348,#416,.T.);
#3386=EDGE_CURVE('',#4350,#4349,#417,.T.);
#3387=EDGE_CURVE('',#4351,#4350,#418,.T.);
#3388=EDGE_CURVE('',#4352,#4351,#419,.T.);
#3389=EDGE_CURVE('',#4353,#4352,#420,.T.);
#3390=EDGE_CURVE('',#4322,#4353,#421,.T.);
#3391=EDGE_CURVE('',#4354,#4355,#422,.T.);
#3392=EDGE_CURVE('',#4356,#4354,#1027,.T.);
#3393=EDGE_CURVE('',#4357,#4356,#240,.T.);
#3394=EDGE_CURVE('',#4358,#4357,#1028,.T.);
#3395=EDGE_CURVE('',#4359,#4358,#241,.T.);
#3396=EDGE_CURVE('',#4360,#4359,#1029,.T.);
#3397=EDGE_CURVE('',#4361,#4360,#242,.T.);
#3398=EDGE_CURVE('',#4362,#4361,#423,.T.);
#3399=EDGE_CURVE('',#4363,#4362,#424,.T.);
#3400=EDGE_CURVE('',#4355,#4363,#425,.T.);
#3401=EDGE_CURVE('',#4364,#4365,#426,.T.);
#3402=EDGE_CURVE('',#4366,#4364,#1030,.T.);
#3403=EDGE_CURVE('',#4367,#4366,#243,.T.);
#3404=EDGE_CURVE('',#4368,#4367,#1031,.T.);
#3405=EDGE_CURVE('',#4369,#4368,#244,.T.);
#3406=EDGE_CURVE('',#4370,#4369,#1032,.T.);
#3407=EDGE_CURVE('',#4371,#4370,#245,.T.);
#3408=EDGE_CURVE('',#4372,#4371,#427,.T.);
#3409=EDGE_CURVE('',#4373,#4372,#428,.T.);
#3410=EDGE_CURVE('',#4365,#4373,#429,.T.);
#3411=EDGE_CURVE('',#4374,#4375,#4817,.F.);
#3412=EDGE_CURVE('',#4376,#4374,#4818,.F.);
#3413=EDGE_CURVE('',#4377,#4376,#4819,.F.);
#3414=EDGE_CURVE('',#4378,#4377,#4820,.F.);
#3415=EDGE_CURVE('',#4379,#4378,#1033,.T.);
#3416=EDGE_CURVE('',#4375,#4379,#246,.T.);
#3417=EDGE_CURVE('',#4380,#4381,#4821,.F.);
#3418=EDGE_CURVE('',#4382,#4380,#247,.T.);
#3419=EDGE_CURVE('',#4383,#4382,#1034,.T.);
#3420=EDGE_CURVE('',#4384,#4383,#248,.T.);
#3421=EDGE_CURVE('',#4385,#4384,#430,.T.);
#3422=EDGE_CURVE('',#4386,#4385,#431,.T.);
#3423=EDGE_CURVE('',#4387,#4386,#432,.T.);
#3424=EDGE_CURVE('',#4388,#4387,#433,.T.);
#3425=EDGE_CURVE('',#4389,#4388,#434,.T.);
#3426=EDGE_CURVE('',#4390,#4389,#435,.T.);
#3427=EDGE_CURVE('',#4391,#4390,#436,.T.);
#3428=EDGE_CURVE('',#4392,#4391,#437,.T.);
#3429=EDGE_CURVE('',#4393,#4392,#438,.T.);
#3430=EDGE_CURVE('',#4394,#4393,#439,.T.);
#3431=EDGE_CURVE('',#4395,#4394,#440,.T.);
#3432=EDGE_CURVE('',#4396,#4395,#441,.T.);
#3433=EDGE_CURVE('',#4397,#4396,#442,.T.);
#3434=EDGE_CURVE('',#4398,#4397,#443,.T.);
#3435=EDGE_CURVE('',#4399,#4398,#444,.T.);
#3436=EDGE_CURVE('',#4400,#4399,#445,.T.);
#3437=EDGE_CURVE('',#4401,#4400,#446,.T.);
#3438=EDGE_CURVE('',#4402,#4401,#447,.T.);
#3439=EDGE_CURVE('',#4403,#4402,#448,.T.);
#3440=EDGE_CURVE('',#4404,#4403,#449,.T.);
#3441=EDGE_CURVE('',#4405,#4404,#450,.T.);
#3442=EDGE_CURVE('',#4406,#4405,#451,.T.);
#3443=EDGE_CURVE('',#4407,#4406,#452,.T.);
#3444=EDGE_CURVE('',#4408,#4407,#453,.T.);
#3445=EDGE_CURVE('',#4409,#4408,#454,.T.);
#3446=EDGE_CURVE('',#4381,#4409,#455,.T.);
#3447=EDGE_CURVE('',#4410,#4411,#4822,.F.);
#3448=EDGE_CURVE('',#4412,#4410,#1035,.T.);
#3449=EDGE_CURVE('',#4413,#4412,#4823,.F.);
#3450=EDGE_CURVE('',#4414,#4413,#4824,.F.);
#3451=EDGE_CURVE('',#4415,#4414,#456,.T.);
#3452=EDGE_CURVE('',#4416,#4415,#457,.T.);
#3453=EDGE_CURVE('',#4417,#4416,#458,.T.);
#3454=EDGE_CURVE('',#4418,#4417,#459,.T.);
#3455=EDGE_CURVE('',#4419,#4418,#460,.T.);
#3456=EDGE_CURVE('',#4420,#4419,#461,.T.);
#3457=EDGE_CURVE('',#4421,#4420,#4825,.F.);
#3458=EDGE_CURVE('',#4422,#4421,#462,.T.);
#3459=EDGE_CURVE('',#4411,#4422,#463,.T.);
#3460=EDGE_CURVE('',#4423,#4423,#249,.F.);
#3461=EDGE_CURVE('',#4424,#4424,#250,.T.);
#3462=EDGE_CURVE('',#4425,#4425,#251,.T.);
#3463=EDGE_CURVE('',#4287,#4426,#1036,.T.);
#3464=EDGE_CURVE('',#4427,#4426,#252,.F.);
#3465=EDGE_CURVE('',#4289,#4427,#1037,.T.);
#3466=EDGE_CURVE('',#4288,#4428,#1038,.T.);
#3467=EDGE_CURVE('',#4426,#4428,#1039,.F.);
#3468=EDGE_CURVE('',#4290,#4429,#1040,.T.);
#3469=EDGE_CURVE('',#4428,#4429,#253,.T.);
#3470=EDGE_CURVE('',#4429,#4427,#1041,.T.);
#3471=EDGE_CURVE('',#4256,#4430,#1042,.T.);
#3472=EDGE_CURVE('',#4431,#4430,#254,.F.);
#3473=EDGE_CURVE('',#4257,#4431,#1043,.T.);
#3474=EDGE_CURVE('',#4254,#4432,#464,.T.);
#3475=EDGE_CURVE('',#4430,#4432,#1044,.F.);
#3476=EDGE_CURVE('',#4255,#4433,#465,.T.);
#3477=EDGE_CURVE('',#4432,#4433,#466,.T.);
#3478=EDGE_CURVE('',#4286,#4434,#467,.T.);
#3479=EDGE_CURVE('',#4433,#4434,#468,.T.);
#3480=EDGE_CURVE('',#4285,#4435,#469,.T.);
#3481=EDGE_CURVE('',#4434,#4435,#470,.T.);
#3482=EDGE_CURVE('',#4284,#4436,#471,.T.);
#3483=EDGE_CURVE('',#4435,#4436,#472,.T.);
#3484=EDGE_CURVE('',#4283,#4437,#473,.F.);
#3485=EDGE_CURVE('',#4436,#4437,#474,.T.);
#3486=EDGE_CURVE('',#4282,#4438,#475,.T.);
#3487=EDGE_CURVE('',#4437,#4438,#476,.T.);
#3488=EDGE_CURVE('',#4281,#4439,#477,.T.);
#3489=EDGE_CURVE('',#4438,#4439,#478,.T.);
#3490=EDGE_CURVE('',#4280,#4440,#479,.T.);
#3491=EDGE_CURVE('',#4439,#4440,#480,.T.);
#3492=EDGE_CURVE('',#4279,#4441,#481,.T.);
#3493=EDGE_CURVE('',#4440,#4441,#482,.T.);
#3494=EDGE_CURVE('',#4278,#4442,#483,.T.);
#3495=EDGE_CURVE('',#4441,#4442,#484,.T.);
#3496=EDGE_CURVE('',#4277,#4443,#485,.T.);
#3497=EDGE_CURVE('',#4442,#4443,#486,.T.);
#3498=EDGE_CURVE('',#4276,#4444,#487,.F.);
#3499=EDGE_CURVE('',#4443,#4444,#488,.T.);
#3500=EDGE_CURVE('',#4275,#4445,#489,.T.);
#3501=EDGE_CURVE('',#4444,#4445,#255,.F.);
#3502=EDGE_CURVE('',#4446,#4447,#490,.T.);
#3503=EDGE_CURVE('',#4445,#4446,#491,.T.);
#3504=EDGE_CURVE('',#4273,#4447,#1045,.T.);
#3505=EDGE_CURVE('',#4272,#4448,#492,.T.);
#3506=EDGE_CURVE('',#4447,#4448,#4826,.F.);
#3507=EDGE_CURVE('',#4271,#4449,#493,.F.);
#3508=EDGE_CURVE('',#4448,#4449,#494,.T.);
#3509=EDGE_CURVE('',#4270,#4450,#495,.T.);
#3510=EDGE_CURVE('',#4449,#4450,#496,.T.);
#3511=EDGE_CURVE('',#4269,#4451,#497,.T.);
#3512=EDGE_CURVE('',#4450,#4451,#498,.T.);
#3513=EDGE_CURVE('',#4268,#4452,#499,.T.);
#3514=EDGE_CURVE('',#4451,#4452,#500,.T.);
#3515=EDGE_CURVE('',#4267,#4453,#501,.T.);
#3516=EDGE_CURVE('',#4452,#4453,#502,.T.);
#3517=EDGE_CURVE('',#4266,#4454,#503,.T.);
#3518=EDGE_CURVE('',#4453,#4454,#504,.T.);
#3519=EDGE_CURVE('',#4265,#4455,#505,.T.);
#3520=EDGE_CURVE('',#4454,#4455,#506,.T.);
#3521=EDGE_CURVE('',#4264,#4456,#507,.T.);
#3522=EDGE_CURVE('',#4455,#4456,#508,.T.);
#3523=EDGE_CURVE('',#4263,#4457,#509,.F.);
#3524=EDGE_CURVE('',#4456,#4457,#510,.T.);
#3525=EDGE_CURVE('',#4262,#4458,#511,.T.);
#3526=EDGE_CURVE('',#4457,#4458,#512,.T.);
#3527=EDGE_CURVE('',#4261,#4459,#513,.T.);
#3528=EDGE_CURVE('',#4458,#4459,#514,.T.);
#3529=EDGE_CURVE('',#4260,#4460,#515,.F.);
#3530=EDGE_CURVE('',#4459,#4460,#516,.T.);
#3531=EDGE_CURVE('',#4259,#4461,#1046,.T.);
#3532=EDGE_CURVE('',#4460,#4461,#1047,.F.);
#3533=EDGE_CURVE('',#4258,#4462,#1048,.T.);
#3534=EDGE_CURVE('',#4461,#4462,#256,.T.);
#3535=EDGE_CURVE('',#4462,#4431,#1049,.T.);
#3536=EDGE_CURVE('',#4246,#4463,#1050,.T.);
#3537=EDGE_CURVE('',#4464,#4463,#257,.F.);
#3538=EDGE_CURVE('',#4247,#4464,#1051,.T.);
#3539=EDGE_CURVE('',#4244,#4465,#517,.T.);
#3540=EDGE_CURVE('',#4463,#4465,#1052,.F.);
#3541=EDGE_CURVE('',#4245,#4466,#518,.T.);
#3542=EDGE_CURVE('',#4465,#4466,#519,.T.);
#3543=EDGE_CURVE('',#4253,#4467,#520,.T.);
#3544=EDGE_CURVE('',#4466,#4467,#521,.T.);
#3545=EDGE_CURVE('',#4252,#4468,#522,.T.);
#3546=EDGE_CURVE('',#4467,#4468,#523,.T.);
#3547=EDGE_CURVE('',#4251,#4469,#524,.F.);
#3548=EDGE_CURVE('',#4468,#4469,#525,.T.);
#3549=EDGE_CURVE('',#4250,#4470,#1053,.T.);
#3550=EDGE_CURVE('',#4469,#4470,#258,.T.);
#3551=EDGE_CURVE('',#4249,#4471,#1054,.T.);
#3552=EDGE_CURVE('',#4470,#4471,#1055,.F.);
#3553=EDGE_CURVE('',#4248,#4472,#1056,.T.);
#3554=EDGE_CURVE('',#4471,#4472,#259,.T.);
#3555=EDGE_CURVE('',#4472,#4464,#1057,.T.);
#3556=EDGE_CURVE('',#4236,#4473,#1058,.T.);
#3557=EDGE_CURVE('',#4474,#4473,#260,.F.);
#3558=EDGE_CURVE('',#4237,#4474,#1059,.T.);
#3559=EDGE_CURVE('',#4234,#4475,#526,.T.);
#3560=EDGE_CURVE('',#4473,#4475,#1060,.F.);
#3561=EDGE_CURVE('',#4235,#4476,#527,.T.);
#3562=EDGE_CURVE('',#4475,#4476,#528,.T.);
#3563=EDGE_CURVE('',#4243,#4477,#529,.T.);
#3564=EDGE_CURVE('',#4476,#4477,#530,.T.);
#3565=EDGE_CURVE('',#4242,#4478,#531,.T.);
#3566=EDGE_CURVE('',#4477,#4478,#532,.T.);
#3567=EDGE_CURVE('',#4241,#4479,#533,.F.);
#3568=EDGE_CURVE('',#4478,#4479,#534,.T.);
#3569=EDGE_CURVE('',#4240,#4480,#1061,.T.);
#3570=EDGE_CURVE('',#4479,#4480,#261,.T.);
#3571=EDGE_CURVE('',#4239,#4481,#1062,.T.);
#3572=EDGE_CURVE('',#4480,#4481,#1063,.F.);
#3573=EDGE_CURVE('',#4238,#4482,#1064,.T.);
#3574=EDGE_CURVE('',#4481,#4482,#262,.T.);
#3575=EDGE_CURVE('',#4482,#4474,#1065,.T.);
#3576=EDGE_CURVE('',#4232,#4483,#1066,.T.);
#3577=EDGE_CURVE('',#4231,#4484,#535,.T.);
#3578=EDGE_CURVE('',#4483,#4484,#4827,.F.);
#3579=EDGE_CURVE('',#4230,#4485,#1067,.T.);
#3580=EDGE_CURVE('',#4484,#4485,#4828,.F.);
#3581=EDGE_CURVE('',#4228,#4486,#536,.T.);
#3582=EDGE_CURVE('',#4485,#4486,#4829,.F.);
#3583=EDGE_CURVE('',#4229,#4487,#1068,.T.);
#3584=EDGE_CURVE('',#4486,#4487,#4830,.F.);
#3585=EDGE_CURVE('',#4233,#4488,#1069,.T.);
#3586=EDGE_CURVE('',#4487,#4488,#263,.T.);
#3587=EDGE_CURVE('',#4488,#4483,#1070,.T.);
#3588=EDGE_CURVE('',#4301,#4489,#537,.T.);
#3589=EDGE_CURVE('',#4300,#4490,#538,.T.);
#3590=EDGE_CURVE('',#4489,#4490,#539,.T.);
#3591=EDGE_CURVE('',#4299,#4491,#540,.F.);
#3592=EDGE_CURVE('',#4490,#4491,#541,.T.);
#3593=EDGE_CURVE('',#4298,#4492,#542,.T.);
#3594=EDGE_CURVE('',#4491,#4492,#543,.F.);
#3595=EDGE_CURVE('',#4297,#4493,#1071,.T.);
#3596=EDGE_CURVE('',#4492,#4493,#1072,.T.);
#3597=EDGE_CURVE('',#4296,#4494,#1073,.T.);
#3598=EDGE_CURVE('',#4493,#4494,#264,.F.);
#3599=EDGE_CURVE('',#4295,#4495,#1074,.T.);
#3600=EDGE_CURVE('',#4494,#4495,#1075,.F.);
#3601=EDGE_CURVE('',#4293,#4496,#544,.T.);
#3602=EDGE_CURVE('',#4495,#4496,#265,.F.);
#3603=EDGE_CURVE('',#4294,#4497,#545,.T.);
#3604=EDGE_CURVE('',#4496,#4497,#546,.T.);
#3605=EDGE_CURVE('',#4316,#4498,#547,.T.);
#3606=EDGE_CURVE('',#4497,#4498,#548,.T.);
#3607=EDGE_CURVE('',#4315,#4499,#549,.T.);
#3608=EDGE_CURVE('',#4498,#4499,#550,.T.);
#3609=EDGE_CURVE('',#4314,#4500,#551,.T.);
#3610=EDGE_CURVE('',#4499,#4500,#552,.T.);
#3611=EDGE_CURVE('',#4313,#4501,#553,.F.);
#3612=EDGE_CURVE('',#4500,#4501,#554,.T.);
#3613=EDGE_CURVE('',#4312,#4502,#555,.T.);
#3614=EDGE_CURVE('',#4501,#4502,#556,.T.);
#3615=EDGE_CURVE('',#4311,#4503,#557,.F.);
#3616=EDGE_CURVE('',#4502,#4503,#558,.T.);
#3617=EDGE_CURVE('',#4310,#4504,#559,.T.);
#3618=EDGE_CURVE('',#4503,#4504,#560,.T.);
#3619=EDGE_CURVE('',#4309,#4505,#561,.T.);
#3620=EDGE_CURVE('',#4504,#4505,#562,.T.);
#3621=EDGE_CURVE('',#4308,#4506,#563,.T.);
#3622=EDGE_CURVE('',#4505,#4506,#564,.T.);
#3623=EDGE_CURVE('',#4307,#4507,#565,.T.);
#3624=EDGE_CURVE('',#4506,#4507,#566,.T.);
#3625=EDGE_CURVE('',#4306,#4508,#567,.T.);
#3626=EDGE_CURVE('',#4507,#4508,#568,.T.);
#3627=EDGE_CURVE('',#4305,#4509,#569,.T.);
#3628=EDGE_CURVE('',#4508,#4509,#570,.T.);
#3629=EDGE_CURVE('',#4304,#4510,#571,.T.);
#3630=EDGE_CURVE('',#4509,#4510,#572,.T.);
#3631=EDGE_CURVE('',#4303,#4511,#573,.T.);
#3632=EDGE_CURVE('',#4510,#4511,#574,.T.);
#3633=EDGE_CURVE('',#4302,#4512,#575,.F.);
#3634=EDGE_CURVE('',#4511,#4512,#576,.T.);
#3635=EDGE_CURVE('',#4513,#4514,#577,.F.);
#3636=EDGE_CURVE('',#4513,#4515,#578,.T.);
#3637=EDGE_CURVE('',#4515,#4516,#579,.T.);
#3638=EDGE_CURVE('',#4514,#4516,#580,.F.);
#3639=EDGE_CURVE('',#4515,#4517,#581,.T.);
#3640=EDGE_CURVE('',#4517,#4518,#582,.T.);
#3641=EDGE_CURVE('',#4516,#4518,#583,.T.);
#3642=EDGE_CURVE('',#4517,#4519,#584,.T.);
#3643=EDGE_CURVE('',#4519,#4520,#585,.T.);
#3644=EDGE_CURVE('',#4518,#4520,#586,.T.);
#3645=EDGE_CURVE('',#4519,#4521,#587,.T.);
#3646=EDGE_CURVE('',#4521,#4522,#588,.T.);
#3647=EDGE_CURVE('',#4520,#4522,#589,.T.);
#3648=EDGE_CURVE('',#4521,#4523,#590,.T.);
#3649=EDGE_CURVE('',#4523,#4524,#591,.T.);
#3650=EDGE_CURVE('',#4522,#4524,#592,.T.);
#3651=EDGE_CURVE('',#4523,#4525,#593,.T.);
#3652=EDGE_CURVE('',#4525,#4526,#594,.T.);
#3653=EDGE_CURVE('',#4524,#4526,#595,.T.);
#3654=EDGE_CURVE('',#4525,#4527,#596,.T.);
#3655=EDGE_CURVE('',#4527,#4528,#597,.F.);
#3656=EDGE_CURVE('',#4526,#4528,#598,.T.);
#3657=EDGE_CURVE('',#4527,#4529,#599,.T.);
#3658=EDGE_CURVE('',#4529,#4530,#600,.T.);
#3659=EDGE_CURVE('',#4528,#4530,#601,.T.);
#3660=EDGE_CURVE('',#4529,#4531,#602,.T.);
#3661=EDGE_CURVE('',#4531,#4532,#603,.T.);
#3662=EDGE_CURVE('',#4530,#4532,#604,.T.);
#3663=EDGE_CURVE('',#4531,#4533,#605,.T.);
#3664=EDGE_CURVE('',#4533,#4534,#606,.T.);
#3665=EDGE_CURVE('',#4532,#4534,#607,.T.);
#3666=EDGE_CURVE('',#4533,#4535,#608,.T.);
#3667=EDGE_CURVE('',#4535,#4536,#609,.F.);
#3668=EDGE_CURVE('',#4534,#4536,#610,.T.);
#3669=EDGE_CURVE('',#4535,#4537,#1076,.T.);
#3670=EDGE_CURVE('',#4537,#4538,#1077,.T.);
#3671=EDGE_CURVE('',#4536,#4538,#1078,.F.);
#3672=EDGE_CURVE('',#4537,#4539,#266,.T.);
#3673=EDGE_CURVE('',#4539,#4540,#611,.T.);
#3674=EDGE_CURVE('',#4538,#4540,#267,.F.);
#3675=EDGE_CURVE('',#4539,#4541,#612,.T.);
#3676=EDGE_CURVE('',#4541,#4542,#613,.T.);
#3677=EDGE_CURVE('',#4540,#4542,#614,.T.);
#3678=EDGE_CURVE('',#4541,#4543,#615,.T.);
#3679=EDGE_CURVE('',#4543,#4544,#616,.T.);
#3680=EDGE_CURVE('',#4542,#4544,#617,.T.);
#3681=EDGE_CURVE('',#4543,#4545,#618,.T.);
#3682=EDGE_CURVE('',#4545,#4546,#619,.T.);
#3683=EDGE_CURVE('',#4544,#4546,#620,.T.);
#3684=EDGE_CURVE('',#4545,#4547,#621,.T.);
#3685=EDGE_CURVE('',#4547,#4548,#622,.F.);
#3686=EDGE_CURVE('',#4546,#4548,#623,.T.);
#3687=EDGE_CURVE('',#4547,#4513,#624,.T.);
#3688=EDGE_CURVE('',#4548,#4514,#625,.T.);
#3689=EDGE_CURVE('',#4512,#4489,#626,.T.);
#3690=EDGE_CURVE('',#4198,#4549,#1079,.T.);
#3691=EDGE_CURVE('',#4550,#4549,#268,.F.);
#3692=EDGE_CURVE('',#4200,#4550,#1080,.T.);
#3693=EDGE_CURVE('',#4199,#4551,#627,.T.);
#3694=EDGE_CURVE('',#4549,#4551,#4831,.F.);
#3695=EDGE_CURVE('',#4227,#4552,#628,.F.);
#3696=EDGE_CURVE('',#4551,#4552,#629,.T.);
#3697=EDGE_CURVE('',#4226,#4553,#630,.T.);
#3698=EDGE_CURVE('',#4552,#4553,#631,.T.);
#3699=EDGE_CURVE('',#4225,#4554,#632,.T.);
#3700=EDGE_CURVE('',#4553,#4554,#633,.T.);
#3701=EDGE_CURVE('',#4224,#4555,#634,.T.);
#3702=EDGE_CURVE('',#4554,#4555,#635,.T.);
#3703=EDGE_CURVE('',#4223,#4556,#636,.T.);
#3704=EDGE_CURVE('',#4555,#4556,#637,.T.);
#3705=EDGE_CURVE('',#4222,#4557,#638,.T.);
#3706=EDGE_CURVE('',#4556,#4557,#639,.T.);
#3707=EDGE_CURVE('',#4221,#4558,#640,.T.);
#3708=EDGE_CURVE('',#4557,#4558,#641,.T.);
#3709=EDGE_CURVE('',#4220,#4559,#642,.T.);
#3710=EDGE_CURVE('',#4558,#4559,#643,.T.);
#3711=EDGE_CURVE('',#4219,#4560,#644,.F.);
#3712=EDGE_CURVE('',#4559,#4560,#645,.T.);
#3713=EDGE_CURVE('',#4218,#4561,#646,.T.);
#3714=EDGE_CURVE('',#4560,#4561,#647,.T.);
#3715=EDGE_CURVE('',#4217,#4562,#648,.T.);
#3716=EDGE_CURVE('',#4561,#4562,#649,.T.);
#3717=EDGE_CURVE('',#4216,#4563,#650,.T.);
#3718=EDGE_CURVE('',#4562,#4563,#651,.T.);
#3719=EDGE_CURVE('',#4215,#4564,#652,.T.);
#3720=EDGE_CURVE('',#4563,#4564,#653,.T.);
#3721=EDGE_CURVE('',#4214,#4565,#654,.T.);
#3722=EDGE_CURVE('',#4564,#4565,#655,.T.);
#3723=EDGE_CURVE('',#4213,#4566,#656,.F.);
#3724=EDGE_CURVE('',#4565,#4566,#657,.T.);
#3725=EDGE_CURVE('',#4212,#4567,#658,.T.);
#3726=EDGE_CURVE('',#4566,#4567,#659,.T.);
#3727=EDGE_CURVE('',#4211,#4568,#660,.T.);
#3728=EDGE_CURVE('',#4567,#4568,#661,.T.);
#3729=EDGE_CURVE('',#4210,#4569,#662,.T.);
#3730=EDGE_CURVE('',#4568,#4569,#663,.T.);
#3731=EDGE_CURVE('',#4209,#4570,#664,.T.);
#3732=EDGE_CURVE('',#4569,#4570,#665,.T.);
#3733=EDGE_CURVE('',#4208,#4571,#666,.F.);
#3734=EDGE_CURVE('',#4570,#4571,#667,.T.);
#3735=EDGE_CURVE('',#4207,#4572,#668,.T.);
#3736=EDGE_CURVE('',#4571,#4572,#669,.T.);
#3737=EDGE_CURVE('',#4206,#4573,#670,.F.);
#3738=EDGE_CURVE('',#4572,#4573,#671,.T.);
#3739=EDGE_CURVE('',#4205,#4574,#672,.T.);
#3740=EDGE_CURVE('',#4573,#4574,#673,.T.);
#3741=EDGE_CURVE('',#4204,#4575,#674,.T.);
#3742=EDGE_CURVE('',#4574,#4575,#675,.T.);
#3743=EDGE_CURVE('',#4203,#4576,#676,.T.);
#3744=EDGE_CURVE('',#4575,#4576,#677,.T.);
#3745=EDGE_CURVE('',#4202,#4577,#678,.F.);
#3746=EDGE_CURVE('',#4576,#4577,#679,.T.);
#3747=EDGE_CURVE('',#4201,#4578,#1081,.T.);
#3748=EDGE_CURVE('',#4577,#4578,#269,.T.);
#3749=EDGE_CURVE('',#4579,#4580,#680,.F.);
#3750=EDGE_CURVE('',#4579,#4581,#681,.T.);
#3751=EDGE_CURVE('',#4581,#4582,#682,.T.);
#3752=EDGE_CURVE('',#4580,#4582,#683,.T.);
#3753=EDGE_CURVE('',#4581,#4583,#684,.T.);
#3754=EDGE_CURVE('',#4583,#4584,#685,.T.);
#3755=EDGE_CURVE('',#4582,#4584,#686,.T.);
#3756=EDGE_CURVE('',#4583,#4585,#687,.T.);
#3757=EDGE_CURVE('',#4585,#4586,#688,.F.);
#3758=EDGE_CURVE('',#4584,#4586,#689,.T.);
#3759=EDGE_CURVE('',#4585,#4587,#690,.T.);
#3760=EDGE_CURVE('',#4587,#4588,#691,.T.);
#3761=EDGE_CURVE('',#4586,#4588,#692,.T.);
#3762=EDGE_CURVE('',#4587,#4589,#693,.T.);
#3763=EDGE_CURVE('',#4589,#4590,#694,.F.);
#3764=EDGE_CURVE('',#4588,#4590,#695,.T.);
#3765=EDGE_CURVE('',#4589,#4591,#696,.T.);
#3766=EDGE_CURVE('',#4591,#4592,#697,.T.);
#3767=EDGE_CURVE('',#4590,#4592,#698,.T.);
#3768=EDGE_CURVE('',#4591,#4593,#699,.T.);
#3769=EDGE_CURVE('',#4593,#4594,#700,.T.);
#3770=EDGE_CURVE('',#4592,#4594,#701,.T.);
#3771=EDGE_CURVE('',#4593,#4595,#702,.T.);
#3772=EDGE_CURVE('',#4595,#4596,#703,.T.);
#3773=EDGE_CURVE('',#4594,#4596,#704,.T.);
#3774=EDGE_CURVE('',#4595,#4597,#705,.T.);
#3775=EDGE_CURVE('',#4597,#4598,#706,.T.);
#3776=EDGE_CURVE('',#4596,#4598,#707,.T.);
#3777=EDGE_CURVE('',#4597,#4599,#708,.T.);
#3778=EDGE_CURVE('',#4599,#4600,#709,.F.);
#3779=EDGE_CURVE('',#4598,#4600,#710,.T.);
#3780=EDGE_CURVE('',#4599,#4601,#711,.T.);
#3781=EDGE_CURVE('',#4601,#4602,#712,.T.);
#3782=EDGE_CURVE('',#4600,#4602,#713,.T.);
#3783=EDGE_CURVE('',#4601,#4579,#714,.T.);
#3784=EDGE_CURVE('',#4602,#4580,#715,.T.);
#3785=EDGE_CURVE('',#4578,#4550,#1082,.T.);
#3786=EDGE_CURVE('',#4317,#4603,#1083,.T.);
#3787=EDGE_CURVE('',#4604,#4603,#270,.F.);
#3788=EDGE_CURVE('',#4319,#4604,#1084,.T.);
#3789=EDGE_CURVE('',#4318,#4605,#1085,.T.);
#3790=EDGE_CURVE('',#4603,#4605,#1086,.F.);
#3791=EDGE_CURVE('',#4320,#4606,#1087,.T.);
#3792=EDGE_CURVE('',#4605,#4606,#271,.T.);
#3793=EDGE_CURVE('',#4606,#4604,#1088,.T.);
#3794=EDGE_CURVE('',#4323,#4607,#1089,.T.);
#3795=EDGE_CURVE('',#4608,#4607,#272,.F.);
#3796=EDGE_CURVE('',#4324,#4608,#1090,.T.);
#3797=EDGE_CURVE('',#4321,#4609,#716,.T.);
#3798=EDGE_CURVE('',#4607,#4609,#1091,.F.);
#3799=EDGE_CURVE('',#4322,#4610,#717,.T.);
#3800=EDGE_CURVE('',#4609,#4610,#718,.T.);
#3801=EDGE_CURVE('',#4353,#4611,#719,.T.);
#3802=EDGE_CURVE('',#4610,#4611,#720,.T.);
#3803=EDGE_CURVE('',#4352,#4612,#721,.T.);
#3804=EDGE_CURVE('',#4611,#4612,#722,.T.);
#3805=EDGE_CURVE('',#4351,#4613,#723,.T.);
#3806=EDGE_CURVE('',#4612,#4613,#724,.T.);
#3807=EDGE_CURVE('',#4350,#4614,#725,.F.);
#3808=EDGE_CURVE('',#4613,#4614,#726,.T.);
#3809=EDGE_CURVE('',#4349,#4615,#727,.T.);
#3810=EDGE_CURVE('',#4614,#4615,#728,.T.);
#3811=EDGE_CURVE('',#4348,#4616,#729,.T.);
#3812=EDGE_CURVE('',#4615,#4616,#730,.T.);
#3813=EDGE_CURVE('',#4347,#4617,#731,.T.);
#3814=EDGE_CURVE('',#4616,#4617,#732,.T.);
#3815=EDGE_CURVE('',#4346,#4618,#733,.T.);
#3816=EDGE_CURVE('',#4617,#4618,#734,.T.);
#3817=EDGE_CURVE('',#4345,#4619,#735,.T.);
#3818=EDGE_CURVE('',#4618,#4619,#736,.T.);
#3819=EDGE_CURVE('',#4344,#4620,#737,.T.);
#3820=EDGE_CURVE('',#4619,#4620,#738,.T.);
#3821=EDGE_CURVE('',#4343,#4621,#739,.F.);
#3822=EDGE_CURVE('',#4620,#4621,#740,.T.);
#3823=EDGE_CURVE('',#4342,#4622,#741,.T.);
#3824=EDGE_CURVE('',#4621,#4622,#273,.F.);
#3825=EDGE_CURVE('',#4623,#4624,#742,.T.);
#3826=EDGE_CURVE('',#4622,#4623,#743,.T.);
#3827=EDGE_CURVE('',#4340,#4624,#1092,.T.);
#3828=EDGE_CURVE('',#4339,#4625,#744,.T.);
#3829=EDGE_CURVE('',#4624,#4625,#4832,.F.);
#3830=EDGE_CURVE('',#4338,#4626,#745,.F.);
#3831=EDGE_CURVE('',#4625,#4626,#746,.T.);
#3832=EDGE_CURVE('',#4337,#4627,#747,.T.);
#3833=EDGE_CURVE('',#4626,#4627,#748,.T.);
#3834=EDGE_CURVE('',#4336,#4628,#749,.T.);
#3835=EDGE_CURVE('',#4627,#4628,#750,.T.);
#3836=EDGE_CURVE('',#4335,#4629,#751,.T.);
#3837=EDGE_CURVE('',#4628,#4629,#752,.T.);
#3838=EDGE_CURVE('',#4334,#4630,#753,.T.);
#3839=EDGE_CURVE('',#4629,#4630,#754,.T.);
#3840=EDGE_CURVE('',#4333,#4631,#755,.T.);
#3841=EDGE_CURVE('',#4630,#4631,#756,.T.);
#3842=EDGE_CURVE('',#4332,#4632,#757,.T.);
#3843=EDGE_CURVE('',#4631,#4632,#758,.T.);
#3844=EDGE_CURVE('',#4331,#4633,#759,.T.);
#3845=EDGE_CURVE('',#4632,#4633,#760,.T.);
#3846=EDGE_CURVE('',#4330,#4634,#761,.F.);
#3847=EDGE_CURVE('',#4633,#4634,#762,.T.);
#3848=EDGE_CURVE('',#4329,#4635,#763,.T.);
#3849=EDGE_CURVE('',#4634,#4635,#764,.T.);
#3850=EDGE_CURVE('',#4328,#4636,#765,.T.);
#3851=EDGE_CURVE('',#4635,#4636,#766,.T.);
#3852=EDGE_CURVE('',#4327,#4637,#767,.F.);
#3853=EDGE_CURVE('',#4636,#4637,#768,.T.);
#3854=EDGE_CURVE('',#4326,#4638,#1093,.T.);
#3855=EDGE_CURVE('',#4637,#4638,#1094,.F.);
#3856=EDGE_CURVE('',#4325,#4639,#1095,.T.);
#3857=EDGE_CURVE('',#4638,#4639,#274,.T.);
#3858=EDGE_CURVE('',#4639,#4608,#1096,.T.);
#3859=EDGE_CURVE('',#4356,#4640,#1097,.T.);
#3860=EDGE_CURVE('',#4641,#4640,#275,.F.);
#3861=EDGE_CURVE('',#4357,#4641,#1098,.T.);
#3862=EDGE_CURVE('',#4354,#4642,#769,.T.);
#3863=EDGE_CURVE('',#4640,#4642,#1099,.F.);
#3864=EDGE_CURVE('',#4355,#4643,#770,.T.);
#3865=EDGE_CURVE('',#4642,#4643,#771,.T.);
#3866=EDGE_CURVE('',#4363,#4644,#772,.T.);
#3867=EDGE_CURVE('',#4643,#4644,#773,.T.);
#3868=EDGE_CURVE('',#4362,#4645,#774,.T.);
#3869=EDGE_CURVE('',#4644,#4645,#775,.T.);
#3870=EDGE_CURVE('',#4361,#4646,#776,.F.);
#3871=EDGE_CURVE('',#4645,#4646,#777,.T.);
#3872=EDGE_CURVE('',#4360,#4647,#1100,.T.);
#3873=EDGE_CURVE('',#4646,#4647,#276,.T.);
#3874=EDGE_CURVE('',#4359,#4648,#1101,.T.);
#3875=EDGE_CURVE('',#4647,#4648,#1102,.F.);
#3876=EDGE_CURVE('',#4358,#4649,#1103,.T.);
#3877=EDGE_CURVE('',#4648,#4649,#277,.T.);
#3878=EDGE_CURVE('',#4649,#4641,#1104,.T.);
#3879=EDGE_CURVE('',#4366,#4650,#1105,.T.);
#3880=EDGE_CURVE('',#4651,#4650,#278,.F.);
#3881=EDGE_CURVE('',#4367,#4651,#1106,.T.);
#3882=EDGE_CURVE('',#4364,#4652,#778,.T.);
#3883=EDGE_CURVE('',#4650,#4652,#1107,.F.);
#3884=EDGE_CURVE('',#4365,#4653,#779,.T.);
#3885=EDGE_CURVE('',#4652,#4653,#780,.T.);
#3886=EDGE_CURVE('',#4373,#4654,#781,.T.);
#3887=EDGE_CURVE('',#4653,#4654,#782,.T.);
#3888=EDGE_CURVE('',#4372,#4655,#783,.T.);
#3889=EDGE_CURVE('',#4654,#4655,#784,.T.);
#3890=EDGE_CURVE('',#4371,#4656,#785,.F.);
#3891=EDGE_CURVE('',#4655,#4656,#786,.T.);
#3892=EDGE_CURVE('',#4370,#4657,#1108,.T.);
#3893=EDGE_CURVE('',#4656,#4657,#279,.T.);
#3894=EDGE_CURVE('',#4369,#4658,#1109,.T.);
#3895=EDGE_CURVE('',#4657,#4658,#1110,.F.);
#3896=EDGE_CURVE('',#4368,#4659,#1111,.T.);
#3897=EDGE_CURVE('',#4658,#4659,#280,.T.);
#3898=EDGE_CURVE('',#4659,#4651,#1112,.T.);
#3899=EDGE_CURVE('',#4378,#4660,#1113,.T.);
#3900=EDGE_CURVE('',#4377,#4661,#787,.T.);
#3901=EDGE_CURVE('',#4660,#4661,#4833,.F.);
#3902=EDGE_CURVE('',#4376,#4662,#1114,.T.);
#3903=EDGE_CURVE('',#4661,#4662,#4834,.F.);
#3904=EDGE_CURVE('',#4374,#4663,#788,.T.);
#3905=EDGE_CURVE('',#4662,#4663,#4835,.F.);
#3906=EDGE_CURVE('',#4375,#4664,#1115,.T.);
#3907=EDGE_CURVE('',#4663,#4664,#4836,.F.);
#3908=EDGE_CURVE('',#4379,#4665,#1116,.T.);
#3909=EDGE_CURVE('',#4664,#4665,#281,.T.);
#3910=EDGE_CURVE('',#4665,#4660,#1117,.T.);
#3911=EDGE_CURVE('',#4182,#4666,#789,.T.);
#3912=EDGE_CURVE('',#4181,#4667,#790,.T.);
#3913=EDGE_CURVE('',#4666,#4667,#791,.T.);
#3914=EDGE_CURVE('',#4180,#4668,#792,.F.);
#3915=EDGE_CURVE('',#4667,#4668,#793,.T.);
#3916=EDGE_CURVE('',#4179,#4669,#794,.T.);
#3917=EDGE_CURVE('',#4668,#4669,#795,.F.);
#3918=EDGE_CURVE('',#4178,#4670,#1118,.T.);
#3919=EDGE_CURVE('',#4669,#4670,#1119,.T.);
#3920=EDGE_CURVE('',#4177,#4671,#1120,.T.);
#3921=EDGE_CURVE('',#4670,#4671,#282,.F.);
#3922=EDGE_CURVE('',#4176,#4672,#1121,.T.);
#3923=EDGE_CURVE('',#4671,#4672,#1122,.F.);
#3924=EDGE_CURVE('',#4174,#4673,#796,.T.);
#3925=EDGE_CURVE('',#4672,#4673,#283,.F.);
#3926=EDGE_CURVE('',#4175,#4674,#797,.T.);
#3927=EDGE_CURVE('',#4673,#4674,#798,.T.);
#3928=EDGE_CURVE('',#4197,#4675,#799,.T.);
#3929=EDGE_CURVE('',#4674,#4675,#800,.T.);
#3930=EDGE_CURVE('',#4196,#4676,#801,.T.);
#3931=EDGE_CURVE('',#4675,#4676,#802,.T.);
#3932=EDGE_CURVE('',#4195,#4677,#803,.T.);
#3933=EDGE_CURVE('',#4676,#4677,#804,.T.);
#3934=EDGE_CURVE('',#4194,#4678,#805,.F.);
#3935=EDGE_CURVE('',#4677,#4678,#806,.T.);
#3936=EDGE_CURVE('',#4193,#4679,#807,.T.);
#3937=EDGE_CURVE('',#4678,#4679,#808,.T.);
#3938=EDGE_CURVE('',#4192,#4680,#809,.F.);
#3939=EDGE_CURVE('',#4679,#4680,#810,.T.);
#3940=EDGE_CURVE('',#4191,#4681,#811,.T.);
#3941=EDGE_CURVE('',#4680,#4681,#812,.T.);
#3942=EDGE_CURVE('',#4190,#4682,#813,.T.);
#3943=EDGE_CURVE('',#4681,#4682,#814,.T.);
#3944=EDGE_CURVE('',#4189,#4683,#815,.T.);
#3945=EDGE_CURVE('',#4682,#4683,#816,.T.);
#3946=EDGE_CURVE('',#4188,#4684,#817,.T.);
#3947=EDGE_CURVE('',#4683,#4684,#818,.T.);
#3948=EDGE_CURVE('',#4187,#4685,#819,.T.);
#3949=EDGE_CURVE('',#4684,#4685,#820,.T.);
#3950=EDGE_CURVE('',#4186,#4686,#821,.T.);
#3951=EDGE_CURVE('',#4685,#4686,#822,.T.);
#3952=EDGE_CURVE('',#4185,#4687,#823,.T.);
#3953=EDGE_CURVE('',#4686,#4687,#824,.T.);
#3954=EDGE_CURVE('',#4184,#4688,#825,.T.);
#3955=EDGE_CURVE('',#4687,#4688,#826,.T.);
#3956=EDGE_CURVE('',#4183,#4689,#827,.F.);
#3957=EDGE_CURVE('',#4688,#4689,#828,.T.);
#3958=EDGE_CURVE('',#4690,#4691,#829,.F.);
#3959=EDGE_CURVE('',#4690,#4692,#830,.T.);
#3960=EDGE_CURVE('',#4692,#4693,#831,.T.);
#3961=EDGE_CURVE('',#4691,#4693,#832,.F.);
#3962=EDGE_CURVE('',#4692,#4694,#833,.T.);
#3963=EDGE_CURVE('',#4694,#4695,#834,.T.);
#3964=EDGE_CURVE('',#4693,#4695,#835,.T.);
#3965=EDGE_CURVE('',#4694,#4696,#836,.T.);
#3966=EDGE_CURVE('',#4696,#4697,#837,.T.);
#3967=EDGE_CURVE('',#4695,#4697,#838,.T.);
#3968=EDGE_CURVE('',#4696,#4698,#839,.T.);
#3969=EDGE_CURVE('',#4698,#4699,#840,.T.);
#3970=EDGE_CURVE('',#4697,#4699,#841,.T.);
#3971=EDGE_CURVE('',#4698,#4700,#842,.T.);
#3972=EDGE_CURVE('',#4700,#4701,#843,.T.);
#3973=EDGE_CURVE('',#4699,#4701,#844,.T.);
#3974=EDGE_CURVE('',#4700,#4702,#845,.T.);
#3975=EDGE_CURVE('',#4702,#4703,#846,.T.);
#3976=EDGE_CURVE('',#4701,#4703,#847,.T.);
#3977=EDGE_CURVE('',#4702,#4704,#848,.T.);
#3978=EDGE_CURVE('',#4704,#4705,#849,.F.);
#3979=EDGE_CURVE('',#4703,#4705,#850,.T.);
#3980=EDGE_CURVE('',#4704,#4706,#851,.T.);
#3981=EDGE_CURVE('',#4706,#4707,#852,.T.);
#3982=EDGE_CURVE('',#4705,#4707,#853,.T.);
#3983=EDGE_CURVE('',#4706,#4708,#854,.T.);
#3984=EDGE_CURVE('',#4708,#4709,#855,.T.);
#3985=EDGE_CURVE('',#4707,#4709,#856,.T.);
#3986=EDGE_CURVE('',#4708,#4710,#857,.T.);
#3987=EDGE_CURVE('',#4710,#4711,#858,.T.);
#3988=EDGE_CURVE('',#4709,#4711,#859,.T.);
#3989=EDGE_CURVE('',#4710,#4712,#860,.T.);
#3990=EDGE_CURVE('',#4712,#4713,#861,.F.);
#3991=EDGE_CURVE('',#4711,#4713,#862,.T.);
#3992=EDGE_CURVE('',#4712,#4714,#1123,.T.);
#3993=EDGE_CURVE('',#4714,#4715,#1124,.T.);
#3994=EDGE_CURVE('',#4713,#4715,#1125,.F.);
#3995=EDGE_CURVE('',#4714,#4716,#284,.T.);
#3996=EDGE_CURVE('',#4716,#4717,#863,.T.);
#3997=EDGE_CURVE('',#4715,#4717,#285,.F.);
#3998=EDGE_CURVE('',#4716,#4718,#864,.T.);
#3999=EDGE_CURVE('',#4718,#4719,#865,.T.);
#4000=EDGE_CURVE('',#4717,#4719,#866,.T.);
#4001=EDGE_CURVE('',#4718,#4720,#867,.T.);
#4002=EDGE_CURVE('',#4720,#4721,#868,.T.);
#4003=EDGE_CURVE('',#4719,#4721,#869,.T.);
#4004=EDGE_CURVE('',#4720,#4722,#870,.T.);
#4005=EDGE_CURVE('',#4722,#4723,#871,.T.);
#4006=EDGE_CURVE('',#4721,#4723,#872,.T.);
#4007=EDGE_CURVE('',#4722,#4724,#873,.T.);
#4008=EDGE_CURVE('',#4724,#4725,#874,.F.);
#4009=EDGE_CURVE('',#4723,#4725,#875,.T.);
#4010=EDGE_CURVE('',#4724,#4690,#876,.T.);
#4011=EDGE_CURVE('',#4725,#4691,#877,.T.);
#4012=EDGE_CURVE('',#4689,#4666,#878,.T.);
#4013=EDGE_CURVE('',#4380,#4726,#1126,.T.);
#4014=EDGE_CURVE('',#4727,#4726,#286,.F.);
#4015=EDGE_CURVE('',#4382,#4727,#1127,.T.);
#4016=EDGE_CURVE('',#4381,#4728,#879,.T.);
#4017=EDGE_CURVE('',#4726,#4728,#4837,.F.);
#4018=EDGE_CURVE('',#4409,#4729,#880,.F.);
#4019=EDGE_CURVE('',#4728,#4729,#881,.T.);
#4020=EDGE_CURVE('',#4408,#4730,#882,.T.);
#4021=EDGE_CURVE('',#4729,#4730,#883,.T.);
#4022=EDGE_CURVE('',#4407,#4731,#884,.T.);
#4023=EDGE_CURVE('',#4730,#4731,#885,.T.);
#4024=EDGE_CURVE('',#4406,#4732,#886,.T.);
#4025=EDGE_CURVE('',#4731,#4732,#887,.T.);
#4026=EDGE_CURVE('',#4405,#4733,#888,.T.);
#4027=EDGE_CURVE('',#4732,#4733,#889,.T.);
#4028=EDGE_CURVE('',#4404,#4734,#890,.T.);
#4029=EDGE_CURVE('',#4733,#4734,#891,.T.);
#4030=EDGE_CURVE('',#4403,#4735,#892,.T.);
#4031=EDGE_CURVE('',#4734,#4735,#893,.T.);
#4032=EDGE_CURVE('',#4402,#4736,#894,.T.);
#4033=EDGE_CURVE('',#4735,#4736,#895,.T.);
#4034=EDGE_CURVE('',#4401,#4737,#896,.F.);
#4035=EDGE_CURVE('',#4736,#4737,#897,.T.);
#4036=EDGE_CURVE('',#4400,#4738,#898,.T.);
#4037=EDGE_CURVE('',#4737,#4738,#899,.T.);
#4038=EDGE_CURVE('',#4399,#4739,#900,.T.);
#4039=EDGE_CURVE('',#4738,#4739,#901,.T.);
#4040=EDGE_CURVE('',#4398,#4740,#902,.T.);
#4041=EDGE_CURVE('',#4739,#4740,#903,.T.);
#4042=EDGE_CURVE('',#4397,#4741,#904,.T.);
#4043=EDGE_CURVE('',#4740,#4741,#905,.T.);
#4044=EDGE_CURVE('',#4396,#4742,#906,.T.);
#4045=EDGE_CURVE('',#4741,#4742,#907,.T.);
#4046=EDGE_CURVE('',#4395,#4743,#908,.F.);
#4047=EDGE_CURVE('',#4742,#4743,#909,.T.);
#4048=EDGE_CURVE('',#4394,#4744,#910,.T.);
#4049=EDGE_CURVE('',#4743,#4744,#911,.T.);
#4050=EDGE_CURVE('',#4393,#4745,#912,.T.);
#4051=EDGE_CURVE('',#4744,#4745,#913,.T.);
#4052=EDGE_CURVE('',#4392,#4746,#914,.T.);
#4053=EDGE_CURVE('',#4745,#4746,#915,.T.);
#4054=EDGE_CURVE('',#4391,#4747,#916,.T.);
#4055=EDGE_CURVE('',#4746,#4747,#917,.T.);
#4056=EDGE_CURVE('',#4390,#4748,#918,.F.);
#4057=EDGE_CURVE('',#4747,#4748,#919,.T.);
#4058=EDGE_CURVE('',#4389,#4749,#920,.T.);
#4059=EDGE_CURVE('',#4748,#4749,#921,.T.);
#4060=EDGE_CURVE('',#4388,#4750,#922,.F.);
#4061=EDGE_CURVE('',#4749,#4750,#923,.T.);
#4062=EDGE_CURVE('',#4387,#4751,#924,.T.);
#4063=EDGE_CURVE('',#4750,#4751,#925,.T.);
#4064=EDGE_CURVE('',#4386,#4752,#926,.T.);
#4065=EDGE_CURVE('',#4751,#4752,#927,.T.);
#4066=EDGE_CURVE('',#4385,#4753,#928,.T.);
#4067=EDGE_CURVE('',#4752,#4753,#929,.T.);
#4068=EDGE_CURVE('',#4384,#4754,#930,.F.);
#4069=EDGE_CURVE('',#4753,#4754,#931,.T.);
#4070=EDGE_CURVE('',#4383,#4755,#1128,.T.);
#4071=EDGE_CURVE('',#4754,#4755,#287,.T.);
#4072=EDGE_CURVE('',#4756,#4757,#932,.F.);
#4073=EDGE_CURVE('',#4756,#4758,#933,.T.);
#4074=EDGE_CURVE('',#4758,#4759,#934,.T.);
#4075=EDGE_CURVE('',#4757,#4759,#935,.T.);
#4076=EDGE_CURVE('',#4758,#4760,#936,.T.);
#4077=EDGE_CURVE('',#4760,#4761,#937,.T.);
#4078=EDGE_CURVE('',#4759,#4761,#938,.T.);
#4079=EDGE_CURVE('',#4760,#4762,#939,.T.);
#4080=EDGE_CURVE('',#4762,#4763,#940,.F.);
#4081=EDGE_CURVE('',#4761,#4763,#941,.T.);
#4082=EDGE_CURVE('',#4762,#4764,#942,.T.);
#4083=EDGE_CURVE('',#4764,#4765,#943,.T.);
#4084=EDGE_CURVE('',#4763,#4765,#944,.T.);
#4085=EDGE_CURVE('',#4764,#4766,#945,.T.);
#4086=EDGE_CURVE('',#4766,#4767,#946,.F.);
#4087=EDGE_CURVE('',#4765,#4767,#947,.T.);
#4088=EDGE_CURVE('',#4766,#4768,#948,.T.);
#4089=EDGE_CURVE('',#4768,#4769,#949,.T.);
#4090=EDGE_CURVE('',#4767,#4769,#950,.T.);
#4091=EDGE_CURVE('',#4768,#4770,#951,.T.);
#4092=EDGE_CURVE('',#4770,#4771,#952,.T.);
#4093=EDGE_CURVE('',#4769,#4771,#953,.T.);
#4094=EDGE_CURVE('',#4770,#4772,#954,.T.);
#4095=EDGE_CURVE('',#4772,#4773,#955,.T.);
#4096=EDGE_CURVE('',#4771,#4773,#956,.T.);
#4097=EDGE_CURVE('',#4772,#4774,#957,.T.);
#4098=EDGE_CURVE('',#4774,#4775,#958,.T.);
#4099=EDGE_CURVE('',#4773,#4775,#959,.T.);
#4100=EDGE_CURVE('',#4774,#4776,#960,.T.);
#4101=EDGE_CURVE('',#4776,#4777,#961,.F.);
#4102=EDGE_CURVE('',#4775,#4777,#962,.T.);
#4103=EDGE_CURVE('',#4776,#4778,#963,.T.);
#4104=EDGE_CURVE('',#4778,#4779,#964,.T.);
#4105=EDGE_CURVE('',#4777,#4779,#965,.T.);
#4106=EDGE_CURVE('',#4778,#4756,#966,.T.);
#4107=EDGE_CURVE('',#4779,#4757,#967,.T.);
#4108=EDGE_CURVE('',#4755,#4727,#1129,.T.);
#4109=EDGE_CURVE('',#4169,#4780,#968,.F.);
#4110=EDGE_CURVE('',#4168,#4781,#969,.T.);
#4111=EDGE_CURVE('',#4780,#4781,#970,.T.);
#4112=EDGE_CURVE('',#4167,#4782,#971,.T.);
#4113=EDGE_CURVE('',#4781,#4782,#972,.T.);
#4114=EDGE_CURVE('',#4166,#4783,#973,.T.);
#4115=EDGE_CURVE('',#4782,#4783,#974,.F.);
#4116=EDGE_CURVE('',#4165,#4784,#1130,.T.);
#4117=EDGE_CURVE('',#4783,#4784,#975,.T.);
#4118=EDGE_CURVE('',#4164,#4785,#976,.T.);
#4119=EDGE_CURVE('',#4784,#4785,#4838,.F.);
#4120=EDGE_CURVE('',#4163,#4786,#1131,.T.);
#4121=EDGE_CURVE('',#4785,#4786,#4839,.F.);
#4122=EDGE_CURVE('',#4161,#4787,#1132,.T.);
#4123=EDGE_CURVE('',#4786,#4787,#1133,.F.);
#4124=EDGE_CURVE('',#4162,#4788,#977,.T.);
#4125=EDGE_CURVE('',#4787,#4788,#4840,.F.);
#4126=EDGE_CURVE('',#4173,#4789,#978,.T.);
#4127=EDGE_CURVE('',#4788,#4789,#979,.T.);
#4128=EDGE_CURVE('',#4172,#4790,#980,.F.);
#4129=EDGE_CURVE('',#4789,#4790,#981,.T.);
#4130=EDGE_CURVE('',#4171,#4791,#982,.T.);
#4131=EDGE_CURVE('',#4790,#4791,#4841,.F.);
#4132=EDGE_CURVE('',#4170,#4792,#983,.T.);
#4133=EDGE_CURVE('',#4791,#4792,#984,.T.);
#4134=EDGE_CURVE('',#4792,#4780,#985,.T.);
#4135=EDGE_CURVE('',#4418,#4793,#986,.F.);
#4136=EDGE_CURVE('',#4417,#4794,#987,.T.);
#4137=EDGE_CURVE('',#4793,#4794,#988,.T.);
#4138=EDGE_CURVE('',#4416,#4795,#989,.T.);
#4139=EDGE_CURVE('',#4794,#4795,#990,.T.);
#4140=EDGE_CURVE('',#4415,#4796,#991,.T.);
#4141=EDGE_CURVE('',#4795,#4796,#992,.F.);
#4142=EDGE_CURVE('',#4414,#4797,#1134,.T.);
#4143=EDGE_CURVE('',#4796,#4797,#993,.T.);
#4144=EDGE_CURVE('',#4413,#4798,#994,.T.);
#4145=EDGE_CURVE('',#4797,#4798,#4842,.F.);
#4146=EDGE_CURVE('',#4412,#4799,#1135,.T.);
#4147=EDGE_CURVE('',#4798,#4799,#4843,.F.);
#4148=EDGE_CURVE('',#4410,#4800,#1136,.T.);
#4149=EDGE_CURVE('',#4799,#4800,#1137,.F.);
#4150=EDGE_CURVE('',#4411,#4801,#995,.T.);
#4151=EDGE_CURVE('',#4800,#4801,#4844,.F.);
#4152=EDGE_CURVE('',#4422,#4802,#996,.T.);
#4153=EDGE_CURVE('',#4801,#4802,#997,.T.);
#4154=EDGE_CURVE('',#4421,#4803,#998,.F.);
#4155=EDGE_CURVE('',#4802,#4803,#999,.T.);
#4156=EDGE_CURVE('',#4420,#4804,#1000,.T.);
#4157=EDGE_CURVE('',#4803,#4804,#4845,.F.);
#4158=EDGE_CURVE('',#4419,#4805,#1001,.T.);
#4159=EDGE_CURVE('',#4804,#4805,#1002,.T.);
#4160=EDGE_CURVE('',#4805,#4793,#1003,.T.);
#4161=VERTEX_POINT('',#9688);
#4162=VERTEX_POINT('',#9689);
#4163=VERTEX_POINT('',#9691);
#4164=VERTEX_POINT('',#9693);
#4165=VERTEX_POINT('',#9695);
#4166=VERTEX_POINT('',#9700);
#4167=VERTEX_POINT('',#9705);
#4168=VERTEX_POINT('',#9710);
#4169=VERTEX_POINT('',#9715);
#4170=VERTEX_POINT('',#9720);
#4171=VERTEX_POINT('',#9725);
#4172=VERTEX_POINT('',#9727);
#4173=VERTEX_POINT('',#9732);
#4174=VERTEX_POINT('',#9741);
#4175=VERTEX_POINT('',#9742);
#4176=VERTEX_POINT('',#9744);
#4177=VERTEX_POINT('',#9746);
#4178=VERTEX_POINT('',#9748);
#4179=VERTEX_POINT('',#9750);
#4180=VERTEX_POINT('',#9755);
#4181=VERTEX_POINT('',#9760);
#4182=VERTEX_POINT('',#9765);
#4183=VERTEX_POINT('',#9770);
#4184=VERTEX_POINT('',#9775);
#4185=VERTEX_POINT('',#9780);
#4186=VERTEX_POINT('',#9785);
#4187=VERTEX_POINT('',#9790);
#4188=VERTEX_POINT('',#9796);
#4189=VERTEX_POINT('',#9801);
#4190=VERTEX_POINT('',#9806);
#4191=VERTEX_POINT('',#9811);
#4192=VERTEX_POINT('',#9816);
#4193=VERTEX_POINT('',#9821);
#4194=VERTEX_POINT('',#9826);
#4195=VERTEX_POINT('',#9831);
#4196=VERTEX_POINT('',#9836);
#4197=VERTEX_POINT('',#9841);
#4198=VERTEX_POINT('',#9847);
#4199=VERTEX_POINT('',#9848);
#4200=VERTEX_POINT('',#9850);
#4201=VERTEX_POINT('',#9852);
#4202=VERTEX_POINT('',#9854);
#4203=VERTEX_POINT('',#9859);
#4204=VERTEX_POINT('',#9864);
#4205=VERTEX_POINT('',#9869);
#4206=VERTEX_POINT('',#9874);
#4207=VERTEX_POINT('',#9879);
#4208=VERTEX_POINT('',#9884);
#4209=VERTEX_POINT('',#9889);
#4210=VERTEX_POINT('',#9894);
#4211=VERTEX_POINT('',#9899);
#4212=VERTEX_POINT('',#9904);
#4213=VERTEX_POINT('',#9909);
#4214=VERTEX_POINT('',#9914);
#4215=VERTEX_POINT('',#9919);
#4216=VERTEX_POINT('',#9924);
#4217=VERTEX_POINT('',#9929);
#4218=VERTEX_POINT('',#9934);
#4219=VERTEX_POINT('',#9939);
#4220=VERTEX_POINT('',#9944);
#4221=VERTEX_POINT('',#9949);
#4222=VERTEX_POINT('',#9954);
#4223=VERTEX_POINT('',#9959);
#4224=VERTEX_POINT('',#9964);
#4225=VERTEX_POINT('',#9969);
#4226=VERTEX_POINT('',#9974);
#4227=VERTEX_POINT('',#9979);
#4228=VERTEX_POINT('',#9985);
#4229=VERTEX_POINT('',#9986);
#4230=VERTEX_POINT('',#9988);
#4231=VERTEX_POINT('',#9990);
#4232=VERTEX_POINT('',#9992);
#4233=VERTEX_POINT('',#9994);
#4234=VERTEX_POINT('',#10000);
#4235=VERTEX_POINT('',#10001);
#4236=VERTEX_POINT('',#10003);
#4237=VERTEX_POINT('',#10005);
#4238=VERTEX_POINT('',#10007);
#4239=VERTEX_POINT('',#10009);
#4240=VERTEX_POINT('',#10011);
#4241=VERTEX_POINT('',#10013);
#4242=VERTEX_POINT('',#10018);
#4243=VERTEX_POINT('',#10023);
#4244=VERTEX_POINT('',#10032);
#4245=VERTEX_POINT('',#10033);
#4246=VERTEX_POINT('',#10035);
#4247=VERTEX_POINT('',#10037);
#4248=VERTEX_POINT('',#10039);
#4249=VERTEX_POINT('',#10041);
#4250=VERTEX_POINT('',#10043);
#4251=VERTEX_POINT('',#10045);
#4252=VERTEX_POINT('',#10050);
#4253=VERTEX_POINT('',#10055);
#4254=VERTEX_POINT('',#10064);
#4255=VERTEX_POINT('',#10065);
#4256=VERTEX_POINT('',#10067);
#4257=VERTEX_POINT('',#10069);
#4258=VERTEX_POINT('',#10071);
#4259=VERTEX_POINT('',#10073);
#4260=VERTEX_POINT('',#10075);
#4261=VERTEX_POINT('',#10080);
#4262=VERTEX_POINT('',#10085);
#4263=VERTEX_POINT('',#10090);
#4264=VERTEX_POINT('',#10095);
#4265=VERTEX_POINT('',#10100);
#4266=VERTEX_POINT('',#10105);
#4267=VERTEX_POINT('',#10110);
#4268=VERTEX_POINT('',#10115);
#4269=VERTEX_POINT('',#10120);
#4270=VERTEX_POINT('',#10125);
#4271=VERTEX_POINT('',#10130);
#4272=VERTEX_POINT('',#10135);
#4273=VERTEX_POINT('',#10137);
#4274=VERTEX_POINT('',#10142);
#4275=VERTEX_POINT('',#10147);
#4276=VERTEX_POINT('',#10149);
#4277=VERTEX_POINT('',#10154);
#4278=VERTEX_POINT('',#10159);
#4279=VERTEX_POINT('',#10164);
#4280=VERTEX_POINT('',#10169);
#4281=VERTEX_POINT('',#10174);
#4282=VERTEX_POINT('',#10179);
#4283=VERTEX_POINT('',#10184);
#4284=VERTEX_POINT('',#10189);
#4285=VERTEX_POINT('',#10194);
#4286=VERTEX_POINT('',#10199);
#4287=VERTEX_POINT('',#10205);
#4288=VERTEX_POINT('',#10206);
#4289=VERTEX_POINT('',#10208);
#4290=VERTEX_POINT('',#10210);
#4291=VERTEX_POINT('',#10213);
#4292=VERTEX_POINT('',#10215);
#4293=VERTEX_POINT('',#10220);
#4294=VERTEX_POINT('',#10221);
#4295=VERTEX_POINT('',#10223);
#4296=VERTEX_POINT('',#10225);
#4297=VERTEX_POINT('',#10227);
#4298=VERTEX_POINT('',#10229);
#4299=VERTEX_POINT('',#10234);
#4300=VERTEX_POINT('',#10239);
#4301=VERTEX_POINT('',#10244);
#4302=VERTEX_POINT('',#10249);
#4303=VERTEX_POINT('',#10254);
#4304=VERTEX_POINT('',#10259);
#4305=VERTEX_POINT('',#10264);
#4306=VERTEX_POINT('',#10269);
#4307=VERTEX_POINT('',#10275);
#4308=VERTEX_POINT('',#10280);
#4309=VERTEX_POINT('',#10285);
#4310=VERTEX_POINT('',#10290);
#4311=VERTEX_POINT('',#10295);
#4312=VERTEX_POINT('',#10300);
#4313=VERTEX_POINT('',#10305);
#4314=VERTEX_POINT('',#10310);
#4315=VERTEX_POINT('',#10315);
#4316=VERTEX_POINT('',#10320);
#4317=VERTEX_POINT('',#10326);
#4318=VERTEX_POINT('',#10327);
#4319=VERTEX_POINT('',#10329);
#4320=VERTEX_POINT('',#10331);
#4321=VERTEX_POINT('',#10337);
#4322=VERTEX_POINT('',#10338);
#4323=VERTEX_POINT('',#10340);
#4324=VERTEX_POINT('',#10342);
#4325=VERTEX_POINT('',#10344);
#4326=VERTEX_POINT('',#10346);
#4327=VERTEX_POINT('',#10348);
#4328=VERTEX_POINT('',#10353);
#4329=VERTEX_POINT('',#10358);
#4330=VERTEX_POINT('',#10363);
#4331=VERTEX_POINT('',#10368);
#4332=VERTEX_POINT('',#10373);
#4333=VERTEX_POINT('',#10378);
#4334=VERTEX_POINT('',#10383);
#4335=VERTEX_POINT('',#10388);
#4336=VERTEX_POINT('',#10393);
#4337=VERTEX_POINT('',#10398);
#4338=VERTEX_POINT('',#10403);
#4339=VERTEX_POINT('',#10408);
#4340=VERTEX_POINT('',#10410);
#4341=VERTEX_POINT('',#10415);
#4342=VERTEX_POINT('',#10420);
#4343=VERTEX_POINT('',#10422);
#4344=VERTEX_POINT('',#10427);
#4345=VERTEX_POINT('',#10432);
#4346=VERTEX_POINT('',#10437);
#4347=VERTEX_POINT('',#10442);
#4348=VERTEX_POINT('',#10447);
#4349=VERTEX_POINT('',#10452);
#4350=VERTEX_POINT('',#10457);
#4351=VERTEX_POINT('',#10462);
#4352=VERTEX_POINT('',#10467);
#4353=VERTEX_POINT('',#10472);
#4354=VERTEX_POINT('',#10481);
#4355=VERTEX_POINT('',#10482);
#4356=VERTEX_POINT('',#10484);
#4357=VERTEX_POINT('',#10486);
#4358=VERTEX_POINT('',#10488);
#4359=VERTEX_POINT('',#10490);
#4360=VERTEX_POINT('',#10492);
#4361=VERTEX_POINT('',#10494);
#4362=VERTEX_POINT('',#10499);
#4363=VERTEX_POINT('',#10504);
#4364=VERTEX_POINT('',#10513);
#4365=VERTEX_POINT('',#10514);
#4366=VERTEX_POINT('',#10516);
#4367=VERTEX_POINT('',#10518);
#4368=VERTEX_POINT('',#10520);
#4369=VERTEX_POINT('',#10522);
#4370=VERTEX_POINT('',#10524);
#4371=VERTEX_POINT('',#10526);
#4372=VERTEX_POINT('',#10531);
#4373=VERTEX_POINT('',#10536);
#4374=VERTEX_POINT('',#10542);
#4375=VERTEX_POINT('',#10543);
#4376=VERTEX_POINT('',#10545);
#4377=VERTEX_POINT('',#10547);
#4378=VERTEX_POINT('',#10549);
#4379=VERTEX_POINT('',#10551);
#4380=VERTEX_POINT('',#10554);
#4381=VERTEX_POINT('',#10555);
#4382=VERTEX_POINT('',#10557);
#4383=VERTEX_POINT('',#10559);
#4384=VERTEX_POINT('',#10561);
#4385=VERTEX_POINT('',#10566);
#4386=VERTEX_POINT('',#10571);
#4387=VERTEX_POINT('',#10576);
#4388=VERTEX_POINT('',#10581);
#4389=VERTEX_POINT('',#10586);
#4390=VERTEX_POINT('',#10591);
#4391=VERTEX_POINT('',#10596);
#4392=VERTEX_POINT('',#10601);
#4393=VERTEX_POINT('',#10606);
#4394=VERTEX_POINT('',#10611);
#4395=VERTEX_POINT('',#10616);
#4396=VERTEX_POINT('',#10621);
#4397=VERTEX_POINT('',#10626);
#4398=VERTEX_POINT('',#10631);
#4399=VERTEX_POINT('',#10636);
#4400=VERTEX_POINT('',#10641);
#4401=VERTEX_POINT('',#10646);
#4402=VERTEX_POINT('',#10651);
#4403=VERTEX_POINT('',#10656);
#4404=VERTEX_POINT('',#10661);
#4405=VERTEX_POINT('',#10666);
#4406=VERTEX_POINT('',#10671);
#4407=VERTEX_POINT('',#10676);
#4408=VERTEX_POINT('',#10681);
#4409=VERTEX_POINT('',#10686);
#4410=VERTEX_POINT('',#10692);
#4411=VERTEX_POINT('',#10693);
#4412=VERTEX_POINT('',#10695);
#4413=VERTEX_POINT('',#10697);
#4414=VERTEX_POINT('',#10699);
#4415=VERTEX_POINT('',#10704);
#4416=VERTEX_POINT('',#10709);
#4417=VERTEX_POINT('',#10714);
#4418=VERTEX_POINT('',#10719);
#4419=VERTEX_POINT('',#10724);
#4420=VERTEX_POINT('',#10729);
#4421=VERTEX_POINT('',#10731);
#4422=VERTEX_POINT('',#10736);
#4423=VERTEX_POINT('',#10743);
#4424=VERTEX_POINT('',#10746);
#4425=VERTEX_POINT('',#10748);
#4426=VERTEX_POINT('',#10754);
#4427=VERTEX_POINT('',#10756);
#4428=VERTEX_POINT('',#10760);
#4429=VERTEX_POINT('',#10764);
#4430=VERTEX_POINT('',#10771);
#4431=VERTEX_POINT('',#10773);
#4432=VERTEX_POINT('',#10780);
#4433=VERTEX_POINT('',#10787);
#4434=VERTEX_POINT('',#10797);
#4435=VERTEX_POINT('',#10807);
#4436=VERTEX_POINT('',#10824);
#4437=VERTEX_POINT('',#10841);
#4438=VERTEX_POINT('',#10851);
#4439=VERTEX_POINT('',#10861);
#4440=VERTEX_POINT('',#10871);
#4441=VERTEX_POINT('',#10881);
#4442=VERTEX_POINT('',#10891);
#4443=VERTEX_POINT('',#10901);
#4444=VERTEX_POINT('',#10918);
#4445=VERTEX_POINT('',#10928);
#4446=VERTEX_POINT('',#10935);
#4447=VERTEX_POINT('',#10936);
#4448=VERTEX_POINT('',#10947);
#4449=VERTEX_POINT('',#10961);
#4450=VERTEX_POINT('',#10971);
#4451=VERTEX_POINT('',#10981);
#4452=VERTEX_POINT('',#10991);
#4453=VERTEX_POINT('',#11001);
#4454=VERTEX_POINT('',#11011);
#4455=VERTEX_POINT('',#11021);
#4456=VERTEX_POINT('',#11038);
#4457=VERTEX_POINT('',#11055);
#4458=VERTEX_POINT('',#11065);
#4459=VERTEX_POINT('',#11075);
#4460=VERTEX_POINT('',#11085);
#4461=VERTEX_POINT('',#11092);
#4462=VERTEX_POINT('',#11096);
#4463=VERTEX_POINT('',#11103);
#4464=VERTEX_POINT('',#11105);
#4465=VERTEX_POINT('',#11112);
#4466=VERTEX_POINT('',#11119);
#4467=VERTEX_POINT('',#11129);
#4468=VERTEX_POINT('',#11139);
#4469=VERTEX_POINT('',#11156);
#4470=VERTEX_POINT('',#11163);
#4471=VERTEX_POINT('',#11167);
#4472=VERTEX_POINT('',#11171);
#4473=VERTEX_POINT('',#11178);
#4474=VERTEX_POINT('',#11180);
#4475=VERTEX_POINT('',#11187);
#4476=VERTEX_POINT('',#11194);
#4477=VERTEX_POINT('',#11204);
#4478=VERTEX_POINT('',#11214);
#4479=VERTEX_POINT('',#11231);
#4480=VERTEX_POINT('',#11238);
#4481=VERTEX_POINT('',#11242);
#4482=VERTEX_POINT('',#11246);
#4483=VERTEX_POINT('',#11253);
#4484=VERTEX_POINT('',#11258);
#4485=VERTEX_POINT('',#11262);
#4486=VERTEX_POINT('',#11269);
#4487=VERTEX_POINT('',#11273);
#4488=VERTEX_POINT('',#11277);
#4489=VERTEX_POINT('',#11294);
#4490=VERTEX_POINT('',#11299);
#4491=VERTEX_POINT('',#11316);
#4492=VERTEX_POINT('',#11326);
#4493=VERTEX_POINT('',#11333);
#4494=VERTEX_POINT('',#11337);
#4495=VERTEX_POINT('',#11341);
#4496=VERTEX_POINT('',#11348);
#4497=VERTEX_POINT('',#11366);
#4498=VERTEX_POINT('',#11383);
#4499=VERTEX_POINT('',#11400);
#4500=VERTEX_POINT('',#11417);
#4501=VERTEX_POINT('',#11434);
#4502=VERTEX_POINT('',#11444);
#4503=VERTEX_POINT('',#11461);
#4504=VERTEX_POINT('',#11471);
#4505=VERTEX_POINT('',#11492);
#4506=VERTEX_POINT('',#11509);
#4507=VERTEX_POINT('',#11526);
#4508=VERTEX_POINT('',#11555);
#4509=VERTEX_POINT('',#11577);
#4510=VERTEX_POINT('',#11594);
#4511=VERTEX_POINT('',#11611);
#4512=VERTEX_POINT('',#11632);
#4513=VERTEX_POINT('',#11642);
#4514=VERTEX_POINT('',#11643);
#4515=VERTEX_POINT('',#11648);
#4516=VERTEX_POINT('',#11653);
#4517=VERTEX_POINT('',#11663);
#4518=VERTEX_POINT('',#11668);
#4519=VERTEX_POINT('',#11678);
#4520=VERTEX_POINT('',#11683);
#4521=VERTEX_POINT('',#11700);
#4522=VERTEX_POINT('',#11705);
#4523=VERTEX_POINT('',#11726);
#4524=VERTEX_POINT('',#11731);
#4525=VERTEX_POINT('',#11752);
#4526=VERTEX_POINT('',#11757);
#4527=VERTEX_POINT('',#11774);
#4528=VERTEX_POINT('',#11779);
#4529=VERTEX_POINT('',#11789);
#4530=VERTEX_POINT('',#11794);
#4531=VERTEX_POINT('',#11804);
#4532=VERTEX_POINT('',#11809);
#4533=VERTEX_POINT('',#11819);
#4534=VERTEX_POINT('',#11824);
#4535=VERTEX_POINT('',#11834);
#4536=VERTEX_POINT('',#11839);
#4537=VERTEX_POINT('',#11846);
#4538=VERTEX_POINT('',#11848);
#4539=VERTEX_POINT('',#11852);
#4540=VERTEX_POINT('',#11857);
#4541=VERTEX_POINT('',#11875);
#4542=VERTEX_POINT('',#11880);
#4543=VERTEX_POINT('',#11897);
#4544=VERTEX_POINT('',#11902);
#4545=VERTEX_POINT('',#11919);
#4546=VERTEX_POINT('',#11924);
#4547=VERTEX_POINT('',#11945);
#4548=VERTEX_POINT('',#11950);
#4549=VERTEX_POINT('',#11973);
#4550=VERTEX_POINT('',#11975);
#4551=VERTEX_POINT('',#11982);
#4552=VERTEX_POINT('',#11996);
#4553=VERTEX_POINT('',#12006);
#4554=VERTEX_POINT('',#12016);
#4555=VERTEX_POINT('',#12026);
#4556=VERTEX_POINT('',#12036);
#4557=VERTEX_POINT('',#12046);
#4558=VERTEX_POINT('',#12056);
#4559=VERTEX_POINT('',#12073);
#4560=VERTEX_POINT('',#12090);
#4561=VERTEX_POINT('',#12100);
#4562=VERTEX_POINT('',#12117);
#4563=VERTEX_POINT('',#12138);
#4564=VERTEX_POINT('',#12159);
#4565=VERTEX_POINT('',#12176);
#4566=VERTEX_POINT('',#12193);
#4567=VERTEX_POINT('',#12203);
#4568=VERTEX_POINT('',#12213);
#4569=VERTEX_POINT('',#12223);
#4570=VERTEX_POINT('',#12233);
#4571=VERTEX_POINT('',#12250);
#4572=VERTEX_POINT('',#12260);
#4573=VERTEX_POINT('',#12281);
#4574=VERTEX_POINT('',#12291);
#4575=VERTEX_POINT('',#12308);
#4576=VERTEX_POINT('',#12325);
#4577=VERTEX_POINT('',#12342);
#4578=VERTEX_POINT('',#12349);
#4579=VERTEX_POINT('',#12356);
#4580=VERTEX_POINT('',#12357);
#4581=VERTEX_POINT('',#12362);
#4582=VERTEX_POINT('',#12367);
#4583=VERTEX_POINT('',#12377);
#4584=VERTEX_POINT('',#12382);
#4585=VERTEX_POINT('',#12399);
#4586=VERTEX_POINT('',#12404);
#4587=VERTEX_POINT('',#12414);
#4588=VERTEX_POINT('',#12419);
#4589=VERTEX_POINT('',#12436);
#4590=VERTEX_POINT('',#12441);
#4591=VERTEX_POINT('',#12451);
#4592=VERTEX_POINT('',#12456);
#4593=VERTEX_POINT('',#12466);
#4594=VERTEX_POINT('',#12471);
#4595=VERTEX_POINT('',#12492);
#4596=VERTEX_POINT('',#12497);
#4597=VERTEX_POINT('',#12514);
#4598=VERTEX_POINT('',#12519);
#4599=VERTEX_POINT('',#12536);
#4600=VERTEX_POINT('',#12541);
#4601=VERTEX_POINT('',#12551);
#4602=VERTEX_POINT('',#12556);
#4603=VERTEX_POINT('',#12576);
#4604=VERTEX_POINT('',#12578);
#4605=VERTEX_POINT('',#12582);
#4606=VERTEX_POINT('',#12586);
#4607=VERTEX_POINT('',#12593);
#4608=VERTEX_POINT('',#12595);
#4609=VERTEX_POINT('',#12602);
#4610=VERTEX_POINT('',#12609);
#4611=VERTEX_POINT('',#12619);
#4612=VERTEX_POINT('',#12629);
#4613=VERTEX_POINT('',#12646);
#4614=VERTEX_POINT('',#12663);
#4615=VERTEX_POINT('',#12673);
#4616=VERTEX_POINT('',#12683);
#4617=VERTEX_POINT('',#12693);
#4618=VERTEX_POINT('',#12703);
#4619=VERTEX_POINT('',#12713);
#4620=VERTEX_POINT('',#12723);
#4621=VERTEX_POINT('',#12740);
#4622=VERTEX_POINT('',#12750);
#4623=VERTEX_POINT('',#12757);
#4624=VERTEX_POINT('',#12758);
#4625=VERTEX_POINT('',#12769);
#4626=VERTEX_POINT('',#12783);
#4627=VERTEX_POINT('',#12793);
#4628=VERTEX_POINT('',#12803);
#4629=VERTEX_POINT('',#12813);
#4630=VERTEX_POINT('',#12823);
#4631=VERTEX_POINT('',#12833);
#4632=VERTEX_POINT('',#12843);
#4633=VERTEX_POINT('',#12860);
#4634=VERTEX_POINT('',#12877);
#4635=VERTEX_POINT('',#12887);
#4636=VERTEX_POINT('',#12897);
#4637=VERTEX_POINT('',#12907);
#4638=VERTEX_POINT('',#12914);
#4639=VERTEX_POINT('',#12918);
#4640=VERTEX_POINT('',#12925);
#4641=VERTEX_POINT('',#12927);
#4642=VERTEX_POINT('',#12934);
#4643=VERTEX_POINT('',#12941);
#4644=VERTEX_POINT('',#12951);
#4645=VERTEX_POINT('',#12961);
#4646=VERTEX_POINT('',#12978);
#4647=VERTEX_POINT('',#12985);
#4648=VERTEX_POINT('',#12989);
#4649=VERTEX_POINT('',#12993);
#4650=VERTEX_POINT('',#13000);
#4651=VERTEX_POINT('',#13002);
#4652=VERTEX_POINT('',#13009);
#4653=VERTEX_POINT('',#13016);
#4654=VERTEX_POINT('',#13026);
#4655=VERTEX_POINT('',#13036);
#4656=VERTEX_POINT('',#13053);
#4657=VERTEX_POINT('',#13060);
#4658=VERTEX_POINT('',#13064);
#4659=VERTEX_POINT('',#13068);
#4660=VERTEX_POINT('',#13075);
#4661=VERTEX_POINT('',#13080);
#4662=VERTEX_POINT('',#13084);
#4663=VERTEX_POINT('',#13091);
#4664=VERTEX_POINT('',#13095);
#4665=VERTEX_POINT('',#13099);
#4666=VERTEX_POINT('',#13116);
#4667=VERTEX_POINT('',#13121);
#4668=VERTEX_POINT('',#13138);
#4669=VERTEX_POINT('',#13148);
#4670=VERTEX_POINT('',#13155);
#4671=VERTEX_POINT('',#13159);
#4672=VERTEX_POINT('',#13163);
#4673=VERTEX_POINT('',#13170);
#4674=VERTEX_POINT('',#13188);
#4675=VERTEX_POINT('',#13205);
#4676=VERTEX_POINT('',#13222);
#4677=VERTEX_POINT('',#13239);
#4678=VERTEX_POINT('',#13256);
#4679=VERTEX_POINT('',#13266);
#4680=VERTEX_POINT('',#13283);
#4681=VERTEX_POINT('',#13293);
#4682=VERTEX_POINT('',#13314);
#4683=VERTEX_POINT('',#13331);
#4684=VERTEX_POINT('',#13348);
#4685=VERTEX_POINT('',#13377);
#4686=VERTEX_POINT('',#13399);
#4687=VERTEX_POINT('',#13416);
#4688=VERTEX_POINT('',#13433);
#4689=VERTEX_POINT('',#13454);
#4690=VERTEX_POINT('',#13464);
#4691=VERTEX_POINT('',#13465);
#4692=VERTEX_POINT('',#13470);
#4693=VERTEX_POINT('',#13475);
#4694=VERTEX_POINT('',#13485);
#4695=VERTEX_POINT('',#13490);
#4696=VERTEX_POINT('',#13500);
#4697=VERTEX_POINT('',#13505);
#4698=VERTEX_POINT('',#13522);
#4699=VERTEX_POINT('',#13527);
#4700=VERTEX_POINT('',#13548);
#4701=VERTEX_POINT('',#13553);
#4702=VERTEX_POINT('',#13574);
#4703=VERTEX_POINT('',#13579);
#4704=VERTEX_POINT('',#13596);
#4705=VERTEX_POINT('',#13601);
#4706=VERTEX_POINT('',#13611);
#4707=VERTEX_POINT('',#13616);
#4708=VERTEX_POINT('',#13626);
#4709=VERTEX_POINT('',#13631);
#4710=VERTEX_POINT('',#13641);
#4711=VERTEX_POINT('',#13646);
#4712=VERTEX_POINT('',#13656);
#4713=VERTEX_POINT('',#13661);
#4714=VERTEX_POINT('',#13668);
#4715=VERTEX_POINT('',#13670);
#4716=VERTEX_POINT('',#13674);
#4717=VERTEX_POINT('',#13679);
#4718=VERTEX_POINT('',#13697);
#4719=VERTEX_POINT('',#13702);
#4720=VERTEX_POINT('',#13719);
#4721=VERTEX_POINT('',#13724);
#4722=VERTEX_POINT('',#13741);
#4723=VERTEX_POINT('',#13746);
#4724=VERTEX_POINT('',#13767);
#4725=VERTEX_POINT('',#13772);
#4726=VERTEX_POINT('',#13795);
#4727=VERTEX_POINT('',#13797);
#4728=VERTEX_POINT('',#13804);
#4729=VERTEX_POINT('',#13818);
#4730=VERTEX_POINT('',#13828);
#4731=VERTEX_POINT('',#13838);
#4732=VERTEX_POINT('',#13848);
#4733=VERTEX_POINT('',#13858);
#4734=VERTEX_POINT('',#13868);
#4735=VERTEX_POINT('',#13878);
#4736=VERTEX_POINT('',#13895);
#4737=VERTEX_POINT('',#13912);
#4738=VERTEX_POINT('',#13922);
#4739=VERTEX_POINT('',#13939);
#4740=VERTEX_POINT('',#13960);
#4741=VERTEX_POINT('',#13981);
#4742=VERTEX_POINT('',#13998);
#4743=VERTEX_POINT('',#14015);
#4744=VERTEX_POINT('',#14025);
#4745=VERTEX_POINT('',#14035);
#4746=VERTEX_POINT('',#14045);
#4747=VERTEX_POINT('',#14055);
#4748=VERTEX_POINT('',#14072);
#4749=VERTEX_POINT('',#14082);
#4750=VERTEX_POINT('',#14103);
#4751=VERTEX_POINT('',#14113);
#4752=VERTEX_POINT('',#14130);
#4753=VERTEX_POINT('',#14147);
#4754=VERTEX_POINT('',#14164);
#4755=VERTEX_POINT('',#14171);
#4756=VERTEX_POINT('',#14178);
#4757=VERTEX_POINT('',#14179);
#4758=VERTEX_POINT('',#14184);
#4759=VERTEX_POINT('',#14189);
#4760=VERTEX_POINT('',#14199);
#4761=VERTEX_POINT('',#14204);
#4762=VERTEX_POINT('',#14221);
#4763=VERTEX_POINT('',#14226);
#4764=VERTEX_POINT('',#14236);
#4765=VERTEX_POINT('',#14241);
#4766=VERTEX_POINT('',#14258);
#4767=VERTEX_POINT('',#14263);
#4768=VERTEX_POINT('',#14273);
#4769=VERTEX_POINT('',#14278);
#4770=VERTEX_POINT('',#14288);
#4771=VERTEX_POINT('',#14293);
#4772=VERTEX_POINT('',#14314);
#4773=VERTEX_POINT('',#14319);
#4774=VERTEX_POINT('',#14336);
#4775=VERTEX_POINT('',#14341);
#4776=VERTEX_POINT('',#14358);
#4777=VERTEX_POINT('',#14363);
#4778=VERTEX_POINT('',#14373);
#4779=VERTEX_POINT('',#14378);
#4780=VERTEX_POINT('',#14401);
#4781=VERTEX_POINT('',#14406);
#4782=VERTEX_POINT('',#14416);
#4783=VERTEX_POINT('',#14426);
#4784=VERTEX_POINT('',#14433);
#4785=VERTEX_POINT('',#14443);
#4786=VERTEX_POINT('',#14447);
#4787=VERTEX_POINT('',#14451);
#4788=VERTEX_POINT('',#14458);
#4789=VERTEX_POINT('',#14476);
#4790=VERTEX_POINT('',#14493);
#4791=VERTEX_POINT('',#14503);
#4792=VERTEX_POINT('',#14510);
#4793=VERTEX_POINT('',#14526);
#4794=VERTEX_POINT('',#14531);
#4795=VERTEX_POINT('',#14541);
#4796=VERTEX_POINT('',#14551);
#4797=VERTEX_POINT('',#14558);
#4798=VERTEX_POINT('',#14568);
#4799=VERTEX_POINT('',#14572);
#4800=VERTEX_POINT('',#14576);
#4801=VERTEX_POINT('',#14583);
#4802=VERTEX_POINT('',#14601);
#4803=VERTEX_POINT('',#14618);
#4804=VERTEX_POINT('',#14628);
#4805=VERTEX_POINT('',#14635);
#4806=ELLIPSE('',#8491,0.0400000053683632,0.04);
#4807=ELLIPSE('',#8492,0.040000000996746,0.04);
#4808=ELLIPSE('',#8493,0.0400000009967018,0.04);
#4809=ELLIPSE('',#8494,0.0400007419353828,0.04);
#4810=ELLIPSE('',#8497,0.480184137223531,0.04);
#4811=ELLIPSE('',#8500,2.80619745360575,0.04);
#4812=ELLIPSE('',#8501,2.80621437087395,0.04);
#4813=ELLIPSE('',#8502,0.0400444624283969,0.04);
#4814=ELLIPSE('',#8503,0.0400444627269208,0.04);
#4815=ELLIPSE('',#8513,0.0400070308748923,0.04);
#4816=ELLIPSE('',#8525,0.0400070308748923,0.04);
#4817=ELLIPSE('',#8533,2.80619745360743,0.04);
#4818=ELLIPSE('',#8534,2.80621437087271,0.04);
#4819=ELLIPSE('',#8535,0.0400444624283969,0.04);
#4820=ELLIPSE('',#8536,0.0400444627269208,0.04);
#4821=ELLIPSE('',#8538,0.480184137223469,0.04);
#4822=ELLIPSE('',#8541,0.0400000053683632,0.04);
#4823=ELLIPSE('',#8542,0.040000000996746,0.04);
#4824=ELLIPSE('',#8543,0.0400000009967018,0.04);
#4825=ELLIPSE('',#8544,0.0400007419355135,0.04);
#4826=ELLIPSE('',#8576,0.0408071714923901,0.0408);
#4827=ELLIPSE('',#8618,0.0408453519814592,0.0408);
#4828=ELLIPSE('',#8620,0.0408453516769648,0.0408);
#4829=ELLIPSE('',#8622,2.86233865829143,0.0408);
#4830=ELLIPSE('',#8624,2.86232140267787,0.0408);
#4831=ELLIPSE('',#8656,0.489787819968002,0.0408);
#4832=ELLIPSE('',#8705,0.0408071714923901,0.0408);
#4833=ELLIPSE('',#8747,0.0408453519814592,0.0408);
#4834=ELLIPSE('',#8749,0.0408453516769648,0.0408);
#4835=ELLIPSE('',#8751,2.86233865829017,0.0408);
#4836=ELLIPSE('',#8753,2.86232140267958,0.0408);
#4837=ELLIPSE('',#8785,0.489787819967938,0.0408);
#4838=ELLIPSE('',#8816,0.0408000010166358,0.0408);
#4839=ELLIPSE('',#8818,0.0408000010166809,0.0408);
#4840=ELLIPSE('',#8821,0.0408000054757305,0.0408);
#4841=ELLIPSE('',#8823,0.0408007567740905,0.0408);
#4842=ELLIPSE('',#8832,0.0408000010166358,0.0408);
#4843=ELLIPSE('',#8834,0.0408000010166809,0.0408);
#4844=ELLIPSE('',#8837,0.0408000054757305,0.0408);
#4845=ELLIPSE('',#8839,0.0408007567742237,0.0408);
#4846=EDGE_LOOP('',(#1272,#1273,#1274,#1275,#1276,#1277,#1278,#1279,#1280,
#1281,#1282,#1283,#1284));
#4847=EDGE_LOOP('',(#1285,#1286,#1287,#1288,#1289,#1290,#1291,#1292,#1293,
#1294,#1295,#1296,#1297,#1298,#1299,#1300,#1301,#1302,#1303,#1304,#1305,
#1306,#1307,#1308));
#4848=EDGE_LOOP('',(#1309,#1310,#1311,#1312,#1313,#1314,#1315,#1316,#1317,
#1318,#1319,#1320,#1321,#1322,#1323,#1324,#1325,#1326,#1327,#1328,#1329,
#1330,#1331,#1332,#1333,#1334,#1335,#1336,#1337,#1338));
#4849=EDGE_LOOP('',(#1339,#1340,#1341,#1342,#1343,#1344));
#4850=EDGE_LOOP('',(#1345,#1346,#1347,#1348,#1349,#1350,#1351,#1352,#1353,
#1354));
#4851=EDGE_LOOP('',(#1355,#1356,#1357,#1358,#1359,#1360,#1361,#1362,#1363,
#1364));
#4852=EDGE_LOOP('',(#1365,#1366,#1367,#1368,#1369,#1370,#1371,#1372,#1373,
#1374,#1375,#1376,#1377,#1378,#1379,#1380,#1381,#1382,#1383,#1384,#1385,
#1386,#1387,#1388,#1389,#1390,#1391,#1392,#1393,#1394,#1395,#1396,#1397));
#4853=EDGE_LOOP('',(#1398,#1399,#1400,#1401));
#4854=EDGE_LOOP('',(#1402));
#4855=EDGE_LOOP('',(#1403));
#4856=EDGE_LOOP('',(#1404,#1405,#1406,#1407,#1408,#1409,#1410,#1411,#1412,
#1413,#1414,#1415,#1416,#1417,#1418,#1419,#1420,#1421,#1422,#1423,#1424,
#1425,#1426,#1427));
#4857=EDGE_LOOP('',(#1428,#1429,#1430,#1431));
#4858=EDGE_LOOP('',(#1432,#1433,#1434,#1435,#1436,#1437,#1438,#1439,#1440,
#1441,#1442,#1443,#1444,#1445,#1446,#1447,#1448,#1449,#1450,#1451,#1452,
#1453,#1454,#1455,#1456,#1457,#1458,#1459,#1460,#1461,#1462,#1463,#1464));
#4859=EDGE_LOOP('',(#1465,#1466,#1467,#1468,#1469,#1470,#1471,#1472,#1473,
#1474));
#4860=EDGE_LOOP('',(#1475,#1476,#1477,#1478,#1479,#1480,#1481,#1482,#1483,
#1484));
#4861=EDGE_LOOP('',(#1485,#1486,#1487,#1488,#1489,#1490));
#4862=EDGE_LOOP('',(#1491,#1492,#1493,#1494,#1495,#1496,#1497,#1498,#1499,
#1500,#1501,#1502,#1503,#1504,#1505,#1506,#1507,#1508,#1509,#1510,#1511,
#1512,#1513,#1514,#1515,#1516,#1517,#1518,#1519,#1520));
#4863=EDGE_LOOP('',(#1521,#1522,#1523,#1524,#1525,#1526,#1527,#1528,#1529,
#1530,#1531,#1532,#1533));
#4864=EDGE_LOOP('',(#1534));
#4865=EDGE_LOOP('',(#1535));
#4866=EDGE_LOOP('',(#1536));
#4867=EDGE_LOOP('',(#1537));
#4868=EDGE_LOOP('',(#1538));
#4869=EDGE_LOOP('',(#1539));
#4870=EDGE_LOOP('',(#1540));
#4871=EDGE_LOOP('',(#1541));
#4872=EDGE_LOOP('',(#1542,#1543,#1544,#1545));
#4873=EDGE_LOOP('',(#1546,#1547,#1548,#1549));
#4874=EDGE_LOOP('',(#1550,#1551,#1552,#1553));
#4875=EDGE_LOOP('',(#1554,#1555,#1556,#1557));
#4876=EDGE_LOOP('',(#1558,#1559,#1560,#1561));
#4877=EDGE_LOOP('',(#1562,#1563,#1564,#1565));
#4878=EDGE_LOOP('',(#1566,#1567,#1568,#1569));
#4879=EDGE_LOOP('',(#1570,#1571,#1572,#1573));
#4880=EDGE_LOOP('',(#1574,#1575,#1576,#1577));
#4881=EDGE_LOOP('',(#1578,#1579,#1580,#1581));
#4882=EDGE_LOOP('',(#1582,#1583,#1584,#1585));
#4883=EDGE_LOOP('',(#1586,#1587,#1588,#1589));
#4884=EDGE_LOOP('',(#1590,#1591,#1592,#1593));
#4885=EDGE_LOOP('',(#1594,#1595,#1596,#1597));
#4886=EDGE_LOOP('',(#1598,#1599,#1600,#1601));
#4887=EDGE_LOOP('',(#1602,#1603,#1604,#1605));
#4888=EDGE_LOOP('',(#1606,#1607,#1608,#1609));
#4889=EDGE_LOOP('',(#1610,#1611,#1612,#1613));
#4890=EDGE_LOOP('',(#1614,#1615,#1616,#1617));
#4891=EDGE_LOOP('',(#1618,#1619,#1620,#1621));
#4892=EDGE_LOOP('',(#1622,#1623,#1624,#1625,#1626,#1627));
#4893=EDGE_LOOP('',(#1628,#1629,#1630,#1631));
#4894=EDGE_LOOP('',(#1632,#1633,#1634,#1635));
#4895=EDGE_LOOP('',(#1636,#1637,#1638,#1639));
#4896=EDGE_LOOP('',(#1640,#1641,#1642,#1643));
#4897=EDGE_LOOP('',(#1644,#1645,#1646,#1647));
#4898=EDGE_LOOP('',(#1648,#1649,#1650,#1651));
#4899=EDGE_LOOP('',(#1652,#1653,#1654,#1655));
#4900=EDGE_LOOP('',(#1656,#1657,#1658,#1659));
#4901=EDGE_LOOP('',(#1660,#1661,#1662,#1663));
#4902=EDGE_LOOP('',(#1664,#1665,#1666,#1667));
#4903=EDGE_LOOP('',(#1668,#1669,#1670,#1671));
#4904=EDGE_LOOP('',(#1672,#1673,#1674,#1675));
#4905=EDGE_LOOP('',(#1676,#1677,#1678,#1679));
#4906=EDGE_LOOP('',(#1680,#1681,#1682,#1683));
#4907=EDGE_LOOP('',(#1684,#1685,#1686,#1687));
#4908=EDGE_LOOP('',(#1688,#1689,#1690,#1691));
#4909=EDGE_LOOP('',(#1692,#1693,#1694,#1695,#1696,#1697,#1698,#1699,#1700,
#1701,#1702,#1703,#1704,#1705,#1706,#1707,#1708,#1709,#1710,#1711,#1712,
#1713,#1714,#1715,#1716,#1717,#1718,#1719,#1720,#1721,#1722,#1723,#1724));
#4910=EDGE_LOOP('',(#1725,#1726,#1727,#1728));
#4911=EDGE_LOOP('',(#1729,#1730,#1731,#1732));
#4912=EDGE_LOOP('',(#1733,#1734,#1735,#1736));
#4913=EDGE_LOOP('',(#1737,#1738,#1739,#1740));
#4914=EDGE_LOOP('',(#1741,#1742,#1743,#1744));
#4915=EDGE_LOOP('',(#1745,#1746,#1747,#1748));
#4916=EDGE_LOOP('',(#1749,#1750,#1751,#1752));
#4917=EDGE_LOOP('',(#1753,#1754,#1755,#1756));
#4918=EDGE_LOOP('',(#1757,#1758,#1759,#1760));
#4919=EDGE_LOOP('',(#1761,#1762,#1763,#1764));
#4920=EDGE_LOOP('',(#1765,#1766,#1767,#1768,#1769,#1770,#1771,#1772,#1773,
#1774));
#4921=EDGE_LOOP('',(#1775,#1776,#1777,#1778));
#4922=EDGE_LOOP('',(#1779,#1780,#1781,#1782));
#4923=EDGE_LOOP('',(#1783,#1784,#1785,#1786));
#4924=EDGE_LOOP('',(#1787,#1788,#1789,#1790));
#4925=EDGE_LOOP('',(#1791,#1792,#1793,#1794));
#4926=EDGE_LOOP('',(#1795,#1796,#1797,#1798));
#4927=EDGE_LOOP('',(#1799,#1800,#1801,#1802));
#4928=EDGE_LOOP('',(#1803,#1804,#1805,#1806));
#4929=EDGE_LOOP('',(#1807,#1808,#1809,#1810));
#4930=EDGE_LOOP('',(#1811,#1812,#1813,#1814));
#4931=EDGE_LOOP('',(#1815,#1816,#1817,#1818,#1819,#1820,#1821,#1822,#1823,
#1824));
#4932=EDGE_LOOP('',(#1825,#1826,#1827,#1828));
#4933=EDGE_LOOP('',(#1829,#1830,#1831,#1832));
#4934=EDGE_LOOP('',(#1833,#1834,#1835,#1836));
#4935=EDGE_LOOP('',(#1837,#1838,#1839,#1840));
#4936=EDGE_LOOP('',(#1841,#1842,#1843,#1844));
#4937=EDGE_LOOP('',(#1845,#1846,#1847,#1848));
#4938=EDGE_LOOP('',(#1849,#1850,#1851,#1852,#1853,#1854));
#4939=EDGE_LOOP('',(#1855,#1856,#1857,#1858));
#4940=EDGE_LOOP('',(#1859,#1860,#1861,#1862));
#4941=EDGE_LOOP('',(#1863,#1864,#1865,#1866));
#4942=EDGE_LOOP('',(#1867,#1868,#1869,#1870));
#4943=EDGE_LOOP('',(#1871,#1872,#1873,#1874));
#4944=EDGE_LOOP('',(#1875,#1876,#1877,#1878));
#4945=EDGE_LOOP('',(#1879,#1880,#1881,#1882));
#4946=EDGE_LOOP('',(#1883,#1884,#1885,#1886));
#4947=EDGE_LOOP('',(#1887,#1888,#1889,#1890));
#4948=EDGE_LOOP('',(#1891,#1892,#1893,#1894));
#4949=EDGE_LOOP('',(#1895,#1896,#1897,#1898));
#4950=EDGE_LOOP('',(#1899,#1900,#1901,#1902));
#4951=EDGE_LOOP('',(#1903,#1904,#1905,#1906));
#4952=EDGE_LOOP('',(#1907,#1908,#1909,#1910));
#4953=EDGE_LOOP('',(#1911,#1912,#1913,#1914));
#4954=EDGE_LOOP('',(#1915,#1916,#1917,#1918));
#4955=EDGE_LOOP('',(#1919,#1920,#1921,#1922));
#4956=EDGE_LOOP('',(#1923,#1924,#1925,#1926));
#4957=EDGE_LOOP('',(#1927,#1928,#1929,#1930));
#4958=EDGE_LOOP('',(#1931,#1932,#1933,#1934));
#4959=EDGE_LOOP('',(#1935,#1936,#1937,#1938));
#4960=EDGE_LOOP('',(#1939,#1940,#1941,#1942));
#4961=EDGE_LOOP('',(#1943,#1944,#1945,#1946));
#4962=EDGE_LOOP('',(#1947,#1948,#1949,#1950));
#4963=EDGE_LOOP('',(#1951,#1952,#1953,#1954));
#4964=EDGE_LOOP('',(#1955,#1956,#1957,#1958));
#4965=EDGE_LOOP('',(#1959,#1960,#1961,#1962));
#4966=EDGE_LOOP('',(#1963,#1964,#1965,#1966));
#4967=EDGE_LOOP('',(#1967,#1968,#1969,#1970));
#4968=EDGE_LOOP('',(#1971,#1972,#1973,#1974));
#4969=EDGE_LOOP('',(#1975,#1976,#1977,#1978));
#4970=EDGE_LOOP('',(#1979,#1980,#1981,#1982));
#4971=EDGE_LOOP('',(#1983,#1984,#1985,#1986));
#4972=EDGE_LOOP('',(#1987,#1988,#1989,#1990));
#4973=EDGE_LOOP('',(#1991,#1992,#1993,#1994));
#4974=EDGE_LOOP('',(#1995,#1996,#1997,#1998));
#4975=EDGE_LOOP('',(#1999,#2000,#2001,#2002));
#4976=EDGE_LOOP('',(#2003,#2004,#2005,#2006));
#4977=EDGE_LOOP('',(#2007,#2008,#2009,#2010));
#4978=EDGE_LOOP('',(#2011,#2012,#2013,#2014));
#4979=EDGE_LOOP('',(#2015,#2016,#2017,#2018));
#4980=EDGE_LOOP('',(#2019,#2020,#2021,#2022));
#4981=EDGE_LOOP('',(#2023,#2024,#2025,#2026,#2027,#2028,#2029,#2030,#2031,
#2032,#2033,#2034,#2035,#2036,#2037,#2038,#2039,#2040));
#4982=EDGE_LOOP('',(#2041,#2042,#2043,#2044,#2045,#2046,#2047,#2048,#2049,
#2050,#2051,#2052,#2053,#2054,#2055,#2056,#2057,#2058,#2059,#2060,#2061,
#2062,#2063,#2064));
#4983=EDGE_LOOP('',(#2065,#2066,#2067,#2068,#2069,#2070,#2071,#2072,#2073,
#2074,#2075,#2076,#2077,#2078,#2079,#2080,#2081,#2082));
#4984=EDGE_LOOP('',(#2083,#2084,#2085,#2086));
#4985=EDGE_LOOP('',(#2087,#2088,#2089,#2090));
#4986=EDGE_LOOP('',(#2091,#2092,#2093,#2094));
#4987=EDGE_LOOP('',(#2095,#2096,#2097,#2098));
#4988=EDGE_LOOP('',(#2099,#2100,#2101,#2102));
#4989=EDGE_LOOP('',(#2103,#2104,#2105,#2106));
#4990=EDGE_LOOP('',(#2107,#2108,#2109,#2110));
#4991=EDGE_LOOP('',(#2111,#2112,#2113,#2114));
#4992=EDGE_LOOP('',(#2115,#2116,#2117,#2118));
#4993=EDGE_LOOP('',(#2119,#2120,#2121,#2122));
#4994=EDGE_LOOP('',(#2123,#2124,#2125,#2126));
#4995=EDGE_LOOP('',(#2127,#2128,#2129,#2130));
#4996=EDGE_LOOP('',(#2131,#2132,#2133,#2134));
#4997=EDGE_LOOP('',(#2135,#2136,#2137,#2138));
#4998=EDGE_LOOP('',(#2139,#2140,#2141,#2142));
#4999=EDGE_LOOP('',(#2143,#2144,#2145,#2146));
#5000=EDGE_LOOP('',(#2147,#2148,#2149,#2150));
#5001=EDGE_LOOP('',(#2151,#2152,#2153,#2154));
#5002=EDGE_LOOP('',(#2155,#2156,#2157,#2158));
#5003=EDGE_LOOP('',(#2159,#2160,#2161,#2162));
#5004=EDGE_LOOP('',(#2163,#2164,#2165,#2166));
#5005=EDGE_LOOP('',(#2167,#2168,#2169,#2170));
#5006=EDGE_LOOP('',(#2171,#2172,#2173,#2174));
#5007=EDGE_LOOP('',(#2175,#2176,#2177,#2178));
#5008=EDGE_LOOP('',(#2179,#2180,#2181,#2182));
#5009=EDGE_LOOP('',(#2183,#2184,#2185,#2186));
#5010=EDGE_LOOP('',(#2187,#2188,#2189,#2190));
#5011=EDGE_LOOP('',(#2191,#2192,#2193,#2194));
#5012=EDGE_LOOP('',(#2195,#2196,#2197,#2198));
#5013=EDGE_LOOP('',(#2199,#2200,#2201,#2202));
#5014=EDGE_LOOP('',(#2203,#2204,#2205,#2206));
#5015=EDGE_LOOP('',(#2207,#2208,#2209,#2210));
#5016=EDGE_LOOP('',(#2211,#2212,#2213,#2214));
#5017=EDGE_LOOP('',(#2215,#2216,#2217,#2218));
#5018=EDGE_LOOP('',(#2219,#2220,#2221,#2222));
#5019=EDGE_LOOP('',(#2223,#2224,#2225,#2226));
#5020=EDGE_LOOP('',(#2227,#2228,#2229,#2230));
#5021=EDGE_LOOP('',(#2231,#2232,#2233,#2234));
#5022=EDGE_LOOP('',(#2235,#2236,#2237,#2238));
#5023=EDGE_LOOP('',(#2239,#2240,#2241,#2242));
#5024=EDGE_LOOP('',(#2243,#2244,#2245,#2246));
#5025=EDGE_LOOP('',(#2247,#2248,#2249,#2250));
#5026=EDGE_LOOP('',(#2251,#2252,#2253,#2254,#2255,#2256,#2257,#2258,#2259,
#2260,#2261,#2262));
#5027=EDGE_LOOP('',(#2263,#2264,#2265,#2266,#2267,#2268,#2269,#2270,#2271,
#2272,#2273,#2274,#2275,#2276,#2277,#2278,#2279,#2280,#2281,#2282,#2283,
#2284,#2285,#2286,#2287,#2288,#2289,#2290,#2291,#2292));
#5028=EDGE_LOOP('',(#2293,#2294,#2295,#2296,#2297,#2298,#2299,#2300,#2301,
#2302,#2303,#2304));
#5029=EDGE_LOOP('',(#2305,#2306,#2307,#2308));
#5030=EDGE_LOOP('',(#2309,#2310,#2311,#2312));
#5031=EDGE_LOOP('',(#2313,#2314,#2315,#2316));
#5032=EDGE_LOOP('',(#2317,#2318,#2319,#2320));
#5033=EDGE_LOOP('',(#2321,#2322,#2323,#2324));
#5034=EDGE_LOOP('',(#2325,#2326,#2327,#2328));
#5035=EDGE_LOOP('',(#2329,#2330,#2331,#2332));
#5036=EDGE_LOOP('',(#2333,#2334,#2335,#2336));
#5037=EDGE_LOOP('',(#2337,#2338,#2339,#2340));
#5038=EDGE_LOOP('',(#2341,#2342,#2343,#2344));
#5039=EDGE_LOOP('',(#2345,#2346,#2347,#2348));
#5040=EDGE_LOOP('',(#2349,#2350,#2351,#2352));
#5041=EDGE_LOOP('',(#2353,#2354,#2355,#2356));
#5042=EDGE_LOOP('',(#2357,#2358,#2359,#2360));
#5043=EDGE_LOOP('',(#2361,#2362,#2363,#2364));
#5044=EDGE_LOOP('',(#2365,#2366,#2367,#2368));
#5045=EDGE_LOOP('',(#2369,#2370,#2371,#2372));
#5046=EDGE_LOOP('',(#2373,#2374,#2375,#2376));
#5047=EDGE_LOOP('',(#2377,#2378,#2379,#2380));
#5048=EDGE_LOOP('',(#2381,#2382,#2383,#2384));
#5049=EDGE_LOOP('',(#2385,#2386,#2387,#2388,#2389,#2390));
#5050=EDGE_LOOP('',(#2391,#2392,#2393,#2394));
#5051=EDGE_LOOP('',(#2395,#2396,#2397,#2398));
#5052=EDGE_LOOP('',(#2399,#2400,#2401,#2402));
#5053=EDGE_LOOP('',(#2403,#2404,#2405,#2406));
#5054=EDGE_LOOP('',(#2407,#2408,#2409,#2410));
#5055=EDGE_LOOP('',(#2411,#2412,#2413,#2414));
#5056=EDGE_LOOP('',(#2415,#2416,#2417,#2418));
#5057=EDGE_LOOP('',(#2419,#2420,#2421,#2422));
#5058=EDGE_LOOP('',(#2423,#2424,#2425,#2426));
#5059=EDGE_LOOP('',(#2427,#2428,#2429,#2430));
#5060=EDGE_LOOP('',(#2431,#2432,#2433,#2434));
#5061=EDGE_LOOP('',(#2435,#2436,#2437,#2438));
#5062=EDGE_LOOP('',(#2439,#2440,#2441,#2442));
#5063=EDGE_LOOP('',(#2443,#2444,#2445,#2446));
#5064=EDGE_LOOP('',(#2447,#2448,#2449,#2450));
#5065=EDGE_LOOP('',(#2451,#2452,#2453,#2454));
#5066=EDGE_LOOP('',(#2455,#2456,#2457,#2458,#2459,#2460,#2461,#2462,#2463,
#2464,#2465,#2466,#2467,#2468,#2469,#2470,#2471,#2472,#2473,#2474,#2475,
#2476,#2477,#2478,#2479,#2480,#2481,#2482,#2483,#2484,#2485,#2486,#2487));
#5067=EDGE_LOOP('',(#2488,#2489,#2490,#2491));
#5068=EDGE_LOOP('',(#2492,#2493,#2494,#2495));
#5069=EDGE_LOOP('',(#2496,#2497,#2498,#2499));
#5070=EDGE_LOOP('',(#2500,#2501,#2502,#2503));
#5071=EDGE_LOOP('',(#2504,#2505,#2506,#2507));
#5072=EDGE_LOOP('',(#2508,#2509,#2510,#2511));
#5073=EDGE_LOOP('',(#2512,#2513,#2514,#2515));
#5074=EDGE_LOOP('',(#2516,#2517,#2518,#2519));
#5075=EDGE_LOOP('',(#2520,#2521,#2522,#2523));
#5076=EDGE_LOOP('',(#2524,#2525,#2526,#2527));
#5077=EDGE_LOOP('',(#2528,#2529,#2530,#2531,#2532,#2533,#2534,#2535,#2536,
#2537));
#5078=EDGE_LOOP('',(#2538,#2539,#2540,#2541));
#5079=EDGE_LOOP('',(#2542,#2543,#2544,#2545));
#5080=EDGE_LOOP('',(#2546,#2547,#2548,#2549));
#5081=EDGE_LOOP('',(#2550,#2551,#2552,#2553));
#5082=EDGE_LOOP('',(#2554,#2555,#2556,#2557));
#5083=EDGE_LOOP('',(#2558,#2559,#2560,#2561));
#5084=EDGE_LOOP('',(#2562,#2563,#2564,#2565));
#5085=EDGE_LOOP('',(#2566,#2567,#2568,#2569));
#5086=EDGE_LOOP('',(#2570,#2571,#2572,#2573));
#5087=EDGE_LOOP('',(#2574,#2575,#2576,#2577));
#5088=EDGE_LOOP('',(#2578,#2579,#2580,#2581,#2582,#2583,#2584,#2585,#2586,
#2587));
#5089=EDGE_LOOP('',(#2588,#2589,#2590,#2591));
#5090=EDGE_LOOP('',(#2592,#2593,#2594,#2595));
#5091=EDGE_LOOP('',(#2596,#2597,#2598,#2599));
#5092=EDGE_LOOP('',(#2600,#2601,#2602,#2603));
#5093=EDGE_LOOP('',(#2604,#2605,#2606,#2607));
#5094=EDGE_LOOP('',(#2608,#2609,#2610,#2611));
#5095=EDGE_LOOP('',(#2612,#2613,#2614,#2615,#2616,#2617));
#5096=EDGE_LOOP('',(#2618,#2619,#2620,#2621));
#5097=EDGE_LOOP('',(#2622,#2623,#2624,#2625));
#5098=EDGE_LOOP('',(#2626,#2627,#2628,#2629));
#5099=EDGE_LOOP('',(#2630,#2631,#2632,#2633));
#5100=EDGE_LOOP('',(#2634,#2635,#2636,#2637));
#5101=EDGE_LOOP('',(#2638,#2639,#2640,#2641));
#5102=EDGE_LOOP('',(#2642,#2643,#2644,#2645));
#5103=EDGE_LOOP('',(#2646,#2647,#2648,#2649));
#5104=EDGE_LOOP('',(#2650,#2651,#2652,#2653));
#5105=EDGE_LOOP('',(#2654,#2655,#2656,#2657));
#5106=EDGE_LOOP('',(#2658,#2659,#2660,#2661));
#5107=EDGE_LOOP('',(#2662,#2663,#2664,#2665));
#5108=EDGE_LOOP('',(#2666,#2667,#2668,#2669));
#5109=EDGE_LOOP('',(#2670,#2671,#2672,#2673));
#5110=EDGE_LOOP('',(#2674,#2675,#2676,#2677));
#5111=EDGE_LOOP('',(#2678,#2679,#2680,#2681));
#5112=EDGE_LOOP('',(#2682,#2683,#2684,#2685));
#5113=EDGE_LOOP('',(#2686,#2687,#2688,#2689));
#5114=EDGE_LOOP('',(#2690,#2691,#2692,#2693));
#5115=EDGE_LOOP('',(#2694,#2695,#2696,#2697));
#5116=EDGE_LOOP('',(#2698,#2699,#2700,#2701));
#5117=EDGE_LOOP('',(#2702,#2703,#2704,#2705));
#5118=EDGE_LOOP('',(#2706,#2707,#2708,#2709));
#5119=EDGE_LOOP('',(#2710,#2711,#2712,#2713));
#5120=EDGE_LOOP('',(#2714,#2715,#2716,#2717));
#5121=EDGE_LOOP('',(#2718,#2719,#2720,#2721));
#5122=EDGE_LOOP('',(#2722,#2723,#2724,#2725));
#5123=EDGE_LOOP('',(#2726,#2727,#2728,#2729));
#5124=EDGE_LOOP('',(#2730,#2731,#2732,#2733));
#5125=EDGE_LOOP('',(#2734,#2735,#2736,#2737));
#5126=EDGE_LOOP('',(#2738,#2739,#2740,#2741));
#5127=EDGE_LOOP('',(#2742,#2743,#2744,#2745));
#5128=EDGE_LOOP('',(#2746,#2747,#2748,#2749));
#5129=EDGE_LOOP('',(#2750,#2751,#2752,#2753));
#5130=EDGE_LOOP('',(#2754,#2755,#2756,#2757));
#5131=EDGE_LOOP('',(#2758,#2759,#2760,#2761));
#5132=EDGE_LOOP('',(#2762,#2763,#2764,#2765));
#5133=EDGE_LOOP('',(#2766,#2767,#2768,#2769));
#5134=EDGE_LOOP('',(#2770,#2771,#2772,#2773));
#5135=EDGE_LOOP('',(#2774,#2775,#2776,#2777));
#5136=EDGE_LOOP('',(#2778,#2779,#2780,#2781));
#5137=EDGE_LOOP('',(#2782,#2783,#2784,#2785));
#5138=EDGE_LOOP('',(#2786,#2787,#2788,#2789,#2790,#2791,#2792,#2793,#2794,
#2795,#2796,#2797,#2798,#2799,#2800,#2801,#2802,#2803));
#5139=EDGE_LOOP('',(#2804,#2805,#2806,#2807,#2808,#2809,#2810,#2811,#2812,
#2813,#2814,#2815,#2816,#2817,#2818,#2819,#2820,#2821,#2822,#2823,#2824,
#2825,#2826,#2827));
#5140=EDGE_LOOP('',(#2828,#2829,#2830,#2831,#2832,#2833,#2834,#2835,#2836,
#2837,#2838,#2839,#2840,#2841,#2842,#2843,#2844,#2845));
#5141=EDGE_LOOP('',(#2846,#2847,#2848,#2849));
#5142=EDGE_LOOP('',(#2850,#2851,#2852,#2853));
#5143=EDGE_LOOP('',(#2854,#2855,#2856,#2857));
#5144=EDGE_LOOP('',(#2858,#2859,#2860,#2861));
#5145=EDGE_LOOP('',(#2862,#2863,#2864,#2865));
#5146=EDGE_LOOP('',(#2866,#2867,#2868,#2869));
#5147=EDGE_LOOP('',(#2870,#2871,#2872,#2873));
#5148=EDGE_LOOP('',(#2874,#2875,#2876,#2877));
#5149=EDGE_LOOP('',(#2878,#2879,#2880,#2881));
#5150=EDGE_LOOP('',(#2882,#2883,#2884,#2885));
#5151=EDGE_LOOP('',(#2886,#2887,#2888,#2889));
#5152=EDGE_LOOP('',(#2890,#2891,#2892,#2893));
#5153=EDGE_LOOP('',(#2894,#2895,#2896,#2897));
#5154=EDGE_LOOP('',(#2898,#2899,#2900,#2901));
#5155=EDGE_LOOP('',(#2902,#2903,#2904,#2905));
#5156=EDGE_LOOP('',(#2906,#2907,#2908,#2909));
#5157=EDGE_LOOP('',(#2910,#2911,#2912,#2913));
#5158=EDGE_LOOP('',(#2914,#2915,#2916,#2917));
#5159=EDGE_LOOP('',(#2918,#2919,#2920,#2921));
#5160=EDGE_LOOP('',(#2922,#2923,#2924,#2925));
#5161=EDGE_LOOP('',(#2926,#2927,#2928,#2929));
#5162=EDGE_LOOP('',(#2930,#2931,#2932,#2933));
#5163=EDGE_LOOP('',(#2934,#2935,#2936,#2937));
#5164=EDGE_LOOP('',(#2938,#2939,#2940,#2941));
#5165=EDGE_LOOP('',(#2942,#2943,#2944,#2945));
#5166=EDGE_LOOP('',(#2946,#2947,#2948,#2949));
#5167=EDGE_LOOP('',(#2950,#2951,#2952,#2953));
#5168=EDGE_LOOP('',(#2954,#2955,#2956,#2957));
#5169=EDGE_LOOP('',(#2958,#2959,#2960,#2961));
#5170=EDGE_LOOP('',(#2962,#2963,#2964,#2965));
#5171=EDGE_LOOP('',(#2966,#2967,#2968,#2969));
#5172=EDGE_LOOP('',(#2970,#2971,#2972,#2973));
#5173=EDGE_LOOP('',(#2974,#2975,#2976,#2977));
#5174=EDGE_LOOP('',(#2978,#2979,#2980,#2981));
#5175=EDGE_LOOP('',(#2982,#2983,#2984,#2985));
#5176=EDGE_LOOP('',(#2986,#2987,#2988,#2989));
#5177=EDGE_LOOP('',(#2990,#2991,#2992,#2993));
#5178=EDGE_LOOP('',(#2994,#2995,#2996,#2997));
#5179=EDGE_LOOP('',(#2998,#2999,#3000,#3001));
#5180=EDGE_LOOP('',(#3002,#3003,#3004,#3005));
#5181=EDGE_LOOP('',(#3006,#3007,#3008,#3009));
#5182=EDGE_LOOP('',(#3010,#3011,#3012,#3013));
#5183=EDGE_LOOP('',(#3014,#3015,#3016,#3017,#3018,#3019,#3020,#3021,#3022,
#3023,#3024,#3025));
#5184=EDGE_LOOP('',(#3026,#3027,#3028,#3029,#3030,#3031,#3032,#3033,#3034,
#3035,#3036,#3037,#3038,#3039,#3040,#3041,#3042,#3043,#3044,#3045,#3046,
#3047,#3048,#3049,#3050,#3051,#3052,#3053,#3054,#3055));
#5185=EDGE_LOOP('',(#3056,#3057,#3058,#3059,#3060,#3061,#3062,#3063,#3064,
#3065,#3066,#3067));
#5186=EDGE_LOOP('',(#3068,#3069,#3070,#3071));
#5187=EDGE_LOOP('',(#3072,#3073,#3074,#3075));
#5188=EDGE_LOOP('',(#3076,#3077,#3078,#3079));
#5189=EDGE_LOOP('',(#3080,#3081,#3082,#3083));
#5190=EDGE_LOOP('',(#3084,#3085,#3086,#3087));
#5191=EDGE_LOOP('',(#3088,#3089,#3090,#3091));
#5192=EDGE_LOOP('',(#3092,#3093,#3094,#3095));
#5193=EDGE_LOOP('',(#3096,#3097,#3098,#3099));
#5194=EDGE_LOOP('',(#3100,#3101,#3102,#3103));
#5195=EDGE_LOOP('',(#3104,#3105,#3106,#3107));
#5196=EDGE_LOOP('',(#3108,#3109,#3110,#3111));
#5197=EDGE_LOOP('',(#3112,#3113,#3114,#3115));
#5198=EDGE_LOOP('',(#3116,#3117,#3118,#3119));
#5199=EDGE_LOOP('',(#3120,#3121,#3122,#3123,#3124,#3125,#3126,#3127,#3128,
#3129,#3130,#3131,#3132));
#5200=EDGE_LOOP('',(#3133,#3134,#3135,#3136));
#5201=EDGE_LOOP('',(#3137,#3138,#3139,#3140));
#5202=EDGE_LOOP('',(#3141,#3142,#3143,#3144));
#5203=EDGE_LOOP('',(#3145,#3146,#3147,#3148));
#5204=EDGE_LOOP('',(#3149,#3150,#3151,#3152));
#5205=EDGE_LOOP('',(#3153,#3154,#3155,#3156));
#5206=EDGE_LOOP('',(#3157,#3158,#3159,#3160));
#5207=EDGE_LOOP('',(#3161,#3162,#3163,#3164));
#5208=EDGE_LOOP('',(#3165,#3166,#3167,#3168));
#5209=EDGE_LOOP('',(#3169,#3170,#3171,#3172));
#5210=EDGE_LOOP('',(#3173,#3174,#3175,#3176));
#5211=EDGE_LOOP('',(#3177,#3178,#3179,#3180));
#5212=EDGE_LOOP('',(#3181,#3182,#3183,#3184));
#5213=EDGE_LOOP('',(#3185,#3186,#3187,#3188,#3189,#3190,#3191,#3192,#3193,
#3194,#3195,#3196,#3197));
#5214=FACE_BOUND('',#4846,.T.);
#5215=FACE_BOUND('',#4847,.T.);
#5216=FACE_BOUND('',#4848,.T.);
#5217=FACE_BOUND('',#4849,.T.);
#5218=FACE_BOUND('',#4850,.T.);
#5219=FACE_BOUND('',#4851,.T.);
#5220=FACE_BOUND('',#4852,.T.);
#5221=FACE_BOUND('',#4853,.T.);
#5222=FACE_BOUND('',#4854,.T.);
#5223=FACE_BOUND('',#4855,.T.);
#5224=FACE_BOUND('',#4856,.T.);
#5225=FACE_BOUND('',#4857,.T.);
#5226=FACE_BOUND('',#4858,.T.);
#5227=FACE_BOUND('',#4859,.T.);
#5228=FACE_BOUND('',#4860,.T.);
#5229=FACE_BOUND('',#4861,.T.);
#5230=FACE_BOUND('',#4862,.T.);
#5231=FACE_BOUND('',#4863,.T.);
#5232=FACE_BOUND('',#4864,.T.);
#5233=FACE_BOUND('',#4865,.T.);
#5234=FACE_BOUND('',#4866,.T.);
#5235=FACE_BOUND('',#4867,.T.);
#5236=FACE_BOUND('',#4868,.T.);
#5237=FACE_BOUND('',#4869,.T.);
#5238=FACE_BOUND('',#4870,.T.);
#5239=FACE_BOUND('',#4871,.T.);
#5240=FACE_BOUND('',#4872,.T.);
#5241=FACE_BOUND('',#4873,.T.);
#5242=FACE_BOUND('',#4874,.T.);
#5243=FACE_BOUND('',#4875,.T.);
#5244=FACE_BOUND('',#4876,.T.);
#5245=FACE_BOUND('',#4877,.T.);
#5246=FACE_BOUND('',#4878,.T.);
#5247=FACE_BOUND('',#4879,.T.);
#5248=FACE_BOUND('',#4880,.T.);
#5249=FACE_BOUND('',#4881,.T.);
#5250=FACE_BOUND('',#4882,.T.);
#5251=FACE_BOUND('',#4883,.T.);
#5252=FACE_BOUND('',#4884,.T.);
#5253=FACE_BOUND('',#4885,.T.);
#5254=FACE_BOUND('',#4886,.T.);
#5255=FACE_BOUND('',#4887,.T.);
#5256=FACE_BOUND('',#4888,.T.);
#5257=FACE_BOUND('',#4889,.T.);
#5258=FACE_BOUND('',#4890,.T.);
#5259=FACE_BOUND('',#4891,.T.);
#5260=FACE_BOUND('',#4892,.T.);
#5261=FACE_BOUND('',#4893,.T.);
#5262=FACE_BOUND('',#4894,.T.);
#5263=FACE_BOUND('',#4895,.T.);
#5264=FACE_BOUND('',#4896,.T.);
#5265=FACE_BOUND('',#4897,.T.);
#5266=FACE_BOUND('',#4898,.T.);
#5267=FACE_BOUND('',#4899,.T.);
#5268=FACE_BOUND('',#4900,.T.);
#5269=FACE_BOUND('',#4901,.T.);
#5270=FACE_BOUND('',#4902,.T.);
#5271=FACE_BOUND('',#4903,.T.);
#5272=FACE_BOUND('',#4904,.T.);
#5273=FACE_BOUND('',#4905,.T.);
#5274=FACE_BOUND('',#4906,.T.);
#5275=FACE_BOUND('',#4907,.T.);
#5276=FACE_BOUND('',#4908,.T.);
#5277=FACE_BOUND('',#4909,.T.);
#5278=FACE_BOUND('',#4910,.T.);
#5279=FACE_BOUND('',#4911,.T.);
#5280=FACE_BOUND('',#4912,.T.);
#5281=FACE_BOUND('',#4913,.T.);
#5282=FACE_BOUND('',#4914,.T.);
#5283=FACE_BOUND('',#4915,.T.);
#5284=FACE_BOUND('',#4916,.T.);
#5285=FACE_BOUND('',#4917,.T.);
#5286=FACE_BOUND('',#4918,.T.);
#5287=FACE_BOUND('',#4919,.T.);
#5288=FACE_BOUND('',#4920,.T.);
#5289=FACE_BOUND('',#4921,.T.);
#5290=FACE_BOUND('',#4922,.T.);
#5291=FACE_BOUND('',#4923,.T.);
#5292=FACE_BOUND('',#4924,.T.);
#5293=FACE_BOUND('',#4925,.T.);
#5294=FACE_BOUND('',#4926,.T.);
#5295=FACE_BOUND('',#4927,.T.);
#5296=FACE_BOUND('',#4928,.T.);
#5297=FACE_BOUND('',#4929,.T.);
#5298=FACE_BOUND('',#4930,.T.);
#5299=FACE_BOUND('',#4931,.T.);
#5300=FACE_BOUND('',#4932,.T.);
#5301=FACE_BOUND('',#4933,.T.);
#5302=FACE_BOUND('',#4934,.T.);
#5303=FACE_BOUND('',#4935,.T.);
#5304=FACE_BOUND('',#4936,.T.);
#5305=FACE_BOUND('',#4937,.T.);
#5306=FACE_BOUND('',#4938,.T.);
#5307=FACE_BOUND('',#4939,.T.);
#5308=FACE_BOUND('',#4940,.T.);
#5309=FACE_BOUND('',#4941,.T.);
#5310=FACE_BOUND('',#4942,.T.);
#5311=FACE_BOUND('',#4943,.T.);
#5312=FACE_BOUND('',#4944,.T.);
#5313=FACE_BOUND('',#4945,.T.);
#5314=FACE_BOUND('',#4946,.T.);
#5315=FACE_BOUND('',#4947,.T.);
#5316=FACE_BOUND('',#4948,.T.);
#5317=FACE_BOUND('',#4949,.T.);
#5318=FACE_BOUND('',#4950,.T.);
#5319=FACE_BOUND('',#4951,.T.);
#5320=FACE_BOUND('',#4952,.T.);
#5321=FACE_BOUND('',#4953,.T.);
#5322=FACE_BOUND('',#4954,.T.);
#5323=FACE_BOUND('',#4955,.T.);
#5324=FACE_BOUND('',#4956,.T.);
#5325=FACE_BOUND('',#4957,.T.);
#5326=FACE_BOUND('',#4958,.T.);
#5327=FACE_BOUND('',#4959,.T.);
#5328=FACE_BOUND('',#4960,.T.);
#5329=FACE_BOUND('',#4961,.T.);
#5330=FACE_BOUND('',#4962,.T.);
#5331=FACE_BOUND('',#4963,.T.);
#5332=FACE_BOUND('',#4964,.T.);
#5333=FACE_BOUND('',#4965,.T.);
#5334=FACE_BOUND('',#4966,.T.);
#5335=FACE_BOUND('',#4967,.T.);
#5336=FACE_BOUND('',#4968,.T.);
#5337=FACE_BOUND('',#4969,.T.);
#5338=FACE_BOUND('',#4970,.T.);
#5339=FACE_BOUND('',#4971,.T.);
#5340=FACE_BOUND('',#4972,.T.);
#5341=FACE_BOUND('',#4973,.T.);
#5342=FACE_BOUND('',#4974,.T.);
#5343=FACE_BOUND('',#4975,.T.);
#5344=FACE_BOUND('',#4976,.T.);
#5345=FACE_BOUND('',#4977,.T.);
#5346=FACE_BOUND('',#4978,.T.);
#5347=FACE_BOUND('',#4979,.T.);
#5348=FACE_BOUND('',#4980,.T.);
#5349=FACE_BOUND('',#4981,.T.);
#5350=FACE_BOUND('',#4982,.T.);
#5351=FACE_BOUND('',#4983,.T.);
#5352=FACE_BOUND('',#4984,.T.);
#5353=FACE_BOUND('',#4985,.T.);
#5354=FACE_BOUND('',#4986,.T.);
#5355=FACE_BOUND('',#4987,.T.);
#5356=FACE_BOUND('',#4988,.T.);
#5357=FACE_BOUND('',#4989,.T.);
#5358=FACE_BOUND('',#4990,.T.);
#5359=FACE_BOUND('',#4991,.T.);
#5360=FACE_BOUND('',#4992,.T.);
#5361=FACE_BOUND('',#4993,.T.);
#5362=FACE_BOUND('',#4994,.T.);
#5363=FACE_BOUND('',#4995,.T.);
#5364=FACE_BOUND('',#4996,.T.);
#5365=FACE_BOUND('',#4997,.T.);
#5366=FACE_BOUND('',#4998,.T.);
#5367=FACE_BOUND('',#4999,.T.);
#5368=FACE_BOUND('',#5000,.T.);
#5369=FACE_BOUND('',#5001,.T.);
#5370=FACE_BOUND('',#5002,.T.);
#5371=FACE_BOUND('',#5003,.T.);
#5372=FACE_BOUND('',#5004,.T.);
#5373=FACE_BOUND('',#5005,.T.);
#5374=FACE_BOUND('',#5006,.T.);
#5375=FACE_BOUND('',#5007,.T.);
#5376=FACE_BOUND('',#5008,.T.);
#5377=FACE_BOUND('',#5009,.T.);
#5378=FACE_BOUND('',#5010,.T.);
#5379=FACE_BOUND('',#5011,.T.);
#5380=FACE_BOUND('',#5012,.T.);
#5381=FACE_BOUND('',#5013,.T.);
#5382=FACE_BOUND('',#5014,.T.);
#5383=FACE_BOUND('',#5015,.T.);
#5384=FACE_BOUND('',#5016,.T.);
#5385=FACE_BOUND('',#5017,.T.);
#5386=FACE_BOUND('',#5018,.T.);
#5387=FACE_BOUND('',#5019,.T.);
#5388=FACE_BOUND('',#5020,.T.);
#5389=FACE_BOUND('',#5021,.T.);
#5390=FACE_BOUND('',#5022,.T.);
#5391=FACE_BOUND('',#5023,.T.);
#5392=FACE_BOUND('',#5024,.T.);
#5393=FACE_BOUND('',#5025,.T.);
#5394=FACE_BOUND('',#5026,.T.);
#5395=FACE_BOUND('',#5027,.T.);
#5396=FACE_BOUND('',#5028,.T.);
#5397=FACE_BOUND('',#5029,.T.);
#5398=FACE_BOUND('',#5030,.T.);
#5399=FACE_BOUND('',#5031,.T.);
#5400=FACE_BOUND('',#5032,.T.);
#5401=FACE_BOUND('',#5033,.T.);
#5402=FACE_BOUND('',#5034,.T.);
#5403=FACE_BOUND('',#5035,.T.);
#5404=FACE_BOUND('',#5036,.T.);
#5405=FACE_BOUND('',#5037,.T.);
#5406=FACE_BOUND('',#5038,.T.);
#5407=FACE_BOUND('',#5039,.T.);
#5408=FACE_BOUND('',#5040,.T.);
#5409=FACE_BOUND('',#5041,.T.);
#5410=FACE_BOUND('',#5042,.T.);
#5411=FACE_BOUND('',#5043,.T.);
#5412=FACE_BOUND('',#5044,.T.);
#5413=FACE_BOUND('',#5045,.T.);
#5414=FACE_BOUND('',#5046,.T.);
#5415=FACE_BOUND('',#5047,.T.);
#5416=FACE_BOUND('',#5048,.T.);
#5417=FACE_BOUND('',#5049,.T.);
#5418=FACE_BOUND('',#5050,.T.);
#5419=FACE_BOUND('',#5051,.T.);
#5420=FACE_BOUND('',#5052,.T.);
#5421=FACE_BOUND('',#5053,.T.);
#5422=FACE_BOUND('',#5054,.T.);
#5423=FACE_BOUND('',#5055,.T.);
#5424=FACE_BOUND('',#5056,.T.);
#5425=FACE_BOUND('',#5057,.T.);
#5426=FACE_BOUND('',#5058,.T.);
#5427=FACE_BOUND('',#5059,.T.);
#5428=FACE_BOUND('',#5060,.T.);
#5429=FACE_BOUND('',#5061,.T.);
#5430=FACE_BOUND('',#5062,.T.);
#5431=FACE_BOUND('',#5063,.T.);
#5432=FACE_BOUND('',#5064,.T.);
#5433=FACE_BOUND('',#5065,.T.);
#5434=FACE_BOUND('',#5066,.T.);
#5435=FACE_BOUND('',#5067,.T.);
#5436=FACE_BOUND('',#5068,.T.);
#5437=FACE_BOUND('',#5069,.T.);
#5438=FACE_BOUND('',#5070,.T.);
#5439=FACE_BOUND('',#5071,.T.);
#5440=FACE_BOUND('',#5072,.T.);
#5441=FACE_BOUND('',#5073,.T.);
#5442=FACE_BOUND('',#5074,.T.);
#5443=FACE_BOUND('',#5075,.T.);
#5444=FACE_BOUND('',#5076,.T.);
#5445=FACE_BOUND('',#5077,.T.);
#5446=FACE_BOUND('',#5078,.T.);
#5447=FACE_BOUND('',#5079,.T.);
#5448=FACE_BOUND('',#5080,.T.);
#5449=FACE_BOUND('',#5081,.T.);
#5450=FACE_BOUND('',#5082,.T.);
#5451=FACE_BOUND('',#5083,.T.);
#5452=FACE_BOUND('',#5084,.T.);
#5453=FACE_BOUND('',#5085,.T.);
#5454=FACE_BOUND('',#5086,.T.);
#5455=FACE_BOUND('',#5087,.T.);
#5456=FACE_BOUND('',#5088,.T.);
#5457=FACE_BOUND('',#5089,.T.);
#5458=FACE_BOUND('',#5090,.T.);
#5459=FACE_BOUND('',#5091,.T.);
#5460=FACE_BOUND('',#5092,.T.);
#5461=FACE_BOUND('',#5093,.T.);
#5462=FACE_BOUND('',#5094,.T.);
#5463=FACE_BOUND('',#5095,.T.);
#5464=FACE_BOUND('',#5096,.T.);
#5465=FACE_BOUND('',#5097,.T.);
#5466=FACE_BOUND('',#5098,.T.);
#5467=FACE_BOUND('',#5099,.T.);
#5468=FACE_BOUND('',#5100,.T.);
#5469=FACE_BOUND('',#5101,.T.);
#5470=FACE_BOUND('',#5102,.T.);
#5471=FACE_BOUND('',#5103,.T.);
#5472=FACE_BOUND('',#5104,.T.);
#5473=FACE_BOUND('',#5105,.T.);
#5474=FACE_BOUND('',#5106,.T.);
#5475=FACE_BOUND('',#5107,.T.);
#5476=FACE_BOUND('',#5108,.T.);
#5477=FACE_BOUND('',#5109,.T.);
#5478=FACE_BOUND('',#5110,.T.);
#5479=FACE_BOUND('',#5111,.T.);
#5480=FACE_BOUND('',#5112,.T.);
#5481=FACE_BOUND('',#5113,.T.);
#5482=FACE_BOUND('',#5114,.T.);
#5483=FACE_BOUND('',#5115,.T.);
#5484=FACE_BOUND('',#5116,.T.);
#5485=FACE_BOUND('',#5117,.T.);
#5486=FACE_BOUND('',#5118,.T.);
#5487=FACE_BOUND('',#5119,.T.);
#5488=FACE_BOUND('',#5120,.T.);
#5489=FACE_BOUND('',#5121,.T.);
#5490=FACE_BOUND('',#5122,.T.);
#5491=FACE_BOUND('',#5123,.T.);
#5492=FACE_BOUND('',#5124,.T.);
#5493=FACE_BOUND('',#5125,.T.);
#5494=FACE_BOUND('',#5126,.T.);
#5495=FACE_BOUND('',#5127,.T.);
#5496=FACE_BOUND('',#5128,.T.);
#5497=FACE_BOUND('',#5129,.T.);
#5498=FACE_BOUND('',#5130,.T.);
#5499=FACE_BOUND('',#5131,.T.);
#5500=FACE_BOUND('',#5132,.T.);
#5501=FACE_BOUND('',#5133,.T.);
#5502=FACE_BOUND('',#5134,.T.);
#5503=FACE_BOUND('',#5135,.T.);
#5504=FACE_BOUND('',#5136,.T.);
#5505=FACE_BOUND('',#5137,.T.);
#5506=FACE_BOUND('',#5138,.T.);
#5507=FACE_BOUND('',#5139,.T.);
#5508=FACE_BOUND('',#5140,.T.);
#5509=FACE_BOUND('',#5141,.T.);
#5510=FACE_BOUND('',#5142,.T.);
#5511=FACE_BOUND('',#5143,.T.);
#5512=FACE_BOUND('',#5144,.T.);
#5513=FACE_BOUND('',#5145,.T.);
#5514=FACE_BOUND('',#5146,.T.);
#5515=FACE_BOUND('',#5147,.T.);
#5516=FACE_BOUND('',#5148,.T.);
#5517=FACE_BOUND('',#5149,.T.);
#5518=FACE_BOUND('',#5150,.T.);
#5519=FACE_BOUND('',#5151,.T.);
#5520=FACE_BOUND('',#5152,.T.);
#5521=FACE_BOUND('',#5153,.T.);
#5522=FACE_BOUND('',#5154,.T.);
#5523=FACE_BOUND('',#5155,.T.);
#5524=FACE_BOUND('',#5156,.T.);
#5525=FACE_BOUND('',#5157,.T.);
#5526=FACE_BOUND('',#5158,.T.);
#5527=FACE_BOUND('',#5159,.T.);
#5528=FACE_BOUND('',#5160,.T.);
#5529=FACE_BOUND('',#5161,.T.);
#5530=FACE_BOUND('',#5162,.T.);
#5531=FACE_BOUND('',#5163,.T.);
#5532=FACE_BOUND('',#5164,.T.);
#5533=FACE_BOUND('',#5165,.T.);
#5534=FACE_BOUND('',#5166,.T.);
#5535=FACE_BOUND('',#5167,.T.);
#5536=FACE_BOUND('',#5168,.T.);
#5537=FACE_BOUND('',#5169,.T.);
#5538=FACE_BOUND('',#5170,.T.);
#5539=FACE_BOUND('',#5171,.T.);
#5540=FACE_BOUND('',#5172,.T.);
#5541=FACE_BOUND('',#5173,.T.);
#5542=FACE_BOUND('',#5174,.T.);
#5543=FACE_BOUND('',#5175,.T.);
#5544=FACE_BOUND('',#5176,.T.);
#5545=FACE_BOUND('',#5177,.T.);
#5546=FACE_BOUND('',#5178,.T.);
#5547=FACE_BOUND('',#5179,.T.);
#5548=FACE_BOUND('',#5180,.T.);
#5549=FACE_BOUND('',#5181,.T.);
#5550=FACE_BOUND('',#5182,.T.);
#5551=FACE_BOUND('',#5183,.T.);
#5552=FACE_BOUND('',#5184,.T.);
#5553=FACE_BOUND('',#5185,.T.);
#5554=FACE_BOUND('',#5186,.T.);
#5555=FACE_BOUND('',#5187,.T.);
#5556=FACE_BOUND('',#5188,.T.);
#5557=FACE_BOUND('',#5189,.T.);
#5558=FACE_BOUND('',#5190,.T.);
#5559=FACE_BOUND('',#5191,.T.);
#5560=FACE_BOUND('',#5192,.T.);
#5561=FACE_BOUND('',#5193,.T.);
#5562=FACE_BOUND('',#5194,.T.);
#5563=FACE_BOUND('',#5195,.T.);
#5564=FACE_BOUND('',#5196,.T.);
#5565=FACE_BOUND('',#5197,.T.);
#5566=FACE_BOUND('',#5198,.T.);
#5567=FACE_BOUND('',#5199,.T.);
#5568=FACE_BOUND('',#5200,.T.);
#5569=FACE_BOUND('',#5201,.T.);
#5570=FACE_BOUND('',#5202,.T.);
#5571=FACE_BOUND('',#5203,.T.);
#5572=FACE_BOUND('',#5204,.T.);
#5573=FACE_BOUND('',#5205,.T.);
#5574=FACE_BOUND('',#5206,.T.);
#5575=FACE_BOUND('',#5207,.T.);
#5576=FACE_BOUND('',#5208,.T.);
#5577=FACE_BOUND('',#5209,.T.);
#5578=FACE_BOUND('',#5210,.T.);
#5579=FACE_BOUND('',#5211,.T.);
#5580=FACE_BOUND('',#5212,.T.);
#5581=FACE_BOUND('',#5213,.T.);
#5582=CYLINDRICAL_SURFACE('',#8490,0.04);
#5583=CYLINDRICAL_SURFACE('',#8547,0.035);
#5584=CYLINDRICAL_SURFACE('',#8559,0.0408);
#5585=CYLINDRICAL_SURFACE('',#8563,0.00120536045214275);
#5586=CYLINDRICAL_SURFACE('',#8564,0.000382230295289299);
#5587=CYLINDRICAL_SURFACE('',#8565,0.00196383799972323);
#5588=CYLINDRICAL_SURFACE('',#8566,0.00280000783442328);
#5589=CYLINDRICAL_SURFACE('',#8567,0.000505137048870427);
#5590=CYLINDRICAL_SURFACE('',#8568,0.000551558277406342);
#5591=CYLINDRICAL_SURFACE('',#8569,0.000548746822080236);
#5592=CYLINDRICAL_SURFACE('',#8570,0.000500678596219213);
#5593=CYLINDRICAL_SURFACE('',#8571,0.00279705374674815);
#5594=CYLINDRICAL_SURFACE('',#8577,0.00204759189216702);
#5595=CYLINDRICAL_SURFACE('',#8578,0.000382224433396024);
#5596=CYLINDRICAL_SURFACE('',#8579,0.00105663089121589);
#5597=CYLINDRICAL_SURFACE('',#8580,0.00103567332364857);
#5598=CYLINDRICAL_SURFACE('',#8581,0.000395000109858715);
#5599=CYLINDRICAL_SURFACE('',#8582,0.00209049962885107);
#5600=CYLINDRICAL_SURFACE('',#8583,0.00196668029861126);
#5601=CYLINDRICAL_SURFACE('',#8584,0.000386867901921085);
#5602=CYLINDRICAL_SURFACE('',#8585,0.00120751220442872);
#5603=CYLINDRICAL_SURFACE('',#8590,0.0408);
#5604=CYLINDRICAL_SURFACE('',#8594,0.00134968018928435);
#5605=CYLINDRICAL_SURFACE('',#8595,0.00036188973524911);
#5606=CYLINDRICAL_SURFACE('',#8596,0.00157379273184144);
#5607=CYLINDRICAL_SURFACE('',#8603,0.0408);
#5608=CYLINDRICAL_SURFACE('',#8607,0.00143364719600089);
#5609=CYLINDRICAL_SURFACE('',#8608,0.000353638229727088);
#5610=CYLINDRICAL_SURFACE('',#8609,0.00139626368823299);
#5611=CYLINDRICAL_SURFACE('',#8616,0.0408);
#5612=CYLINDRICAL_SURFACE('',#8628,0.0408);
#5613=CYLINDRICAL_SURFACE('',#8629,0.253081771871773);
#5614=CYLINDRICAL_SURFACE('',#8636,0.00226000980437656);
#5615=CYLINDRICAL_SURFACE('',#8637,0.00343915134078944);
#5616=CYLINDRICAL_SURFACE('',#8638,0.000923433364308474);
#5617=CYLINDRICAL_SURFACE('',#8639,0.000806159299028118);
#5618=CYLINDRICAL_SURFACE('',#8640,0.000408169383907522);
#5619=CYLINDRICAL_SURFACE('',#8641,0.00149926623831393);
#5620=CYLINDRICAL_SURFACE('',#8642,0.0004163211815202);
#5621=CYLINDRICAL_SURFACE('',#8643,0.000470343571962344);
#5622=CYLINDRICAL_SURFACE('',#8644,0.0020684668258287);
#5623=CYLINDRICAL_SURFACE('',#8649,0.000829520241887688);
#5624=CYLINDRICAL_SURFACE('',#8650,0.00107892641578163);
#5625=CYLINDRICAL_SURFACE('',#8651,0.0408);
#5626=CYLINDRICAL_SURFACE('',#8652,0.04);
#5627=CYLINDRICAL_SURFACE('',#8657,0.000705898617057649);
#5628=CYLINDRICAL_SURFACE('',#8658,0.000404117113959469);
#5629=CYLINDRICAL_SURFACE('',#8659,0.0018727475041428);
#5630=CYLINDRICAL_SURFACE('',#8660,0.00127867087454679);
#5631=CYLINDRICAL_SURFACE('',#8661,0.00107315794557087);
#5632=CYLINDRICAL_SURFACE('',#8662,0.00170580754965377);
#5633=CYLINDRICAL_SURFACE('',#8664,0.000871055776211727);
#5634=CYLINDRICAL_SURFACE('',#8665,0.000512976065017228);
#5635=CYLINDRICAL_SURFACE('',#8666,0.00182913657588193);
#5636=CYLINDRICAL_SURFACE('',#8667,0.00283903703075114);
#5637=CYLINDRICAL_SURFACE('',#8668,0.00247507238722704);
#5638=CYLINDRICAL_SURFACE('',#8669,0.00175435610542514);
#5639=CYLINDRICAL_SURFACE('',#8672,0.000728732212608847);
#5640=CYLINDRICAL_SURFACE('',#8673,0.00164050623572892);
#5641=CYLINDRICAL_SURFACE('',#8674,0.00357268934059498);
#5642=CYLINDRICAL_SURFACE('',#8675,0.000671885780833571);
#5643=CYLINDRICAL_SURFACE('',#8676,0.00153549352766103);
#5644=CYLINDRICAL_SURFACE('',#8677,0.000637992723438689);
#5645=CYLINDRICAL_SURFACE('',#8678,0.000842340046231821);
#5646=CYLINDRICAL_SURFACE('',#8680,0.0408);
#5647=CYLINDRICAL_SURFACE('',#8681,0.04);
#5648=CYLINDRICAL_SURFACE('',#8688,0.0408);
#5649=CYLINDRICAL_SURFACE('',#8692,0.00120536073140824);
#5650=CYLINDRICAL_SURFACE('',#8693,0.000382230382937481);
#5651=CYLINDRICAL_SURFACE('',#8694,0.0019638384546422);
#5652=CYLINDRICAL_SURFACE('',#8695,0.00280000848311488);
#5653=CYLINDRICAL_SURFACE('',#8696,0.000505137165887239);
#5654=CYLINDRICAL_SURFACE('',#8697,0.00055155840519278);
#5655=CYLINDRICAL_SURFACE('',#8698,0.000548746949218793);
#5656=CYLINDRICAL_SURFACE('',#8699,0.00050067871220298);
#5657=CYLINDRICAL_SURFACE('',#8700,0.00279705439464335);
#5658=CYLINDRICAL_SURFACE('',#8706,0.00204759236656037);
#5659=CYLINDRICAL_SURFACE('',#8707,0.000382224520996497);
#5660=CYLINDRICAL_SURFACE('',#8708,0.00105663113600804);
#5661=CYLINDRICAL_SURFACE('',#8709,0.001035673563601);
#5662=CYLINDRICAL_SURFACE('',#8710,0.000395000200423153);
#5663=CYLINDRICAL_SURFACE('',#8711,0.00209050011310423);
#5664=CYLINDRICAL_SURFACE('',#8712,0.00196668075425007);
#5665=CYLINDRICAL_SURFACE('',#8713,0.00038686799060659);
#5666=CYLINDRICAL_SURFACE('',#8714,0.00120751248417101);
#5667=CYLINDRICAL_SURFACE('',#8719,0.0408);
#5668=CYLINDRICAL_SURFACE('',#8723,0.00134968050198719);
#5669=CYLINDRICAL_SURFACE('',#8724,0.000361889818174407);
#5670=CYLINDRICAL_SURFACE('',#8725,0.00157379309641697);
#5671=CYLINDRICAL_SURFACE('',#8732,0.0408);
#5672=CYLINDRICAL_SURFACE('',#8736,0.00143364752815861);
#5673=CYLINDRICAL_SURFACE('',#8737,0.000353638310735701);
#5674=CYLINDRICAL_SURFACE('',#8738,0.00139626401169509);
#5675=CYLINDRICAL_SURFACE('',#8745,0.0408);
#5676=CYLINDRICAL_SURFACE('',#8757,0.0408);
#5677=CYLINDRICAL_SURFACE('',#8758,0.253081830391501);
#5678=CYLINDRICAL_SURFACE('',#8765,0.00226001032727216);
#5679=CYLINDRICAL_SURFACE('',#8766,0.00343915213736887);
#5680=CYLINDRICAL_SURFACE('',#8767,0.00092343357826019);
#5681=CYLINDRICAL_SURFACE('',#8768,0.00080615948580243);
#5682=CYLINDRICAL_SURFACE('',#8769,0.000408169478472554);
#5683=CYLINDRICAL_SURFACE('',#8770,0.0014992665856871);
#5684=CYLINDRICAL_SURFACE('',#8771,0.000416321277976499);
#5685=CYLINDRICAL_SURFACE('',#8772,0.000470343680933181);
#5686=CYLINDRICAL_SURFACE('',#8773,0.00206846730504452);
#5687=CYLINDRICAL_SURFACE('',#8778,0.000829520434068246);
#5688=CYLINDRICAL_SURFACE('',#8779,0.00107892666574029);
#5689=CYLINDRICAL_SURFACE('',#8780,0.0408);
#5690=CYLINDRICAL_SURFACE('',#8781,0.04);
#5691=CYLINDRICAL_SURFACE('',#8786,0.000705898780599869);
#5692=CYLINDRICAL_SURFACE('',#8787,0.000404117207585981);
#5693=CYLINDRICAL_SURFACE('',#8788,0.00187274793799486);
#5694=CYLINDRICAL_SURFACE('',#8789,0.00127867117079594);
#5695=CYLINDRICAL_SURFACE('',#8790,0.00107315819415954);
#5696=CYLINDRICAL_SURFACE('',#8791,0.00170580794455017);
#5697=CYLINDRICAL_SURFACE('',#8793,0.000871055978016819);
#5698=CYLINDRICAL_SURFACE('',#8794,0.00051297618386864);
#5699=CYLINDRICAL_SURFACE('',#8795,0.00182913699928109);
#5700=CYLINDRICAL_SURFACE('',#8796,0.00283903768725031);
#5701=CYLINDRICAL_SURFACE('',#8797,0.00247507296032637);
#5702=CYLINDRICAL_SURFACE('',#8798,0.00175435651175874);
#5703=CYLINDRICAL_SURFACE('',#8801,0.000728732381417473);
#5704=CYLINDRICAL_SURFACE('',#8802,0.00164050661566135);
#5705=CYLINDRICAL_SURFACE('',#8803,0.00357269016830118);
#5706=CYLINDRICAL_SURFACE('',#8804,0.000671885935295291);
#5707=CYLINDRICAL_SURFACE('',#8805,0.00153549388341322);
#5708=CYLINDRICAL_SURFACE('',#8806,0.000637992870467875);
#5709=CYLINDRICAL_SURFACE('',#8807,0.000842340241396058);
#5710=CYLINDRICAL_SURFACE('',#8809,0.0408);
#5711=CYLINDRICAL_SURFACE('',#8810,0.04);
#5712=CYLINDRICAL_SURFACE('',#8811,0.000553858428027459);
#5713=CYLINDRICAL_SURFACE('',#8812,0.00319144073317562);
#5714=CYLINDRICAL_SURFACE('',#8813,0.117680604844684);
#5715=CYLINDRICAL_SURFACE('',#8824,0.000725145672504107);
#5716=CYLINDRICAL_SURFACE('',#8825,0.00038424365506767);
#5717=CYLINDRICAL_SURFACE('',#8826,0.0408);
#5718=CYLINDRICAL_SURFACE('',#8827,0.000604682239309052);
#5719=CYLINDRICAL_SURFACE('',#8828,0.00348427506887351);
#5720=CYLINDRICAL_SURFACE('',#8829,0.128474894594372);
#5721=CYLINDRICAL_SURFACE('',#8840,0.000791690228664491);
#5722=CYLINDRICAL_SURFACE('',#8841,0.000419503611147561);
#5723=CYLINDRICAL_SURFACE('',#8842,0.0408);
#5724=OVER_RIDING_STYLED_ITEM('',(#6415),#6068,#6413);
#5725=OVER_RIDING_STYLED_ITEM('',(#6416),#6069,#6413);
#5726=OVER_RIDING_STYLED_ITEM('',(#6417),#6070,#6413);
#5727=OVER_RIDING_STYLED_ITEM('',(#6418),#6071,#6413);
#5728=OVER_RIDING_STYLED_ITEM('',(#6419),#6072,#6413);
#5729=OVER_RIDING_STYLED_ITEM('',(#6420),#6073,#6413);
#5730=OVER_RIDING_STYLED_ITEM('',(#6421),#6074,#6413);
#5731=OVER_RIDING_STYLED_ITEM('',(#6422),#6075,#6413);
#5732=OVER_RIDING_STYLED_ITEM('',(#6423),#6076,#6413);
#5733=OVER_RIDING_STYLED_ITEM('',(#6424),#6077,#6413);
#5734=OVER_RIDING_STYLED_ITEM('',(#6425),#6078,#6413);
#5735=OVER_RIDING_STYLED_ITEM('',(#6426),#6079,#6413);
#5736=OVER_RIDING_STYLED_ITEM('',(#6427),#6080,#6413);
#5737=OVER_RIDING_STYLED_ITEM('',(#6428),#6081,#6413);
#5738=OVER_RIDING_STYLED_ITEM('',(#6429),#6082,#6413);
#5739=OVER_RIDING_STYLED_ITEM('',(#6430),#6083,#6413);
#5740=OVER_RIDING_STYLED_ITEM('',(#6431),#6084,#6413);
#5741=OVER_RIDING_STYLED_ITEM('',(#6432),#6085,#6413);
#5742=OVER_RIDING_STYLED_ITEM('',(#6433),#6086,#6413);
#5743=OVER_RIDING_STYLED_ITEM('',(#6434),#6087,#6413);
#5744=OVER_RIDING_STYLED_ITEM('',(#6435),#6088,#6413);
#5745=OVER_RIDING_STYLED_ITEM('',(#6436),#6089,#6413);
#5746=OVER_RIDING_STYLED_ITEM('',(#6437),#6090,#6413);
#5747=OVER_RIDING_STYLED_ITEM('',(#6438),#6091,#6413);
#5748=OVER_RIDING_STYLED_ITEM('',(#6439),#6092,#6413);
#5749=OVER_RIDING_STYLED_ITEM('',(#6440),#6093,#6413);
#5750=OVER_RIDING_STYLED_ITEM('',(#6441),#6094,#6413);
#5751=OVER_RIDING_STYLED_ITEM('',(#6442),#6095,#6413);
#5752=OVER_RIDING_STYLED_ITEM('',(#6443),#6096,#6413);
#5753=OVER_RIDING_STYLED_ITEM('',(#6444),#6097,#6413);
#5754=OVER_RIDING_STYLED_ITEM('',(#6445),#6098,#6413);
#5755=OVER_RIDING_STYLED_ITEM('',(#6446),#6099,#6413);
#5756=OVER_RIDING_STYLED_ITEM('',(#6447),#6100,#6413);
#5757=OVER_RIDING_STYLED_ITEM('',(#6448),#6101,#6413);
#5758=OVER_RIDING_STYLED_ITEM('',(#6449),#6102,#6413);
#5759=OVER_RIDING_STYLED_ITEM('',(#6450),#6103,#6413);
#5760=OVER_RIDING_STYLED_ITEM('',(#6451),#6104,#6413);
#5761=OVER_RIDING_STYLED_ITEM('',(#6452),#6105,#6413);
#5762=OVER_RIDING_STYLED_ITEM('',(#6453),#6106,#6413);
#5763=OVER_RIDING_STYLED_ITEM('',(#6454),#6107,#6413);
#5764=OVER_RIDING_STYLED_ITEM('',(#6455),#6108,#6413);
#5765=OVER_RIDING_STYLED_ITEM('',(#6456),#6109,#6413);
#5766=OVER_RIDING_STYLED_ITEM('',(#6457),#6110,#6413);
#5767=OVER_RIDING_STYLED_ITEM('',(#6458),#6111,#6413);
#5768=OVER_RIDING_STYLED_ITEM('',(#6459),#6112,#6413);
#5769=OVER_RIDING_STYLED_ITEM('',(#6460),#6113,#6413);
#5770=OVER_RIDING_STYLED_ITEM('',(#6461),#6114,#6413);
#5771=OVER_RIDING_STYLED_ITEM('',(#6462),#6115,#6413);
#5772=OVER_RIDING_STYLED_ITEM('',(#6463),#6116,#6413);
#5773=OVER_RIDING_STYLED_ITEM('',(#6464),#6117,#6413);
#5774=OVER_RIDING_STYLED_ITEM('',(#6465),#6118,#6413);
#5775=OVER_RIDING_STYLED_ITEM('',(#6466),#6119,#6413);
#5776=OVER_RIDING_STYLED_ITEM('',(#6467),#6120,#6413);
#5777=OVER_RIDING_STYLED_ITEM('',(#6468),#6121,#6413);
#5778=OVER_RIDING_STYLED_ITEM('',(#6469),#6122,#6413);
#5779=OVER_RIDING_STYLED_ITEM('',(#6470),#6123,#6413);
#5780=OVER_RIDING_STYLED_ITEM('',(#6471),#6124,#6413);
#5781=OVER_RIDING_STYLED_ITEM('',(#6472),#6125,#6413);
#5782=OVER_RIDING_STYLED_ITEM('',(#6473),#6126,#6413);
#5783=OVER_RIDING_STYLED_ITEM('',(#6474),#6127,#6413);
#5784=OVER_RIDING_STYLED_ITEM('',(#6475),#6128,#6413);
#5785=OVER_RIDING_STYLED_ITEM('',(#6476),#6129,#6413);
#5786=OVER_RIDING_STYLED_ITEM('',(#6477),#6130,#6413);
#5787=OVER_RIDING_STYLED_ITEM('',(#6478),#6131,#6413);
#5788=OVER_RIDING_STYLED_ITEM('',(#6479),#6132,#6413);
#5789=OVER_RIDING_STYLED_ITEM('',(#6480),#6133,#6413);
#5790=OVER_RIDING_STYLED_ITEM('',(#6481),#6134,#6413);
#5791=OVER_RIDING_STYLED_ITEM('',(#6482),#6135,#6413);
#5792=OVER_RIDING_STYLED_ITEM('',(#6483),#6136,#6413);
#5793=OVER_RIDING_STYLED_ITEM('',(#6484),#6137,#6413);
#5794=OVER_RIDING_STYLED_ITEM('',(#6485),#6138,#6413);
#5795=OVER_RIDING_STYLED_ITEM('',(#6486),#6139,#6413);
#5796=OVER_RIDING_STYLED_ITEM('',(#6487),#6140,#6413);
#5797=OVER_RIDING_STYLED_ITEM('',(#6488),#6141,#6413);
#5798=OVER_RIDING_STYLED_ITEM('',(#6489),#6142,#6413);
#5799=OVER_RIDING_STYLED_ITEM('',(#6490),#6143,#6413);
#5800=OVER_RIDING_STYLED_ITEM('',(#6491),#6144,#6413);
#5801=OVER_RIDING_STYLED_ITEM('',(#6492),#6145,#6413);
#5802=OVER_RIDING_STYLED_ITEM('',(#6493),#6146,#6413);
#5803=OVER_RIDING_STYLED_ITEM('',(#6494),#6147,#6413);
#5804=OVER_RIDING_STYLED_ITEM('',(#6495),#6148,#6413);
#5805=OVER_RIDING_STYLED_ITEM('',(#6496),#6149,#6413);
#5806=OVER_RIDING_STYLED_ITEM('',(#6497),#6150,#6413);
#5807=OVER_RIDING_STYLED_ITEM('',(#6498),#6151,#6413);
#5808=OVER_RIDING_STYLED_ITEM('',(#6499),#6152,#6413);
#5809=OVER_RIDING_STYLED_ITEM('',(#6500),#6153,#6413);
#5810=OVER_RIDING_STYLED_ITEM('',(#6501),#6154,#6413);
#5811=OVER_RIDING_STYLED_ITEM('',(#6502),#6155,#6413);
#5812=OVER_RIDING_STYLED_ITEM('',(#6503),#6156,#6413);
#5813=OVER_RIDING_STYLED_ITEM('',(#6504),#6157,#6413);
#5814=OVER_RIDING_STYLED_ITEM('',(#6505),#6158,#6413);
#5815=OVER_RIDING_STYLED_ITEM('',(#6506),#6159,#6413);
#5816=OVER_RIDING_STYLED_ITEM('',(#6507),#6160,#6413);
#5817=OVER_RIDING_STYLED_ITEM('',(#6508),#6161,#6413);
#5818=OVER_RIDING_STYLED_ITEM('',(#6509),#6162,#6413);
#5819=OVER_RIDING_STYLED_ITEM('',(#6510),#6163,#6413);
#5820=OVER_RIDING_STYLED_ITEM('',(#6511),#6164,#6413);
#5821=OVER_RIDING_STYLED_ITEM('',(#6512),#6165,#6413);
#5822=OVER_RIDING_STYLED_ITEM('',(#6513),#6166,#6413);
#5823=OVER_RIDING_STYLED_ITEM('',(#6514),#6167,#6413);
#5824=OVER_RIDING_STYLED_ITEM('',(#6515),#6168,#6413);
#5825=OVER_RIDING_STYLED_ITEM('',(#6516),#6169,#6413);
#5826=OVER_RIDING_STYLED_ITEM('',(#6517),#6170,#6413);
#5827=OVER_RIDING_STYLED_ITEM('',(#6518),#6171,#6413);
#5828=OVER_RIDING_STYLED_ITEM('',(#6519),#6172,#6413);
#5829=OVER_RIDING_STYLED_ITEM('',(#6520),#6173,#6413);
#5830=OVER_RIDING_STYLED_ITEM('',(#6521),#6174,#6413);
#5831=OVER_RIDING_STYLED_ITEM('',(#6522),#6175,#6413);
#5832=OVER_RIDING_STYLED_ITEM('',(#6523),#6176,#6413);
#5833=OVER_RIDING_STYLED_ITEM('',(#6524),#6177,#6413);
#5834=OVER_RIDING_STYLED_ITEM('',(#6525),#6178,#6413);
#5835=OVER_RIDING_STYLED_ITEM('',(#6526),#6179,#6413);
#5836=OVER_RIDING_STYLED_ITEM('',(#6527),#6180,#6413);
#5837=OVER_RIDING_STYLED_ITEM('',(#6528),#6181,#6413);
#5838=OVER_RIDING_STYLED_ITEM('',(#6529),#6182,#6413);
#5839=OVER_RIDING_STYLED_ITEM('',(#6530),#6183,#6413);
#5840=OVER_RIDING_STYLED_ITEM('',(#6531),#6184,#6413);
#5841=OVER_RIDING_STYLED_ITEM('',(#6532),#6185,#6413);
#5842=OVER_RIDING_STYLED_ITEM('',(#6533),#6186,#6413);
#5843=OVER_RIDING_STYLED_ITEM('',(#6534),#6187,#6413);
#5844=OVER_RIDING_STYLED_ITEM('',(#6535),#6188,#6413);
#5845=OVER_RIDING_STYLED_ITEM('',(#6536),#6189,#6413);
#5846=OVER_RIDING_STYLED_ITEM('',(#6537),#6190,#6413);
#5847=OVER_RIDING_STYLED_ITEM('',(#6538),#6191,#6413);
#5848=OVER_RIDING_STYLED_ITEM('',(#6539),#6192,#6413);
#5849=OVER_RIDING_STYLED_ITEM('',(#6540),#6193,#6413);
#5850=OVER_RIDING_STYLED_ITEM('',(#6541),#6194,#6413);
#5851=OVER_RIDING_STYLED_ITEM('',(#6542),#6195,#6413);
#5852=OVER_RIDING_STYLED_ITEM('',(#6543),#6196,#6413);
#5853=OVER_RIDING_STYLED_ITEM('',(#6544),#6197,#6413);
#5854=OVER_RIDING_STYLED_ITEM('',(#6545),#6198,#6413);
#5855=OVER_RIDING_STYLED_ITEM('',(#6546),#6199,#6413);
#5856=OVER_RIDING_STYLED_ITEM('',(#6547),#6200,#6413);
#5857=OVER_RIDING_STYLED_ITEM('',(#6548),#6201,#6413);
#5858=OVER_RIDING_STYLED_ITEM('',(#6549),#6202,#6413);
#5859=OVER_RIDING_STYLED_ITEM('',(#6550),#6203,#6413);
#5860=OVER_RIDING_STYLED_ITEM('',(#6551),#6204,#6413);
#5861=OVER_RIDING_STYLED_ITEM('',(#6552),#6205,#6413);
#5862=OVER_RIDING_STYLED_ITEM('',(#6553),#6206,#6413);
#5863=OVER_RIDING_STYLED_ITEM('',(#6554),#6207,#6413);
#5864=OVER_RIDING_STYLED_ITEM('',(#6555),#6208,#6413);
#5865=OVER_RIDING_STYLED_ITEM('',(#6556),#6209,#6413);
#5866=OVER_RIDING_STYLED_ITEM('',(#6557),#6210,#6413);
#5867=OVER_RIDING_STYLED_ITEM('',(#6558),#6211,#6413);
#5868=OVER_RIDING_STYLED_ITEM('',(#6559),#6212,#6413);
#5869=OVER_RIDING_STYLED_ITEM('',(#6560),#6213,#6413);
#5870=OVER_RIDING_STYLED_ITEM('',(#6561),#6214,#6413);
#5871=OVER_RIDING_STYLED_ITEM('',(#6562),#6215,#6413);
#5872=OVER_RIDING_STYLED_ITEM('',(#6563),#6216,#6413);
#5873=OVER_RIDING_STYLED_ITEM('',(#6564),#6217,#6413);
#5874=OVER_RIDING_STYLED_ITEM('',(#6565),#6218,#6413);
#5875=OVER_RIDING_STYLED_ITEM('',(#6566),#6219,#6413);
#5876=OVER_RIDING_STYLED_ITEM('',(#6567),#6220,#6413);
#5877=OVER_RIDING_STYLED_ITEM('',(#6568),#6221,#6413);
#5878=OVER_RIDING_STYLED_ITEM('',(#6569),#6222,#6413);
#5879=OVER_RIDING_STYLED_ITEM('',(#6570),#6223,#6413);
#5880=OVER_RIDING_STYLED_ITEM('',(#6571),#6224,#6413);
#5881=OVER_RIDING_STYLED_ITEM('',(#6572),#6225,#6413);
#5882=OVER_RIDING_STYLED_ITEM('',(#6573),#6226,#6413);
#5883=OVER_RIDING_STYLED_ITEM('',(#6574),#6227,#6413);
#5884=OVER_RIDING_STYLED_ITEM('',(#6575),#6228,#6413);
#5885=OVER_RIDING_STYLED_ITEM('',(#6576),#6229,#6413);
#5886=OVER_RIDING_STYLED_ITEM('',(#6577),#6230,#6413);
#5887=OVER_RIDING_STYLED_ITEM('',(#6578),#6231,#6413);
#5888=OVER_RIDING_STYLED_ITEM('',(#6579),#6232,#6413);
#5889=OVER_RIDING_STYLED_ITEM('',(#6580),#6233,#6413);
#5890=OVER_RIDING_STYLED_ITEM('',(#6581),#6234,#6413);
#5891=OVER_RIDING_STYLED_ITEM('',(#6582),#6235,#6413);
#5892=OVER_RIDING_STYLED_ITEM('',(#6583),#6236,#6413);
#5893=OVER_RIDING_STYLED_ITEM('',(#6584),#6237,#6413);
#5894=OVER_RIDING_STYLED_ITEM('',(#6585),#6238,#6413);
#5895=OVER_RIDING_STYLED_ITEM('',(#6586),#6239,#6413);
#5896=OVER_RIDING_STYLED_ITEM('',(#6587),#6240,#6413);
#5897=OVER_RIDING_STYLED_ITEM('',(#6588),#6241,#6413);
#5898=OVER_RIDING_STYLED_ITEM('',(#6589),#6242,#6413);
#5899=OVER_RIDING_STYLED_ITEM('',(#6590),#6243,#6413);
#5900=OVER_RIDING_STYLED_ITEM('',(#6591),#6244,#6413);
#5901=OVER_RIDING_STYLED_ITEM('',(#6592),#6245,#6413);
#5902=OVER_RIDING_STYLED_ITEM('',(#6593),#6246,#6413);
#5903=OVER_RIDING_STYLED_ITEM('',(#6594),#6247,#6413);
#5904=OVER_RIDING_STYLED_ITEM('',(#6595),#6248,#6413);
#5905=OVER_RIDING_STYLED_ITEM('',(#6596),#6249,#6413);
#5906=OVER_RIDING_STYLED_ITEM('',(#6597),#6250,#6413);
#5907=OVER_RIDING_STYLED_ITEM('',(#6598),#6251,#6413);
#5908=OVER_RIDING_STYLED_ITEM('',(#6599),#6252,#6413);
#5909=OVER_RIDING_STYLED_ITEM('',(#6600),#6253,#6413);
#5910=OVER_RIDING_STYLED_ITEM('',(#6601),#6254,#6413);
#5911=OVER_RIDING_STYLED_ITEM('',(#6602),#6255,#6413);
#5912=OVER_RIDING_STYLED_ITEM('',(#6603),#6256,#6413);
#5913=OVER_RIDING_STYLED_ITEM('',(#6604),#6257,#6413);
#5914=OVER_RIDING_STYLED_ITEM('',(#6605),#6258,#6413);
#5915=OVER_RIDING_STYLED_ITEM('',(#6606),#6259,#6413);
#5916=OVER_RIDING_STYLED_ITEM('',(#6607),#6260,#6413);
#5917=OVER_RIDING_STYLED_ITEM('',(#6608),#6261,#6413);
#5918=OVER_RIDING_STYLED_ITEM('',(#6609),#6262,#6413);
#5919=OVER_RIDING_STYLED_ITEM('',(#6610),#6263,#6413);
#5920=OVER_RIDING_STYLED_ITEM('',(#6611),#6264,#6413);
#5921=OVER_RIDING_STYLED_ITEM('',(#6612),#6265,#6413);
#5922=OVER_RIDING_STYLED_ITEM('',(#6613),#6266,#6413);
#5923=OVER_RIDING_STYLED_ITEM('',(#6614),#6267,#6413);
#5924=OVER_RIDING_STYLED_ITEM('',(#6615),#6268,#6413);
#5925=OVER_RIDING_STYLED_ITEM('',(#6616),#6269,#6413);
#5926=OVER_RIDING_STYLED_ITEM('',(#6617),#6270,#6413);
#5927=OVER_RIDING_STYLED_ITEM('',(#6618),#6271,#6413);
#5928=OVER_RIDING_STYLED_ITEM('',(#6619),#6272,#6413);
#5929=OVER_RIDING_STYLED_ITEM('',(#6620),#6273,#6413);
#5930=OVER_RIDING_STYLED_ITEM('',(#6621),#6274,#6413);
#5931=OVER_RIDING_STYLED_ITEM('',(#6622),#6275,#6413);
#5932=OVER_RIDING_STYLED_ITEM('',(#6623),#6276,#6413);
#5933=OVER_RIDING_STYLED_ITEM('',(#6624),#6277,#6413);
#5934=OVER_RIDING_STYLED_ITEM('',(#6625),#6278,#6413);
#5935=OVER_RIDING_STYLED_ITEM('',(#6626),#6279,#6413);
#5936=OVER_RIDING_STYLED_ITEM('',(#6627),#6280,#6413);
#5937=OVER_RIDING_STYLED_ITEM('',(#6628),#6281,#6413);
#5938=OVER_RIDING_STYLED_ITEM('',(#6629),#6282,#6413);
#5939=OVER_RIDING_STYLED_ITEM('',(#6630),#6283,#6413);
#5940=OVER_RIDING_STYLED_ITEM('',(#6631),#6284,#6413);
#5941=OVER_RIDING_STYLED_ITEM('',(#6632),#6285,#6413);
#5942=OVER_RIDING_STYLED_ITEM('',(#6633),#6286,#6413);
#5943=OVER_RIDING_STYLED_ITEM('',(#6634),#6287,#6413);
#5944=OVER_RIDING_STYLED_ITEM('',(#6635),#6288,#6413);
#5945=OVER_RIDING_STYLED_ITEM('',(#6636),#6289,#6413);
#5946=OVER_RIDING_STYLED_ITEM('',(#6637),#6290,#6413);
#5947=OVER_RIDING_STYLED_ITEM('',(#6638),#6291,#6413);
#5948=OVER_RIDING_STYLED_ITEM('',(#6639),#6292,#6413);
#5949=OVER_RIDING_STYLED_ITEM('',(#6640),#6293,#6413);
#5950=OVER_RIDING_STYLED_ITEM('',(#6641),#6294,#6413);
#5951=OVER_RIDING_STYLED_ITEM('',(#6642),#6295,#6413);
#5952=OVER_RIDING_STYLED_ITEM('',(#6643),#6296,#6413);
#5953=OVER_RIDING_STYLED_ITEM('',(#6644),#6297,#6413);
#5954=OVER_RIDING_STYLED_ITEM('',(#6645),#6298,#6413);
#5955=OVER_RIDING_STYLED_ITEM('',(#6646),#6299,#6413);
#5956=OVER_RIDING_STYLED_ITEM('',(#6647),#6300,#6413);
#5957=OVER_RIDING_STYLED_ITEM('',(#6648),#6301,#6413);
#5958=OVER_RIDING_STYLED_ITEM('',(#6649),#6302,#6413);
#5959=OVER_RIDING_STYLED_ITEM('',(#6650),#6303,#6413);
#5960=OVER_RIDING_STYLED_ITEM('',(#6651),#6304,#6413);
#5961=OVER_RIDING_STYLED_ITEM('',(#6652),#6305,#6413);
#5962=OVER_RIDING_STYLED_ITEM('',(#6653),#6306,#6413);
#5963=OVER_RIDING_STYLED_ITEM('',(#6654),#6307,#6413);
#5964=OVER_RIDING_STYLED_ITEM('',(#6655),#6308,#6413);
#5965=OVER_RIDING_STYLED_ITEM('',(#6656),#6309,#6413);
#5966=OVER_RIDING_STYLED_ITEM('',(#6657),#6310,#6413);
#5967=OVER_RIDING_STYLED_ITEM('',(#6658),#6311,#6413);
#5968=OVER_RIDING_STYLED_ITEM('',(#6659),#6312,#6413);
#5969=OVER_RIDING_STYLED_ITEM('',(#6660),#6313,#6413);
#5970=OVER_RIDING_STYLED_ITEM('',(#6661),#6314,#6413);
#5971=OVER_RIDING_STYLED_ITEM('',(#6662),#6315,#6413);
#5972=OVER_RIDING_STYLED_ITEM('',(#6663),#6316,#6413);
#5973=OVER_RIDING_STYLED_ITEM('',(#6664),#6317,#6413);
#5974=OVER_RIDING_STYLED_ITEM('',(#6665),#6318,#6413);
#5975=OVER_RIDING_STYLED_ITEM('',(#6666),#6319,#6413);
#5976=OVER_RIDING_STYLED_ITEM('',(#6667),#6320,#6413);
#5977=OVER_RIDING_STYLED_ITEM('',(#6668),#6321,#6413);
#5978=OVER_RIDING_STYLED_ITEM('',(#6669),#6322,#6413);
#5979=OVER_RIDING_STYLED_ITEM('',(#6670),#6323,#6413);
#5980=OVER_RIDING_STYLED_ITEM('',(#6671),#6324,#6413);
#5981=OVER_RIDING_STYLED_ITEM('',(#6672),#6325,#6413);
#5982=OVER_RIDING_STYLED_ITEM('',(#6673),#6326,#6413);
#5983=OVER_RIDING_STYLED_ITEM('',(#6674),#6327,#6413);
#5984=OVER_RIDING_STYLED_ITEM('',(#6675),#6328,#6413);
#5985=OVER_RIDING_STYLED_ITEM('',(#6676),#6329,#6413);
#5986=OVER_RIDING_STYLED_ITEM('',(#6677),#6330,#6413);
#5987=OVER_RIDING_STYLED_ITEM('',(#6678),#6331,#6413);
#5988=OVER_RIDING_STYLED_ITEM('',(#6679),#6332,#6413);
#5989=OVER_RIDING_STYLED_ITEM('',(#6680),#6333,#6413);
#5990=OVER_RIDING_STYLED_ITEM('',(#6681),#6334,#6413);
#5991=OVER_RIDING_STYLED_ITEM('',(#6682),#6335,#6413);
#5992=OVER_RIDING_STYLED_ITEM('',(#6683),#6336,#6413);
#5993=OVER_RIDING_STYLED_ITEM('',(#6684),#6337,#6413);
#5994=OVER_RIDING_STYLED_ITEM('',(#6685),#6338,#6413);
#5995=OVER_RIDING_STYLED_ITEM('',(#6686),#6339,#6413);
#5996=OVER_RIDING_STYLED_ITEM('',(#6687),#6340,#6413);
#5997=OVER_RIDING_STYLED_ITEM('',(#6688),#6341,#6413);
#5998=OVER_RIDING_STYLED_ITEM('',(#6689),#6342,#6413);
#5999=OVER_RIDING_STYLED_ITEM('',(#6690),#6343,#6413);
#6000=OVER_RIDING_STYLED_ITEM('',(#6691),#6344,#6413);
#6001=OVER_RIDING_STYLED_ITEM('',(#6692),#6345,#6413);
#6002=OVER_RIDING_STYLED_ITEM('',(#6693),#6346,#6413);
#6003=OVER_RIDING_STYLED_ITEM('',(#6694),#6347,#6413);
#6004=OVER_RIDING_STYLED_ITEM('',(#6695),#6348,#6413);
#6005=OVER_RIDING_STYLED_ITEM('',(#6696),#6349,#6413);
#6006=OVER_RIDING_STYLED_ITEM('',(#6697),#6350,#6413);
#6007=OVER_RIDING_STYLED_ITEM('',(#6698),#6351,#6413);
#6008=OVER_RIDING_STYLED_ITEM('',(#6699),#6352,#6413);
#6009=OVER_RIDING_STYLED_ITEM('',(#6700),#6353,#6413);
#6010=OVER_RIDING_STYLED_ITEM('',(#6701),#6354,#6413);
#6011=OVER_RIDING_STYLED_ITEM('',(#6702),#6355,#6413);
#6012=OVER_RIDING_STYLED_ITEM('',(#6703),#6356,#6413);
#6013=OVER_RIDING_STYLED_ITEM('',(#6704),#6357,#6413);
#6014=OVER_RIDING_STYLED_ITEM('',(#6705),#6358,#6413);
#6015=OVER_RIDING_STYLED_ITEM('',(#6706),#6359,#6413);
#6016=OVER_RIDING_STYLED_ITEM('',(#6707),#6360,#6413);
#6017=OVER_RIDING_STYLED_ITEM('',(#6708),#6361,#6413);
#6018=OVER_RIDING_STYLED_ITEM('',(#6709),#6362,#6413);
#6019=OVER_RIDING_STYLED_ITEM('',(#6710),#6363,#6413);
#6020=OVER_RIDING_STYLED_ITEM('',(#6711),#6364,#6413);
#6021=OVER_RIDING_STYLED_ITEM('',(#6712),#6365,#6413);
#6022=OVER_RIDING_STYLED_ITEM('',(#6713),#6366,#6413);
#6023=OVER_RIDING_STYLED_ITEM('',(#6714),#6367,#6413);
#6024=OVER_RIDING_STYLED_ITEM('',(#6715),#6368,#6413);
#6025=OVER_RIDING_STYLED_ITEM('',(#6716),#6369,#6413);
#6026=OVER_RIDING_STYLED_ITEM('',(#6717),#6370,#6413);
#6027=OVER_RIDING_STYLED_ITEM('',(#6718),#6371,#6413);
#6028=OVER_RIDING_STYLED_ITEM('',(#6719),#6372,#6413);
#6029=OVER_RIDING_STYLED_ITEM('',(#6720),#6373,#6413);
#6030=OVER_RIDING_STYLED_ITEM('',(#6721),#6374,#6413);
#6031=OVER_RIDING_STYLED_ITEM('',(#6722),#6375,#6413);
#6032=OVER_RIDING_STYLED_ITEM('',(#6723),#6376,#6413);
#6033=OVER_RIDING_STYLED_ITEM('',(#6724),#6377,#6413);
#6034=OVER_RIDING_STYLED_ITEM('',(#6725),#6378,#6413);
#6035=OVER_RIDING_STYLED_ITEM('',(#6726),#6379,#6413);
#6036=OVER_RIDING_STYLED_ITEM('',(#6727),#6380,#6413);
#6037=OVER_RIDING_STYLED_ITEM('',(#6728),#6381,#6413);
#6038=OVER_RIDING_STYLED_ITEM('',(#6729),#6382,#6413);
#6039=OVER_RIDING_STYLED_ITEM('',(#6730),#6383,#6413);
#6040=OVER_RIDING_STYLED_ITEM('',(#6731),#6384,#6413);
#6041=OVER_RIDING_STYLED_ITEM('',(#6732),#6385,#6413);
#6042=OVER_RIDING_STYLED_ITEM('',(#6733),#6386,#6413);
#6043=OVER_RIDING_STYLED_ITEM('',(#6734),#6387,#6413);
#6044=OVER_RIDING_STYLED_ITEM('',(#6735),#6388,#6413);
#6045=OVER_RIDING_STYLED_ITEM('',(#6736),#6389,#6413);
#6046=OVER_RIDING_STYLED_ITEM('',(#6737),#6390,#6413);
#6047=OVER_RIDING_STYLED_ITEM('',(#6738),#6391,#6413);
#6048=OVER_RIDING_STYLED_ITEM('',(#6739),#6392,#6413);
#6049=OVER_RIDING_STYLED_ITEM('',(#6740),#6393,#6413);
#6050=OVER_RIDING_STYLED_ITEM('',(#6741),#6394,#6413);
#6051=OVER_RIDING_STYLED_ITEM('',(#6742),#6395,#6413);
#6052=OVER_RIDING_STYLED_ITEM('',(#6743),#6396,#6413);
#6053=OVER_RIDING_STYLED_ITEM('',(#6744),#6397,#6413);
#6054=OVER_RIDING_STYLED_ITEM('',(#6745),#6398,#6413);
#6055=OVER_RIDING_STYLED_ITEM('',(#6746),#6399,#6413);
#6056=OVER_RIDING_STYLED_ITEM('',(#6747),#6400,#6413);
#6057=OVER_RIDING_STYLED_ITEM('',(#6748),#6401,#6413);
#6058=OVER_RIDING_STYLED_ITEM('',(#6749),#6402,#6413);
#6059=OVER_RIDING_STYLED_ITEM('',(#6750),#6403,#6413);
#6060=OVER_RIDING_STYLED_ITEM('',(#6751),#6404,#6413);
#6061=OVER_RIDING_STYLED_ITEM('',(#6752),#6405,#6413);
#6062=OVER_RIDING_STYLED_ITEM('',(#6753),#6406,#6413);
#6063=OVER_RIDING_STYLED_ITEM('',(#6754),#6407,#6413);
#6064=OVER_RIDING_STYLED_ITEM('',(#6755),#6408,#6413);
#6065=OVER_RIDING_STYLED_ITEM('',(#6756),#6409,#6413);
#6066=OVER_RIDING_STYLED_ITEM('',(#6757),#6410,#6413);
#6067=OVER_RIDING_STYLED_ITEM('',(#6758),#6411,#6413);
#6068=ADVANCED_FACE('Face appearance 1',(#5214,#5215,#5216,#5217,#5218,
#5219,#5220,#5221,#5222,#5223,#5224,#5225,#5226,#5227,#5228,#5229,#5230,
#5231),#5582,.T.);
#6069=ADVANCED_FACE('Face appearance 1',(#5232),#119,.F.);
#6070=ADVANCED_FACE('Face appearance 1',(#5233,#5234),#5583,.F.);
#6071=ADVANCED_FACE('Face appearance 1',(#5235),#120,.T.);
#6072=ADVANCED_FACE('Face appearance 1',(#5236,#5237),#117,.T.);
#6073=ADVANCED_FACE('Face appearance 1',(#5238,#5239),#118,.T.);
#6074=ADVANCED_FACE('Face appearance 2',(#5240),#121,.T.);
#6075=ADVANCED_FACE('Face appearance 2',(#5241),#122,.T.);
#6076=ADVANCED_FACE('Face appearance 2',(#5242),#123,.T.);
#6077=ADVANCED_FACE('Face appearance 2',(#5243),#124,.T.);
#6078=ADVANCED_FACE('Face appearance 2',(#5244),#5584,.T.);
#6079=ADVANCED_FACE('Face appearance 2',(#5245),#125,.T.);
#6080=ADVANCED_FACE('Face appearance 2',(#5246),#126,.T.);
#6081=ADVANCED_FACE('Face appearance 2',(#5247),#5585,.T.);
#6082=ADVANCED_FACE('Face appearance 2',(#5248),#5586,.T.);
#6083=ADVANCED_FACE('Face appearance 2',(#5249),#5587,.T.);
#6084=ADVANCED_FACE('Face appearance 2',(#5250),#12,.T.);
#6085=ADVANCED_FACE('Face appearance 2',(#5251),#13,.T.);
#6086=ADVANCED_FACE('Face appearance 2',(#5252),#5588,.F.);
#6087=ADVANCED_FACE('Face appearance 2',(#5253),#5589,.F.);
#6088=ADVANCED_FACE('Face appearance 2',(#5254),#5590,.F.);
#6089=ADVANCED_FACE('Face appearance 2',(#5255),#5591,.F.);
#6090=ADVANCED_FACE('Face appearance 2',(#5256),#5592,.F.);
#6091=ADVANCED_FACE('Face appearance 2',(#5257),#5593,.F.);
#6092=ADVANCED_FACE('Face appearance 2',(#5258),#14,.T.);
#6093=ADVANCED_FACE('Face appearance 2',(#5259),#127,.T.);
#6094=ADVANCED_FACE('Face appearance 2',(#5260),#128,.T.);
#6095=ADVANCED_FACE('Face appearance 2',(#5261),#129,.T.);
#6096=ADVANCED_FACE('Face appearance 2',(#5262),#15,.T.);
#6097=ADVANCED_FACE('Face appearance 2',(#5263),#5594,.F.);
#6098=ADVANCED_FACE('Face appearance 2',(#5264),#5595,.F.);
#6099=ADVANCED_FACE('Face appearance 2',(#5265),#5596,.F.);
#6100=ADVANCED_FACE('Face appearance 2',(#5266),#5597,.F.);
#6101=ADVANCED_FACE('Face appearance 2',(#5267),#5598,.F.);
#6102=ADVANCED_FACE('Face appearance 2',(#5268),#5599,.F.);
#6103=ADVANCED_FACE('Face appearance 2',(#5269),#16,.T.);
#6104=ADVANCED_FACE('Face appearance 2',(#5270),#17,.T.);
#6105=ADVANCED_FACE('Face appearance 2',(#5271),#5600,.T.);
#6106=ADVANCED_FACE('Face appearance 2',(#5272),#5601,.T.);
#6107=ADVANCED_FACE('Face appearance 2',(#5273),#5602,.T.);
#6108=ADVANCED_FACE('Face appearance 2',(#5274),#130,.T.);
#6109=ADVANCED_FACE('Face appearance 2',(#5275),#131,.T.);
#6110=ADVANCED_FACE('Face appearance 2',(#5276),#132,.T.);
#6111=ADVANCED_FACE('Face appearance 2',(#5277),#5603,.T.);
#6112=ADVANCED_FACE('Face appearance 2',(#5278),#133,.T.);
#6113=ADVANCED_FACE('Face appearance 2',(#5279),#134,.T.);
#6114=ADVANCED_FACE('Face appearance 2',(#5280),#5604,.T.);
#6115=ADVANCED_FACE('Face appearance 2',(#5281),#5605,.T.);
#6116=ADVANCED_FACE('Face appearance 2',(#5282),#5606,.T.);
#6117=ADVANCED_FACE('Face appearance 2',(#5283),#18,.T.);
#6118=ADVANCED_FACE('Face appearance 2',(#5284),#135,.T.);
#6119=ADVANCED_FACE('Face appearance 2',(#5285),#136,.T.);
#6120=ADVANCED_FACE('Face appearance 2',(#5286),#137,.T.);
#6121=ADVANCED_FACE('Face appearance 2',(#5287),#138,.T.);
#6122=ADVANCED_FACE('Face appearance 2',(#5288),#5607,.T.);
#6123=ADVANCED_FACE('Face appearance 2',(#5289),#139,.T.);
#6124=ADVANCED_FACE('Face appearance 2',(#5290),#140,.T.);
#6125=ADVANCED_FACE('Face appearance 2',(#5291),#5608,.T.);
#6126=ADVANCED_FACE('Face appearance 2',(#5292),#5609,.T.);
#6127=ADVANCED_FACE('Face appearance 2',(#5293),#5610,.T.);
#6128=ADVANCED_FACE('Face appearance 2',(#5294),#19,.T.);
#6129=ADVANCED_FACE('Face appearance 2',(#5295),#141,.T.);
#6130=ADVANCED_FACE('Face appearance 2',(#5296),#142,.T.);
#6131=ADVANCED_FACE('Face appearance 2',(#5297),#143,.T.);
#6132=ADVANCED_FACE('Face appearance 2',(#5298),#144,.T.);
#6133=ADVANCED_FACE('Face appearance 2',(#5299),#5611,.T.);
#6134=ADVANCED_FACE('Face appearance 2',(#5300),#145,.T.);
#6135=ADVANCED_FACE('Face appearance 2',(#5301),#146,.T.);
#6136=ADVANCED_FACE('Face appearance 2',(#5302),#147,.T.);
#6137=ADVANCED_FACE('Face appearance 2',(#5303),#148,.T.);
#6138=ADVANCED_FACE('Face appearance 2',(#5304),#149,.T.);
#6139=ADVANCED_FACE('Face appearance 2',(#5305),#150,.T.);
#6140=ADVANCED_FACE('Face appearance 2',(#5306),#5612,.T.);
#6141=ADVANCED_FACE('Face appearance 2',(#5307),#20,.T.);
#6142=ADVANCED_FACE('Face appearance 2',(#5308),#21,.T.);
#6143=ADVANCED_FACE('Face appearance 2',(#5309),#5613,.T.);
#6144=ADVANCED_FACE('Face appearance 2',(#5310),#151,.T.);
#6145=ADVANCED_FACE('Face appearance 2',(#5311),#152,.T.);
#6146=ADVANCED_FACE('Face appearance 2',(#5312),#153,.T.);
#6147=ADVANCED_FACE('Face appearance 2',(#5313),#154,.T.);
#6148=ADVANCED_FACE('Face appearance 2',(#5314),#22,.T.);
#6149=ADVANCED_FACE('Face appearance 2',(#5315),#23,.T.);
#6150=ADVANCED_FACE('Face appearance 2',(#5316),#24,.T.);
#6151=ADVANCED_FACE('Face appearance 2',(#5317),#25,.T.);
#6152=ADVANCED_FACE('Face appearance 2',(#5318),#26,.T.);
#6153=ADVANCED_FACE('Face appearance 2',(#5319),#5614,.T.);
#6154=ADVANCED_FACE('Face appearance 2',(#5320),#27,.T.);
#6155=ADVANCED_FACE('Face appearance 2',(#5321),#5615,.T.);
#6156=ADVANCED_FACE('Face appearance 2',(#5322),#28,.T.);
#6157=ADVANCED_FACE('Face appearance 2',(#5323),#29,.T.);
#6158=ADVANCED_FACE('Face appearance 2',(#5324),#30,.T.);
#6159=ADVANCED_FACE('Face appearance 2',(#5325),#31,.T.);
#6160=ADVANCED_FACE('Face appearance 2',(#5326),#32,.T.);
#6161=ADVANCED_FACE('Face appearance 2',(#5327),#33,.T.);
#6162=ADVANCED_FACE('Face appearance 2',(#5328),#34,.T.);
#6163=ADVANCED_FACE('Face appearance 2',(#5329),#35,.T.);
#6164=ADVANCED_FACE('Face appearance 2',(#5330),#5616,.F.);
#6165=ADVANCED_FACE('Face appearance 2',(#5331),#5617,.F.);
#6166=ADVANCED_FACE('Face appearance 2',(#5332),#5618,.F.);
#6167=ADVANCED_FACE('Face appearance 2',(#5333),#36,.T.);
#6168=ADVANCED_FACE('Face appearance 2',(#5334),#37,.T.);
#6169=ADVANCED_FACE('Face appearance 2',(#5335),#38,.T.);
#6170=ADVANCED_FACE('Face appearance 2',(#5336),#39,.T.);
#6171=ADVANCED_FACE('Face appearance 2',(#5337),#5619,.F.);
#6172=ADVANCED_FACE('Face appearance 2',(#5338),#5620,.F.);
#6173=ADVANCED_FACE('Face appearance 2',(#5339),#5621,.F.);
#6174=ADVANCED_FACE('Face appearance 2',(#5340),#5622,.F.);
#6175=ADVANCED_FACE('Face appearance 2',(#5341),#155,.T.);
#6176=ADVANCED_FACE('Face appearance 2',(#5342),#156,.T.);
#6177=ADVANCED_FACE('Face appearance 2',(#5343),#40,.T.);
#6178=ADVANCED_FACE('Face appearance 2',(#5344),#41,.T.);
#6179=ADVANCED_FACE('Face appearance 2',(#5345),#42,.T.);
#6180=ADVANCED_FACE('Face appearance 2',(#5346),#43,.T.);
#6181=ADVANCED_FACE('Face appearance 2',(#5347),#5623,.F.);
#6182=ADVANCED_FACE('Face appearance 2',(#5348),#5624,.T.);
#6183=ADVANCED_FACE('Face appearance 2',(#5349,#5350),#5625,.T.);
#6184=ADVANCED_FACE('Face appearance 1',(#5351),#5626,.T.);
#6185=ADVANCED_FACE('Face appearance 2',(#5352),#157,.T.);
#6186=ADVANCED_FACE('Face appearance 2',(#5353),#158,.T.);
#6187=ADVANCED_FACE('Face appearance 2',(#5354),#44,.T.);
#6188=ADVANCED_FACE('Face appearance 2',(#5355),#5627,.F.);
#6189=ADVANCED_FACE('Face appearance 2',(#5356),#5628,.F.);
#6190=ADVANCED_FACE('Face appearance 2',(#5357),#5629,.F.);
#6191=ADVANCED_FACE('Face appearance 2',(#5358),#5630,.F.);
#6192=ADVANCED_FACE('Face appearance 2',(#5359),#5631,.F.);
#6193=ADVANCED_FACE('Face appearance 2',(#5360),#5632,.F.);
#6194=ADVANCED_FACE('Face appearance 2',(#5361),#45,.T.);
#6195=ADVANCED_FACE('Face appearance 2',(#5362),#46,.T.);
#6196=ADVANCED_FACE('Face appearance 2',(#5363),#159,.T.);
#6197=ADVANCED_FACE('Face appearance 2',(#5364),#47,.T.);
#6198=ADVANCED_FACE('Face appearance 2',(#5365),#48,.T.);
#6199=ADVANCED_FACE('Face appearance 2',(#5366),#49,.T.);
#6200=ADVANCED_FACE('Face appearance 2',(#5367),#50,.T.);
#6201=ADVANCED_FACE('Face appearance 2',(#5368),#51,.T.);
#6202=ADVANCED_FACE('Face appearance 2',(#5369),#5633,.F.);
#6203=ADVANCED_FACE('Face appearance 2',(#5370),#5634,.F.);
#6204=ADVANCED_FACE('Face appearance 2',(#5371),#5635,.F.);
#6205=ADVANCED_FACE('Face appearance 2',(#5372),#5636,.T.);
#6206=ADVANCED_FACE('Face appearance 2',(#5373),#52,.T.);
#6207=ADVANCED_FACE('Face appearance 2',(#5374),#5637,.T.);
#6208=ADVANCED_FACE('Face appearance 2',(#5375),#53,.T.);
#6209=ADVANCED_FACE('Face appearance 2',(#5376),#5638,.T.);
#6210=ADVANCED_FACE('Face appearance 2',(#5377),#54,.T.);
#6211=ADVANCED_FACE('Face appearance 2',(#5378),#55,.T.);
#6212=ADVANCED_FACE('Face appearance 2',(#5379),#56,.T.);
#6213=ADVANCED_FACE('Face appearance 2',(#5380),#160,.T.);
#6214=ADVANCED_FACE('Face appearance 2',(#5381),#5639,.F.);
#6215=ADVANCED_FACE('Face appearance 2',(#5382),#5640,.F.);
#6216=ADVANCED_FACE('Face appearance 2',(#5383),#57,.T.);
#6217=ADVANCED_FACE('Face appearance 2',(#5384),#5641,.F.);
#6218=ADVANCED_FACE('Face appearance 2',(#5385),#58,.T.);
#6219=ADVANCED_FACE('Face appearance 2',(#5386),#5642,.F.);
#6220=ADVANCED_FACE('Face appearance 2',(#5387),#5643,.F.);
#6221=ADVANCED_FACE('Face appearance 2',(#5388),#59,.T.);
#6222=ADVANCED_FACE('Face appearance 2',(#5389),#60,.T.);
#6223=ADVANCED_FACE('Face appearance 2',(#5390),#61,.T.);
#6224=ADVANCED_FACE('Face appearance 2',(#5391),#5644,.F.);
#6225=ADVANCED_FACE('Face appearance 2',(#5392),#5645,.F.);
#6226=ADVANCED_FACE('Face appearance 2',(#5393),#161,.T.);
#6227=ADVANCED_FACE('Face appearance 2',(#5394,#5395),#5646,.T.);
#6228=ADVANCED_FACE('Face appearance 1',(#5396),#5647,.T.);
#6229=ADVANCED_FACE('Face appearance 2',(#5397),#162,.T.);
#6230=ADVANCED_FACE('Face appearance 2',(#5398),#163,.T.);
#6231=ADVANCED_FACE('Face appearance 2',(#5399),#164,.T.);
#6232=ADVANCED_FACE('Face appearance 2',(#5400),#165,.T.);
#6233=ADVANCED_FACE('Face appearance 2',(#5401),#5648,.T.);
#6234=ADVANCED_FACE('Face appearance 2',(#5402),#166,.T.);
#6235=ADVANCED_FACE('Face appearance 2',(#5403),#167,.T.);
#6236=ADVANCED_FACE('Face appearance 2',(#5404),#5649,.T.);
#6237=ADVANCED_FACE('Face appearance 2',(#5405),#5650,.T.);
#6238=ADVANCED_FACE('Face appearance 2',(#5406),#5651,.T.);
#6239=ADVANCED_FACE('Face appearance 2',(#5407),#62,.T.);
#6240=ADVANCED_FACE('Face appearance 2',(#5408),#63,.T.);
#6241=ADVANCED_FACE('Face appearance 2',(#5409),#5652,.F.);
#6242=ADVANCED_FACE('Face appearance 2',(#5410),#5653,.F.);
#6243=ADVANCED_FACE('Face appearance 2',(#5411),#5654,.F.);
#6244=ADVANCED_FACE('Face appearance 2',(#5412),#5655,.F.);
#6245=ADVANCED_FACE('Face appearance 2',(#5413),#5656,.F.);
#6246=ADVANCED_FACE('Face appearance 2',(#5414),#5657,.F.);
#6247=ADVANCED_FACE('Face appearance 2',(#5415),#64,.T.);
#6248=ADVANCED_FACE('Face appearance 2',(#5416),#168,.T.);
#6249=ADVANCED_FACE('Face appearance 2',(#5417),#169,.T.);
#6250=ADVANCED_FACE('Face appearance 2',(#5418),#170,.T.);
#6251=ADVANCED_FACE('Face appearance 2',(#5419),#65,.T.);
#6252=ADVANCED_FACE('Face appearance 2',(#5420),#5658,.F.);
#6253=ADVANCED_FACE('Face appearance 2',(#5421),#5659,.F.);
#6254=ADVANCED_FACE('Face appearance 2',(#5422),#5660,.F.);
#6255=ADVANCED_FACE('Face appearance 2',(#5423),#5661,.F.);
#6256=ADVANCED_FACE('Face appearance 2',(#5424),#5662,.F.);
#6257=ADVANCED_FACE('Face appearance 2',(#5425),#5663,.F.);
#6258=ADVANCED_FACE('Face appearance 2',(#5426),#66,.T.);
#6259=ADVANCED_FACE('Face appearance 2',(#5427),#67,.T.);
#6260=ADVANCED_FACE('Face appearance 2',(#5428),#5664,.T.);
#6261=ADVANCED_FACE('Face appearance 2',(#5429),#5665,.T.);
#6262=ADVANCED_FACE('Face appearance 2',(#5430),#5666,.T.);
#6263=ADVANCED_FACE('Face appearance 2',(#5431),#171,.T.);
#6264=ADVANCED_FACE('Face appearance 2',(#5432),#172,.T.);
#6265=ADVANCED_FACE('Face appearance 2',(#5433),#173,.T.);
#6266=ADVANCED_FACE('Face appearance 2',(#5434),#5667,.T.);
#6267=ADVANCED_FACE('Face appearance 2',(#5435),#174,.T.);
#6268=ADVANCED_FACE('Face appearance 2',(#5436),#175,.T.);
#6269=ADVANCED_FACE('Face appearance 2',(#5437),#5668,.T.);
#6270=ADVANCED_FACE('Face appearance 2',(#5438),#5669,.T.);
#6271=ADVANCED_FACE('Face appearance 2',(#5439),#5670,.T.);
#6272=ADVANCED_FACE('Face appearance 2',(#5440),#68,.T.);
#6273=ADVANCED_FACE('Face appearance 2',(#5441),#176,.T.);
#6274=ADVANCED_FACE('Face appearance 2',(#5442),#177,.T.);
#6275=ADVANCED_FACE('Face appearance 2',(#5443),#178,.T.);
#6276=ADVANCED_FACE('Face appearance 2',(#5444),#179,.T.);
#6277=ADVANCED_FACE('Face appearance 2',(#5445),#5671,.T.);
#6278=ADVANCED_FACE('Face appearance 2',(#5446),#180,.T.);
#6279=ADVANCED_FACE('Face appearance 2',(#5447),#181,.T.);
#6280=ADVANCED_FACE('Face appearance 2',(#5448),#5672,.T.);
#6281=ADVANCED_FACE('Face appearance 2',(#5449),#5673,.T.);
#6282=ADVANCED_FACE('Face appearance 2',(#5450),#5674,.T.);
#6283=ADVANCED_FACE('Face appearance 2',(#5451),#69,.T.);
#6284=ADVANCED_FACE('Face appearance 2',(#5452),#182,.T.);
#6285=ADVANCED_FACE('Face appearance 2',(#5453),#183,.T.);
#6286=ADVANCED_FACE('Face appearance 2',(#5454),#184,.T.);
#6287=ADVANCED_FACE('Face appearance 2',(#5455),#185,.T.);
#6288=ADVANCED_FACE('Face appearance 2',(#5456),#5675,.T.);
#6289=ADVANCED_FACE('Face appearance 2',(#5457),#186,.T.);
#6290=ADVANCED_FACE('Face appearance 2',(#5458),#187,.T.);
#6291=ADVANCED_FACE('Face appearance 2',(#5459),#188,.T.);
#6292=ADVANCED_FACE('Face appearance 2',(#5460),#189,.T.);
#6293=ADVANCED_FACE('Face appearance 2',(#5461),#190,.T.);
#6294=ADVANCED_FACE('Face appearance 2',(#5462),#191,.T.);
#6295=ADVANCED_FACE('Face appearance 2',(#5463),#5676,.T.);
#6296=ADVANCED_FACE('Face appearance 2',(#5464),#70,.T.);
#6297=ADVANCED_FACE('Face appearance 2',(#5465),#71,.T.);
#6298=ADVANCED_FACE('Face appearance 2',(#5466),#5677,.T.);
#6299=ADVANCED_FACE('Face appearance 2',(#5467),#192,.T.);
#6300=ADVANCED_FACE('Face appearance 2',(#5468),#193,.T.);
#6301=ADVANCED_FACE('Face appearance 2',(#5469),#194,.T.);
#6302=ADVANCED_FACE('Face appearance 2',(#5470),#195,.T.);
#6303=ADVANCED_FACE('Face appearance 2',(#5471),#72,.T.);
#6304=ADVANCED_FACE('Face appearance 2',(#5472),#73,.T.);
#6305=ADVANCED_FACE('Face appearance 2',(#5473),#74,.T.);
#6306=ADVANCED_FACE('Face appearance 2',(#5474),#75,.T.);
#6307=ADVANCED_FACE('Face appearance 2',(#5475),#76,.T.);
#6308=ADVANCED_FACE('Face appearance 2',(#5476),#5678,.T.);
#6309=ADVANCED_FACE('Face appearance 2',(#5477),#77,.T.);
#6310=ADVANCED_FACE('Face appearance 2',(#5478),#5679,.T.);
#6311=ADVANCED_FACE('Face appearance 2',(#5479),#78,.T.);
#6312=ADVANCED_FACE('Face appearance 2',(#5480),#79,.T.);
#6313=ADVANCED_FACE('Face appearance 2',(#5481),#80,.T.);
#6314=ADVANCED_FACE('Face appearance 2',(#5482),#81,.T.);
#6315=ADVANCED_FACE('Face appearance 2',(#5483),#82,.T.);
#6316=ADVANCED_FACE('Face appearance 2',(#5484),#83,.T.);
#6317=ADVANCED_FACE('Face appearance 2',(#5485),#84,.T.);
#6318=ADVANCED_FACE('Face appearance 2',(#5486),#85,.T.);
#6319=ADVANCED_FACE('Face appearance 2',(#5487),#5680,.F.);
#6320=ADVANCED_FACE('Face appearance 2',(#5488),#5681,.F.);
#6321=ADVANCED_FACE('Face appearance 2',(#5489),#5682,.F.);
#6322=ADVANCED_FACE('Face appearance 2',(#5490),#86,.T.);
#6323=ADVANCED_FACE('Face appearance 2',(#5491),#87,.T.);
#6324=ADVANCED_FACE('Face appearance 2',(#5492),#88,.T.);
#6325=ADVANCED_FACE('Face appearance 2',(#5493),#89,.T.);
#6326=ADVANCED_FACE('Face appearance 2',(#5494),#5683,.F.);
#6327=ADVANCED_FACE('Face appearance 2',(#5495),#5684,.F.);
#6328=ADVANCED_FACE('Face appearance 2',(#5496),#5685,.F.);
#6329=ADVANCED_FACE('Face appearance 2',(#5497),#5686,.F.);
#6330=ADVANCED_FACE('Face appearance 2',(#5498),#196,.T.);
#6331=ADVANCED_FACE('Face appearance 2',(#5499),#197,.T.);
#6332=ADVANCED_FACE('Face appearance 2',(#5500),#90,.T.);
#6333=ADVANCED_FACE('Face appearance 2',(#5501),#91,.T.);
#6334=ADVANCED_FACE('Face appearance 2',(#5502),#92,.T.);
#6335=ADVANCED_FACE('Face appearance 2',(#5503),#93,.T.);
#6336=ADVANCED_FACE('Face appearance 2',(#5504),#5687,.F.);
#6337=ADVANCED_FACE('Face appearance 2',(#5505),#5688,.T.);
#6338=ADVANCED_FACE('Face appearance 2',(#5506,#5507),#5689,.T.);
#6339=ADVANCED_FACE('Face appearance 1',(#5508),#5690,.T.);
#6340=ADVANCED_FACE('Face appearance 2',(#5509),#198,.T.);
#6341=ADVANCED_FACE('Face appearance 2',(#5510),#199,.T.);
#6342=ADVANCED_FACE('Face appearance 2',(#5511),#94,.T.);
#6343=ADVANCED_FACE('Face appearance 2',(#5512),#5691,.F.);
#6344=ADVANCED_FACE('Face appearance 2',(#5513),#5692,.F.);
#6345=ADVANCED_FACE('Face appearance 2',(#5514),#5693,.F.);
#6346=ADVANCED_FACE('Face appearance 2',(#5515),#5694,.F.);
#6347=ADVANCED_FACE('Face appearance 2',(#5516),#5695,.F.);
#6348=ADVANCED_FACE('Face appearance 2',(#5517),#5696,.F.);
#6349=ADVANCED_FACE('Face appearance 2',(#5518),#95,.T.);
#6350=ADVANCED_FACE('Face appearance 2',(#5519),#96,.T.);
#6351=ADVANCED_FACE('Face appearance 2',(#5520),#200,.T.);
#6352=ADVANCED_FACE('Face appearance 2',(#5521),#97,.T.);
#6353=ADVANCED_FACE('Face appearance 2',(#5522),#98,.T.);
#6354=ADVANCED_FACE('Face appearance 2',(#5523),#99,.T.);
#6355=ADVANCED_FACE('Face appearance 2',(#5524),#100,.T.);
#6356=ADVANCED_FACE('Face appearance 2',(#5525),#101,.T.);
#6357=ADVANCED_FACE('Face appearance 2',(#5526),#5697,.F.);
#6358=ADVANCED_FACE('Face appearance 2',(#5527),#5698,.F.);
#6359=ADVANCED_FACE('Face appearance 2',(#5528),#5699,.F.);
#6360=ADVANCED_FACE('Face appearance 2',(#5529),#5700,.T.);
#6361=ADVANCED_FACE('Face appearance 2',(#5530),#102,.T.);
#6362=ADVANCED_FACE('Face appearance 2',(#5531),#5701,.T.);
#6363=ADVANCED_FACE('Face appearance 2',(#5532),#103,.T.);
#6364=ADVANCED_FACE('Face appearance 2',(#5533),#5702,.T.);
#6365=ADVANCED_FACE('Face appearance 2',(#5534),#104,.T.);
#6366=ADVANCED_FACE('Face appearance 2',(#5535),#105,.T.);
#6367=ADVANCED_FACE('Face appearance 2',(#5536),#106,.T.);
#6368=ADVANCED_FACE('Face appearance 2',(#5537),#201,.T.);
#6369=ADVANCED_FACE('Face appearance 2',(#5538),#5703,.F.);
#6370=ADVANCED_FACE('Face appearance 2',(#5539),#5704,.F.);
#6371=ADVANCED_FACE('Face appearance 2',(#5540),#107,.T.);
#6372=ADVANCED_FACE('Face appearance 2',(#5541),#5705,.F.);
#6373=ADVANCED_FACE('Face appearance 2',(#5542),#108,.T.);
#6374=ADVANCED_FACE('Face appearance 2',(#5543),#5706,.F.);
#6375=ADVANCED_FACE('Face appearance 2',(#5544),#5707,.F.);
#6376=ADVANCED_FACE('Face appearance 2',(#5545),#109,.T.);
#6377=ADVANCED_FACE('Face appearance 2',(#5546),#110,.T.);
#6378=ADVANCED_FACE('Face appearance 2',(#5547),#111,.T.);
#6379=ADVANCED_FACE('Face appearance 2',(#5548),#5708,.F.);
#6380=ADVANCED_FACE('Face appearance 2',(#5549),#5709,.F.);
#6381=ADVANCED_FACE('Face appearance 2',(#5550),#202,.T.);
#6382=ADVANCED_FACE('Face appearance 2',(#5551,#5552),#5710,.T.);
#6383=ADVANCED_FACE('Face appearance 1',(#5553),#5711,.T.);
#6384=ADVANCED_FACE('Face appearance 2',(#5554),#5712,.T.);
#6385=ADVANCED_FACE('Face appearance 2',(#5555),#5713,.T.);
#6386=ADVANCED_FACE('Face appearance 2',(#5556),#5714,.T.);
#6387=ADVANCED_FACE('Face appearance 2',(#5557),#203,.T.);
#6388=ADVANCED_FACE('Face appearance 2',(#5558),#204,.T.);
#6389=ADVANCED_FACE('Face appearance 2',(#5559),#205,.T.);
#6390=ADVANCED_FACE('Face appearance 2',(#5560),#206,.T.);
#6391=ADVANCED_FACE('Face appearance 2',(#5561),#207,.T.);
#6392=ADVANCED_FACE('Face appearance 2',(#5562),#112,.T.);
#6393=ADVANCED_FACE('Face appearance 2',(#5563),#113,.T.);
#6394=ADVANCED_FACE('Face appearance 2',(#5564),#208,.T.);
#6395=ADVANCED_FACE('Face appearance 2',(#5565),#5715,.T.);
#6396=ADVANCED_FACE('Face appearance 2',(#5566),#5716,.T.);
#6397=ADVANCED_FACE('Face appearance 2',(#5567),#5717,.T.);
#6398=ADVANCED_FACE('Face appearance 2',(#5568),#5718,.T.);
#6399=ADVANCED_FACE('Face appearance 2',(#5569),#5719,.T.);
#6400=ADVANCED_FACE('Face appearance 2',(#5570),#5720,.T.);
#6401=ADVANCED_FACE('Face appearance 2',(#5571),#209,.T.);
#6402=ADVANCED_FACE('Face appearance 2',(#5572),#210,.T.);
#6403=ADVANCED_FACE('Face appearance 2',(#5573),#211,.T.);
#6404=ADVANCED_FACE('Face appearance 2',(#5574),#212,.T.);
#6405=ADVANCED_FACE('Face appearance 2',(#5575),#213,.T.);
#6406=ADVANCED_FACE('Face appearance 2',(#5576),#114,.T.);
#6407=ADVANCED_FACE('Face appearance 2',(#5577),#115,.T.);
#6408=ADVANCED_FACE('Face appearance 2',(#5578),#214,.T.);
#6409=ADVANCED_FACE('Face appearance 2',(#5579),#5721,.T.);
#6410=ADVANCED_FACE('Face appearance 2',(#5580),#5722,.T.);
#6411=ADVANCED_FACE('Face appearance 2',(#5581),#5723,.T.);
#6412=CLOSED_SHELL('',(#6068,#6069,#6070,#6071,#6072,#6073,#6074,#6075,
#6076,#6077,#6078,#6079,#6080,#6081,#6082,#6083,#6084,#6085,#6086,#6087,
#6088,#6089,#6090,#6091,#6092,#6093,#6094,#6095,#6096,#6097,#6098,#6099,
#6100,#6101,#6102,#6103,#6104,#6105,#6106,#6107,#6108,#6109,#6110,#6111,
#6112,#6113,#6114,#6115,#6116,#6117,#6118,#6119,#6120,#6121,#6122,#6123,
#6124,#6125,#6126,#6127,#6128,#6129,#6130,#6131,#6132,#6133,#6134,#6135,
#6136,#6137,#6138,#6139,#6140,#6141,#6142,#6143,#6144,#6145,#6146,#6147,
#6148,#6149,#6150,#6151,#6152,#6153,#6154,#6155,#6156,#6157,#6158,#6159,
#6160,#6161,#6162,#6163,#6164,#6165,#6166,#6167,#6168,#6169,#6170,#6171,
#6172,#6173,#6174,#6175,#6176,#6177,#6178,#6179,#6180,#6181,#6182,#6183,
#6184,#6185,#6186,#6187,#6188,#6189,#6190,#6191,#6192,#6193,#6194,#6195,
#6196,#6197,#6198,#6199,#6200,#6201,#6202,#6203,#6204,#6205,#6206,#6207,
#6208,#6209,#6210,#6211,#6212,#6213,#6214,#6215,#6216,#6217,#6218,#6219,
#6220,#6221,#6222,#6223,#6224,#6225,#6226,#6227,#6228,#6229,#6230,#6231,
#6232,#6233,#6234,#6235,#6236,#6237,#6238,#6239,#6240,#6241,#6242,#6243,
#6244,#6245,#6246,#6247,#6248,#6249,#6250,#6251,#6252,#6253,#6254,#6255,
#6256,#6257,#6258,#6259,#6260,#6261,#6262,#6263,#6264,#6265,#6266,#6267,
#6268,#6269,#6270,#6271,#6272,#6273,#6274,#6275,#6276,#6277,#6278,#6279,
#6280,#6281,#6282,#6283,#6284,#6285,#6286,#6287,#6288,#6289,#6290,#6291,
#6292,#6293,#6294,#6295,#6296,#6297,#6298,#6299,#6300,#6301,#6302,#6303,
#6304,#6305,#6306,#6307,#6308,#6309,#6310,#6311,#6312,#6313,#6314,#6315,
#6316,#6317,#6318,#6319,#6320,#6321,#6322,#6323,#6324,#6325,#6326,#6327,
#6328,#6329,#6330,#6331,#6332,#6333,#6334,#6335,#6336,#6337,#6338,#6339,
#6340,#6341,#6342,#6343,#6344,#6345,#6346,#6347,#6348,#6349,#6350,#6351,
#6352,#6353,#6354,#6355,#6356,#6357,#6358,#6359,#6360,#6361,#6362,#6363,
#6364,#6365,#6366,#6367,#6368,#6369,#6370,#6371,#6372,#6373,#6374,#6375,
#6376,#6377,#6378,#6379,#6380,#6381,#6382,#6383,#6384,#6385,#6386,#6387,
#6388,#6389,#6390,#6391,#6392,#6393,#6394,#6395,#6396,#6397,#6398,#6399,
#6400,#6401,#6402,#6403,#6404,#6405,#6406,#6407,#6408,#6409,#6410,#6411));
#6413=STYLED_ITEM('',(#6414),#8486);
#6414=PRESENTATION_STYLE_ASSIGNMENT((#6759));
#6415=PRESENTATION_STYLE_ASSIGNMENT((#6760));
#6416=PRESENTATION_STYLE_ASSIGNMENT((#6761));
#6417=PRESENTATION_STYLE_ASSIGNMENT((#6762));
#6418=PRESENTATION_STYLE_ASSIGNMENT((#6763));
#6419=PRESENTATION_STYLE_ASSIGNMENT((#6764));
#6420=PRESENTATION_STYLE_ASSIGNMENT((#6765));
#6421=PRESENTATION_STYLE_ASSIGNMENT((#6766));
#6422=PRESENTATION_STYLE_ASSIGNMENT((#6767));
#6423=PRESENTATION_STYLE_ASSIGNMENT((#6768));
#6424=PRESENTATION_STYLE_ASSIGNMENT((#6769));
#6425=PRESENTATION_STYLE_ASSIGNMENT((#6770));
#6426=PRESENTATION_STYLE_ASSIGNMENT((#6771));
#6427=PRESENTATION_STYLE_ASSIGNMENT((#6772));
#6428=PRESENTATION_STYLE_ASSIGNMENT((#6773));
#6429=PRESENTATION_STYLE_ASSIGNMENT((#6774));
#6430=PRESENTATION_STYLE_ASSIGNMENT((#6775));
#6431=PRESENTATION_STYLE_ASSIGNMENT((#6776));
#6432=PRESENTATION_STYLE_ASSIGNMENT((#6777));
#6433=PRESENTATION_STYLE_ASSIGNMENT((#6778));
#6434=PRESENTATION_STYLE_ASSIGNMENT((#6779));
#6435=PRESENTATION_STYLE_ASSIGNMENT((#6780));
#6436=PRESENTATION_STYLE_ASSIGNMENT((#6781));
#6437=PRESENTATION_STYLE_ASSIGNMENT((#6782));
#6438=PRESENTATION_STYLE_ASSIGNMENT((#6783));
#6439=PRESENTATION_STYLE_ASSIGNMENT((#6784));
#6440=PRESENTATION_STYLE_ASSIGNMENT((#6785));
#6441=PRESENTATION_STYLE_ASSIGNMENT((#6786));
#6442=PRESENTATION_STYLE_ASSIGNMENT((#6787));
#6443=PRESENTATION_STYLE_ASSIGNMENT((#6788));
#6444=PRESENTATION_STYLE_ASSIGNMENT((#6789));
#6445=PRESENTATION_STYLE_ASSIGNMENT((#6790));
#6446=PRESENTATION_STYLE_ASSIGNMENT((#6791));
#6447=PRESENTATION_STYLE_ASSIGNMENT((#6792));
#6448=PRESENTATION_STYLE_ASSIGNMENT((#6793));
#6449=PRESENTATION_STYLE_ASSIGNMENT((#6794));
#6450=PRESENTATION_STYLE_ASSIGNMENT((#6795));
#6451=PRESENTATION_STYLE_ASSIGNMENT((#6796));
#6452=PRESENTATION_STYLE_ASSIGNMENT((#6797));
#6453=PRESENTATION_STYLE_ASSIGNMENT((#6798));
#6454=PRESENTATION_STYLE_ASSIGNMENT((#6799));
#6455=PRESENTATION_STYLE_ASSIGNMENT((#6800));
#6456=PRESENTATION_STYLE_ASSIGNMENT((#6801));
#6457=PRESENTATION_STYLE_ASSIGNMENT((#6802));
#6458=PRESENTATION_STYLE_ASSIGNMENT((#6803));
#6459=PRESENTATION_STYLE_ASSIGNMENT((#6804));
#6460=PRESENTATION_STYLE_ASSIGNMENT((#6805));
#6461=PRESENTATION_STYLE_ASSIGNMENT((#6806));
#6462=PRESENTATION_STYLE_ASSIGNMENT((#6807));
#6463=PRESENTATION_STYLE_ASSIGNMENT((#6808));
#6464=PRESENTATION_STYLE_ASSIGNMENT((#6809));
#6465=PRESENTATION_STYLE_ASSIGNMENT((#6810));
#6466=PRESENTATION_STYLE_ASSIGNMENT((#6811));
#6467=PRESENTATION_STYLE_ASSIGNMENT((#6812));
#6468=PRESENTATION_STYLE_ASSIGNMENT((#6813));
#6469=PRESENTATION_STYLE_ASSIGNMENT((#6814));
#6470=PRESENTATION_STYLE_ASSIGNMENT((#6815));
#6471=PRESENTATION_STYLE_ASSIGNMENT((#6816));
#6472=PRESENTATION_STYLE_ASSIGNMENT((#6817));
#6473=PRESENTATION_STYLE_ASSIGNMENT((#6818));
#6474=PRESENTATION_STYLE_ASSIGNMENT((#6819));
#6475=PRESENTATION_STYLE_ASSIGNMENT((#6820));
#6476=PRESENTATION_STYLE_ASSIGNMENT((#6821));
#6477=PRESENTATION_STYLE_ASSIGNMENT((#6822));
#6478=PRESENTATION_STYLE_ASSIGNMENT((#6823));
#6479=PRESENTATION_STYLE_ASSIGNMENT((#6824));
#6480=PRESENTATION_STYLE_ASSIGNMENT((#6825));
#6481=PRESENTATION_STYLE_ASSIGNMENT((#6826));
#6482=PRESENTATION_STYLE_ASSIGNMENT((#6827));
#6483=PRESENTATION_STYLE_ASSIGNMENT((#6828));
#6484=PRESENTATION_STYLE_ASSIGNMENT((#6829));
#6485=PRESENTATION_STYLE_ASSIGNMENT((#6830));
#6486=PRESENTATION_STYLE_ASSIGNMENT((#6831));
#6487=PRESENTATION_STYLE_ASSIGNMENT((#6832));
#6488=PRESENTATION_STYLE_ASSIGNMENT((#6833));
#6489=PRESENTATION_STYLE_ASSIGNMENT((#6834));
#6490=PRESENTATION_STYLE_ASSIGNMENT((#6835));
#6491=PRESENTATION_STYLE_ASSIGNMENT((#6836));
#6492=PRESENTATION_STYLE_ASSIGNMENT((#6837));
#6493=PRESENTATION_STYLE_ASSIGNMENT((#6838));
#6494=PRESENTATION_STYLE_ASSIGNMENT((#6839));
#6495=PRESENTATION_STYLE_ASSIGNMENT((#6840));
#6496=PRESENTATION_STYLE_ASSIGNMENT((#6841));
#6497=PRESENTATION_STYLE_ASSIGNMENT((#6842));
#6498=PRESENTATION_STYLE_ASSIGNMENT((#6843));
#6499=PRESENTATION_STYLE_ASSIGNMENT((#6844));
#6500=PRESENTATION_STYLE_ASSIGNMENT((#6845));
#6501=PRESENTATION_STYLE_ASSIGNMENT((#6846));
#6502=PRESENTATION_STYLE_ASSIGNMENT((#6847));
#6503=PRESENTATION_STYLE_ASSIGNMENT((#6848));
#6504=PRESENTATION_STYLE_ASSIGNMENT((#6849));
#6505=PRESENTATION_STYLE_ASSIGNMENT((#6850));
#6506=PRESENTATION_STYLE_ASSIGNMENT((#6851));
#6507=PRESENTATION_STYLE_ASSIGNMENT((#6852));
#6508=PRESENTATION_STYLE_ASSIGNMENT((#6853));
#6509=PRESENTATION_STYLE_ASSIGNMENT((#6854));
#6510=PRESENTATION_STYLE_ASSIGNMENT((#6855));
#6511=PRESENTATION_STYLE_ASSIGNMENT((#6856));
#6512=PRESENTATION_STYLE_ASSIGNMENT((#6857));
#6513=PRESENTATION_STYLE_ASSIGNMENT((#6858));
#6514=PRESENTATION_STYLE_ASSIGNMENT((#6859));
#6515=PRESENTATION_STYLE_ASSIGNMENT((#6860));
#6516=PRESENTATION_STYLE_ASSIGNMENT((#6861));
#6517=PRESENTATION_STYLE_ASSIGNMENT((#6862));
#6518=PRESENTATION_STYLE_ASSIGNMENT((#6863));
#6519=PRESENTATION_STYLE_ASSIGNMENT((#6864));
#6520=PRESENTATION_STYLE_ASSIGNMENT((#6865));
#6521=PRESENTATION_STYLE_ASSIGNMENT((#6866));
#6522=PRESENTATION_STYLE_ASSIGNMENT((#6867));
#6523=PRESENTATION_STYLE_ASSIGNMENT((#6868));
#6524=PRESENTATION_STYLE_ASSIGNMENT((#6869));
#6525=PRESENTATION_STYLE_ASSIGNMENT((#6870));
#6526=PRESENTATION_STYLE_ASSIGNMENT((#6871));
#6527=PRESENTATION_STYLE_ASSIGNMENT((#6872));
#6528=PRESENTATION_STYLE_ASSIGNMENT((#6873));
#6529=PRESENTATION_STYLE_ASSIGNMENT((#6874));
#6530=PRESENTATION_STYLE_ASSIGNMENT((#6875));
#6531=PRESENTATION_STYLE_ASSIGNMENT((#6876));
#6532=PRESENTATION_STYLE_ASSIGNMENT((#6877));
#6533=PRESENTATION_STYLE_ASSIGNMENT((#6878));
#6534=PRESENTATION_STYLE_ASSIGNMENT((#6879));
#6535=PRESENTATION_STYLE_ASSIGNMENT((#6880));
#6536=PRESENTATION_STYLE_ASSIGNMENT((#6881));
#6537=PRESENTATION_STYLE_ASSIGNMENT((#6882));
#6538=PRESENTATION_STYLE_ASSIGNMENT((#6883));
#6539=PRESENTATION_STYLE_ASSIGNMENT((#6884));
#6540=PRESENTATION_STYLE_ASSIGNMENT((#6885));
#6541=PRESENTATION_STYLE_ASSIGNMENT((#6886));
#6542=PRESENTATION_STYLE_ASSIGNMENT((#6887));
#6543=PRESENTATION_STYLE_ASSIGNMENT((#6888));
#6544=PRESENTATION_STYLE_ASSIGNMENT((#6889));
#6545=PRESENTATION_STYLE_ASSIGNMENT((#6890));
#6546=PRESENTATION_STYLE_ASSIGNMENT((#6891));
#6547=PRESENTATION_STYLE_ASSIGNMENT((#6892));
#6548=PRESENTATION_STYLE_ASSIGNMENT((#6893));
#6549=PRESENTATION_STYLE_ASSIGNMENT((#6894));
#6550=PRESENTATION_STYLE_ASSIGNMENT((#6895));
#6551=PRESENTATION_STYLE_ASSIGNMENT((#6896));
#6552=PRESENTATION_STYLE_ASSIGNMENT((#6897));
#6553=PRESENTATION_STYLE_ASSIGNMENT((#6898));
#6554=PRESENTATION_STYLE_ASSIGNMENT((#6899));
#6555=PRESENTATION_STYLE_ASSIGNMENT((#6900));
#6556=PRESENTATION_STYLE_ASSIGNMENT((#6901));
#6557=PRESENTATION_STYLE_ASSIGNMENT((#6902));
#6558=PRESENTATION_STYLE_ASSIGNMENT((#6903));
#6559=PRESENTATION_STYLE_ASSIGNMENT((#6904));
#6560=PRESENTATION_STYLE_ASSIGNMENT((#6905));
#6561=PRESENTATION_STYLE_ASSIGNMENT((#6906));
#6562=PRESENTATION_STYLE_ASSIGNMENT((#6907));
#6563=PRESENTATION_STYLE_ASSIGNMENT((#6908));
#6564=PRESENTATION_STYLE_ASSIGNMENT((#6909));
#6565=PRESENTATION_STYLE_ASSIGNMENT((#6910));
#6566=PRESENTATION_STYLE_ASSIGNMENT((#6911));
#6567=PRESENTATION_STYLE_ASSIGNMENT((#6912));
#6568=PRESENTATION_STYLE_ASSIGNMENT((#6913));
#6569=PRESENTATION_STYLE_ASSIGNMENT((#6914));
#6570=PRESENTATION_STYLE_ASSIGNMENT((#6915));
#6571=PRESENTATION_STYLE_ASSIGNMENT((#6916));
#6572=PRESENTATION_STYLE_ASSIGNMENT((#6917));
#6573=PRESENTATION_STYLE_ASSIGNMENT((#6918));
#6574=PRESENTATION_STYLE_ASSIGNMENT((#6919));
#6575=PRESENTATION_STYLE_ASSIGNMENT((#6920));
#6576=PRESENTATION_STYLE_ASSIGNMENT((#6921));
#6577=PRESENTATION_STYLE_ASSIGNMENT((#6922));
#6578=PRESENTATION_STYLE_ASSIGNMENT((#6923));
#6579=PRESENTATION_STYLE_ASSIGNMENT((#6924));
#6580=PRESENTATION_STYLE_ASSIGNMENT((#6925));
#6581=PRESENTATION_STYLE_ASSIGNMENT((#6926));
#6582=PRESENTATION_STYLE_ASSIGNMENT((#6927));
#6583=PRESENTATION_STYLE_ASSIGNMENT((#6928));
#6584=PRESENTATION_STYLE_ASSIGNMENT((#6929));
#6585=PRESENTATION_STYLE_ASSIGNMENT((#6930));
#6586=PRESENTATION_STYLE_ASSIGNMENT((#6931));
#6587=PRESENTATION_STYLE_ASSIGNMENT((#6932));
#6588=PRESENTATION_STYLE_ASSIGNMENT((#6933));
#6589=PRESENTATION_STYLE_ASSIGNMENT((#6934));
#6590=PRESENTATION_STYLE_ASSIGNMENT((#6935));
#6591=PRESENTATION_STYLE_ASSIGNMENT((#6936));
#6592=PRESENTATION_STYLE_ASSIGNMENT((#6937));
#6593=PRESENTATION_STYLE_ASSIGNMENT((#6938));
#6594=PRESENTATION_STYLE_ASSIGNMENT((#6939));
#6595=PRESENTATION_STYLE_ASSIGNMENT((#6940));
#6596=PRESENTATION_STYLE_ASSIGNMENT((#6941));
#6597=PRESENTATION_STYLE_ASSIGNMENT((#6942));
#6598=PRESENTATION_STYLE_ASSIGNMENT((#6943));
#6599=PRESENTATION_STYLE_ASSIGNMENT((#6944));
#6600=PRESENTATION_STYLE_ASSIGNMENT((#6945));
#6601=PRESENTATION_STYLE_ASSIGNMENT((#6946));
#6602=PRESENTATION_STYLE_ASSIGNMENT((#6947));
#6603=PRESENTATION_STYLE_ASSIGNMENT((#6948));
#6604=PRESENTATION_STYLE_ASSIGNMENT((#6949));
#6605=PRESENTATION_STYLE_ASSIGNMENT((#6950));
#6606=PRESENTATION_STYLE_ASSIGNMENT((#6951));
#6607=PRESENTATION_STYLE_ASSIGNMENT((#6952));
#6608=PRESENTATION_STYLE_ASSIGNMENT((#6953));
#6609=PRESENTATION_STYLE_ASSIGNMENT((#6954));
#6610=PRESENTATION_STYLE_ASSIGNMENT((#6955));
#6611=PRESENTATION_STYLE_ASSIGNMENT((#6956));
#6612=PRESENTATION_STYLE_ASSIGNMENT((#6957));
#6613=PRESENTATION_STYLE_ASSIGNMENT((#6958));
#6614=PRESENTATION_STYLE_ASSIGNMENT((#6959));
#6615=PRESENTATION_STYLE_ASSIGNMENT((#6960));
#6616=PRESENTATION_STYLE_ASSIGNMENT((#6961));
#6617=PRESENTATION_STYLE_ASSIGNMENT((#6962));
#6618=PRESENTATION_STYLE_ASSIGNMENT((#6963));
#6619=PRESENTATION_STYLE_ASSIGNMENT((#6964));
#6620=PRESENTATION_STYLE_ASSIGNMENT((#6965));
#6621=PRESENTATION_STYLE_ASSIGNMENT((#6966));
#6622=PRESENTATION_STYLE_ASSIGNMENT((#6967));
#6623=PRESENTATION_STYLE_ASSIGNMENT((#6968));
#6624=PRESENTATION_STYLE_ASSIGNMENT((#6969));
#6625=PRESENTATION_STYLE_ASSIGNMENT((#6970));
#6626=PRESENTATION_STYLE_ASSIGNMENT((#6971));
#6627=PRESENTATION_STYLE_ASSIGNMENT((#6972));
#6628=PRESENTATION_STYLE_ASSIGNMENT((#6973));
#6629=PRESENTATION_STYLE_ASSIGNMENT((#6974));
#6630=PRESENTATION_STYLE_ASSIGNMENT((#6975));
#6631=PRESENTATION_STYLE_ASSIGNMENT((#6976));
#6632=PRESENTATION_STYLE_ASSIGNMENT((#6977));
#6633=PRESENTATION_STYLE_ASSIGNMENT((#6978));
#6634=PRESENTATION_STYLE_ASSIGNMENT((#6979));
#6635=PRESENTATION_STYLE_ASSIGNMENT((#6980));
#6636=PRESENTATION_STYLE_ASSIGNMENT((#6981));
#6637=PRESENTATION_STYLE_ASSIGNMENT((#6982));
#6638=PRESENTATION_STYLE_ASSIGNMENT((#6983));
#6639=PRESENTATION_STYLE_ASSIGNMENT((#6984));
#6640=PRESENTATION_STYLE_ASSIGNMENT((#6985));
#6641=PRESENTATION_STYLE_ASSIGNMENT((#6986));
#6642=PRESENTATION_STYLE_ASSIGNMENT((#6987));
#6643=PRESENTATION_STYLE_ASSIGNMENT((#6988));
#6644=PRESENTATION_STYLE_ASSIGNMENT((#6989));
#6645=PRESENTATION_STYLE_ASSIGNMENT((#6990));
#6646=PRESENTATION_STYLE_ASSIGNMENT((#6991));
#6647=PRESENTATION_STYLE_ASSIGNMENT((#6992));
#6648=PRESENTATION_STYLE_ASSIGNMENT((#6993));
#6649=PRESENTATION_STYLE_ASSIGNMENT((#6994));
#6650=PRESENTATION_STYLE_ASSIGNMENT((#6995));
#6651=PRESENTATION_STYLE_ASSIGNMENT((#6996));
#6652=PRESENTATION_STYLE_ASSIGNMENT((#6997));
#6653=PRESENTATION_STYLE_ASSIGNMENT((#6998));
#6654=PRESENTATION_STYLE_ASSIGNMENT((#6999));
#6655=PRESENTATION_STYLE_ASSIGNMENT((#7000));
#6656=PRESENTATION_STYLE_ASSIGNMENT((#7001));
#6657=PRESENTATION_STYLE_ASSIGNMENT((#7002));
#6658=PRESENTATION_STYLE_ASSIGNMENT((#7003));
#6659=PRESENTATION_STYLE_ASSIGNMENT((#7004));
#6660=PRESENTATION_STYLE_ASSIGNMENT((#7005));
#6661=PRESENTATION_STYLE_ASSIGNMENT((#7006));
#6662=PRESENTATION_STYLE_ASSIGNMENT((#7007));
#6663=PRESENTATION_STYLE_ASSIGNMENT((#7008));
#6664=PRESENTATION_STYLE_ASSIGNMENT((#7009));
#6665=PRESENTATION_STYLE_ASSIGNMENT((#7010));
#6666=PRESENTATION_STYLE_ASSIGNMENT((#7011));
#6667=PRESENTATION_STYLE_ASSIGNMENT((#7012));
#6668=PRESENTATION_STYLE_ASSIGNMENT((#7013));
#6669=PRESENTATION_STYLE_ASSIGNMENT((#7014));
#6670=PRESENTATION_STYLE_ASSIGNMENT((#7015));
#6671=PRESENTATION_STYLE_ASSIGNMENT((#7016));
#6672=PRESENTATION_STYLE_ASSIGNMENT((#7017));
#6673=PRESENTATION_STYLE_ASSIGNMENT((#7018));
#6674=PRESENTATION_STYLE_ASSIGNMENT((#7019));
#6675=PRESENTATION_STYLE_ASSIGNMENT((#7020));
#6676=PRESENTATION_STYLE_ASSIGNMENT((#7021));
#6677=PRESENTATION_STYLE_ASSIGNMENT((#7022));
#6678=PRESENTATION_STYLE_ASSIGNMENT((#7023));
#6679=PRESENTATION_STYLE_ASSIGNMENT((#7024));
#6680=PRESENTATION_STYLE_ASSIGNMENT((#7025));
#6681=PRESENTATION_STYLE_ASSIGNMENT((#7026));
#6682=PRESENTATION_STYLE_ASSIGNMENT((#7027));
#6683=PRESENTATION_STYLE_ASSIGNMENT((#7028));
#6684=PRESENTATION_STYLE_ASSIGNMENT((#7029));
#6685=PRESENTATION_STYLE_ASSIGNMENT((#7030));
#6686=PRESENTATION_STYLE_ASSIGNMENT((#7031));
#6687=PRESENTATION_STYLE_ASSIGNMENT((#7032));
#6688=PRESENTATION_STYLE_ASSIGNMENT((#7033));
#6689=PRESENTATION_STYLE_ASSIGNMENT((#7034));
#6690=PRESENTATION_STYLE_ASSIGNMENT((#7035));
#6691=PRESENTATION_STYLE_ASSIGNMENT((#7036));
#6692=PRESENTATION_STYLE_ASSIGNMENT((#7037));
#6693=PRESENTATION_STYLE_ASSIGNMENT((#7038));
#6694=PRESENTATION_STYLE_ASSIGNMENT((#7039));
#6695=PRESENTATION_STYLE_ASSIGNMENT((#7040));
#6696=PRESENTATION_STYLE_ASSIGNMENT((#7041));
#6697=PRESENTATION_STYLE_ASSIGNMENT((#7042));
#6698=PRESENTATION_STYLE_ASSIGNMENT((#7043));
#6699=PRESENTATION_STYLE_ASSIGNMENT((#7044));
#6700=PRESENTATION_STYLE_ASSIGNMENT((#7045));
#6701=PRESENTATION_STYLE_ASSIGNMENT((#7046));
#6702=PRESENTATION_STYLE_ASSIGNMENT((#7047));
#6703=PRESENTATION_STYLE_ASSIGNMENT((#7048));
#6704=PRESENTATION_STYLE_ASSIGNMENT((#7049));
#6705=PRESENTATION_STYLE_ASSIGNMENT((#7050));
#6706=PRESENTATION_STYLE_ASSIGNMENT((#7051));
#6707=PRESENTATION_STYLE_ASSIGNMENT((#7052));
#6708=PRESENTATION_STYLE_ASSIGNMENT((#7053));
#6709=PRESENTATION_STYLE_ASSIGNMENT((#7054));
#6710=PRESENTATION_STYLE_ASSIGNMENT((#7055));
#6711=PRESENTATION_STYLE_ASSIGNMENT((#7056));
#6712=PRESENTATION_STYLE_ASSIGNMENT((#7057));
#6713=PRESENTATION_STYLE_ASSIGNMENT((#7058));
#6714=PRESENTATION_STYLE_ASSIGNMENT((#7059));
#6715=PRESENTATION_STYLE_ASSIGNMENT((#7060));
#6716=PRESENTATION_STYLE_ASSIGNMENT((#7061));
#6717=PRESENTATION_STYLE_ASSIGNMENT((#7062));
#6718=PRESENTATION_STYLE_ASSIGNMENT((#7063));
#6719=PRESENTATION_STYLE_ASSIGNMENT((#7064));
#6720=PRESENTATION_STYLE_ASSIGNMENT((#7065));
#6721=PRESENTATION_STYLE_ASSIGNMENT((#7066));
#6722=PRESENTATION_STYLE_ASSIGNMENT((#7067));
#6723=PRESENTATION_STYLE_ASSIGNMENT((#7068));
#6724=PRESENTATION_STYLE_ASSIGNMENT((#7069));
#6725=PRESENTATION_STYLE_ASSIGNMENT((#7070));
#6726=PRESENTATION_STYLE_ASSIGNMENT((#7071));
#6727=PRESENTATION_STYLE_ASSIGNMENT((#7072));
#6728=PRESENTATION_STYLE_ASSIGNMENT((#7073));
#6729=PRESENTATION_STYLE_ASSIGNMENT((#7074));
#6730=PRESENTATION_STYLE_ASSIGNMENT((#7075));
#6731=PRESENTATION_STYLE_ASSIGNMENT((#7076));
#6732=PRESENTATION_STYLE_ASSIGNMENT((#7077));
#6733=PRESENTATION_STYLE_ASSIGNMENT((#7078));
#6734=PRESENTATION_STYLE_ASSIGNMENT((#7079));
#6735=PRESENTATION_STYLE_ASSIGNMENT((#7080));
#6736=PRESENTATION_STYLE_ASSIGNMENT((#7081));
#6737=PRESENTATION_STYLE_ASSIGNMENT((#7082));
#6738=PRESENTATION_STYLE_ASSIGNMENT((#7083));
#6739=PRESENTATION_STYLE_ASSIGNMENT((#7084));
#6740=PRESENTATION_STYLE_ASSIGNMENT((#7085));
#6741=PRESENTATION_STYLE_ASSIGNMENT((#7086));
#6742=PRESENTATION_STYLE_ASSIGNMENT((#7087));
#6743=PRESENTATION_STYLE_ASSIGNMENT((#7088));
#6744=PRESENTATION_STYLE_ASSIGNMENT((#7089));
#6745=PRESENTATION_STYLE_ASSIGNMENT((#7090));
#6746=PRESENTATION_STYLE_ASSIGNMENT((#7091));
#6747=PRESENTATION_STYLE_ASSIGNMENT((#7092));
#6748=PRESENTATION_STYLE_ASSIGNMENT((#7093));
#6749=PRESENTATION_STYLE_ASSIGNMENT((#7094));
#6750=PRESENTATION_STYLE_ASSIGNMENT((#7095));
#6751=PRESENTATION_STYLE_ASSIGNMENT((#7096));
#6752=PRESENTATION_STYLE_ASSIGNMENT((#7097));
#6753=PRESENTATION_STYLE_ASSIGNMENT((#7098));
#6754=PRESENTATION_STYLE_ASSIGNMENT((#7099));
#6755=PRESENTATION_STYLE_ASSIGNMENT((#7100));
#6756=PRESENTATION_STYLE_ASSIGNMENT((#7101));
#6757=PRESENTATION_STYLE_ASSIGNMENT((#7102));
#6758=PRESENTATION_STYLE_ASSIGNMENT((#7103));
#6759=SURFACE_STYLE_USAGE(.BOTH.,#7104);
#6760=SURFACE_STYLE_USAGE(.BOTH.,#7105);
#6761=SURFACE_STYLE_USAGE(.BOTH.,#7106);
#6762=SURFACE_STYLE_USAGE(.BOTH.,#7107);
#6763=SURFACE_STYLE_USAGE(.BOTH.,#7108);
#6764=SURFACE_STYLE_USAGE(.BOTH.,#7109);
#6765=SURFACE_STYLE_USAGE(.BOTH.,#7110);
#6766=SURFACE_STYLE_USAGE(.BOTH.,#7111);
#6767=SURFACE_STYLE_USAGE(.BOTH.,#7112);
#6768=SURFACE_STYLE_USAGE(.BOTH.,#7113);
#6769=SURFACE_STYLE_USAGE(.BOTH.,#7114);
#6770=SURFACE_STYLE_USAGE(.BOTH.,#7115);
#6771=SURFACE_STYLE_USAGE(.BOTH.,#7116);
#6772=SURFACE_STYLE_USAGE(.BOTH.,#7117);
#6773=SURFACE_STYLE_USAGE(.BOTH.,#7118);
#6774=SURFACE_STYLE_USAGE(.BOTH.,#7119);
#6775=SURFACE_STYLE_USAGE(.BOTH.,#7120);
#6776=SURFACE_STYLE_USAGE(.BOTH.,#7121);
#6777=SURFACE_STYLE_USAGE(.BOTH.,#7122);
#6778=SURFACE_STYLE_USAGE(.BOTH.,#7123);
#6779=SURFACE_STYLE_USAGE(.BOTH.,#7124);
#6780=SURFACE_STYLE_USAGE(.BOTH.,#7125);
#6781=SURFACE_STYLE_USAGE(.BOTH.,#7126);
#6782=SURFACE_STYLE_USAGE(.BOTH.,#7127);
#6783=SURFACE_STYLE_USAGE(.BOTH.,#7128);
#6784=SURFACE_STYLE_USAGE(.BOTH.,#7129);
#6785=SURFACE_STYLE_USAGE(.BOTH.,#7130);
#6786=SURFACE_STYLE_USAGE(.BOTH.,#7131);
#6787=SURFACE_STYLE_USAGE(.BOTH.,#7132);
#6788=SURFACE_STYLE_USAGE(.BOTH.,#7133);
#6789=SURFACE_STYLE_USAGE(.BOTH.,#7134);
#6790=SURFACE_STYLE_USAGE(.BOTH.,#7135);
#6791=SURFACE_STYLE_USAGE(.BOTH.,#7136);
#6792=SURFACE_STYLE_USAGE(.BOTH.,#7137);
#6793=SURFACE_STYLE_USAGE(.BOTH.,#7138);
#6794=SURFACE_STYLE_USAGE(.BOTH.,#7139);
#6795=SURFACE_STYLE_USAGE(.BOTH.,#7140);
#6796=SURFACE_STYLE_USAGE(.BOTH.,#7141);
#6797=SURFACE_STYLE_USAGE(.BOTH.,#7142);
#6798=SURFACE_STYLE_USAGE(.BOTH.,#7143);
#6799=SURFACE_STYLE_USAGE(.BOTH.,#7144);
#6800=SURFACE_STYLE_USAGE(.BOTH.,#7145);
#6801=SURFACE_STYLE_USAGE(.BOTH.,#7146);
#6802=SURFACE_STYLE_USAGE(.BOTH.,#7147);
#6803=SURFACE_STYLE_USAGE(.BOTH.,#7148);
#6804=SURFACE_STYLE_USAGE(.BOTH.,#7149);
#6805=SURFACE_STYLE_USAGE(.BOTH.,#7150);
#6806=SURFACE_STYLE_USAGE(.BOTH.,#7151);
#6807=SURFACE_STYLE_USAGE(.BOTH.,#7152);
#6808=SURFACE_STYLE_USAGE(.BOTH.,#7153);
#6809=SURFACE_STYLE_USAGE(.BOTH.,#7154);
#6810=SURFACE_STYLE_USAGE(.BOTH.,#7155);
#6811=SURFACE_STYLE_USAGE(.BOTH.,#7156);
#6812=SURFACE_STYLE_USAGE(.BOTH.,#7157);
#6813=SURFACE_STYLE_USAGE(.BOTH.,#7158);
#6814=SURFACE_STYLE_USAGE(.BOTH.,#7159);
#6815=SURFACE_STYLE_USAGE(.BOTH.,#7160);
#6816=SURFACE_STYLE_USAGE(.BOTH.,#7161);
#6817=SURFACE_STYLE_USAGE(.BOTH.,#7162);
#6818=SURFACE_STYLE_USAGE(.BOTH.,#7163);
#6819=SURFACE_STYLE_USAGE(.BOTH.,#7164);
#6820=SURFACE_STYLE_USAGE(.BOTH.,#7165);
#6821=SURFACE_STYLE_USAGE(.BOTH.,#7166);
#6822=SURFACE_STYLE_USAGE(.BOTH.,#7167);
#6823=SURFACE_STYLE_USAGE(.BOTH.,#7168);
#6824=SURFACE_STYLE_USAGE(.BOTH.,#7169);
#6825=SURFACE_STYLE_USAGE(.BOTH.,#7170);
#6826=SURFACE_STYLE_USAGE(.BOTH.,#7171);
#6827=SURFACE_STYLE_USAGE(.BOTH.,#7172);
#6828=SURFACE_STYLE_USAGE(.BOTH.,#7173);
#6829=SURFACE_STYLE_USAGE(.BOTH.,#7174);
#6830=SURFACE_STYLE_USAGE(.BOTH.,#7175);
#6831=SURFACE_STYLE_USAGE(.BOTH.,#7176);
#6832=SURFACE_STYLE_USAGE(.BOTH.,#7177);
#6833=SURFACE_STYLE_USAGE(.BOTH.,#7178);
#6834=SURFACE_STYLE_USAGE(.BOTH.,#7179);
#6835=SURFACE_STYLE_USAGE(.BOTH.,#7180);
#6836=SURFACE_STYLE_USAGE(.BOTH.,#7181);
#6837=SURFACE_STYLE_USAGE(.BOTH.,#7182);
#6838=SURFACE_STYLE_USAGE(.BOTH.,#7183);
#6839=SURFACE_STYLE_USAGE(.BOTH.,#7184);
#6840=SURFACE_STYLE_USAGE(.BOTH.,#7185);
#6841=SURFACE_STYLE_USAGE(.BOTH.,#7186);
#6842=SURFACE_STYLE_USAGE(.BOTH.,#7187);
#6843=SURFACE_STYLE_USAGE(.BOTH.,#7188);
#6844=SURFACE_STYLE_USAGE(.BOTH.,#7189);
#6845=SURFACE_STYLE_USAGE(.BOTH.,#7190);
#6846=SURFACE_STYLE_USAGE(.BOTH.,#7191);
#6847=SURFACE_STYLE_USAGE(.BOTH.,#7192);
#6848=SURFACE_STYLE_USAGE(.BOTH.,#7193);
#6849=SURFACE_STYLE_USAGE(.BOTH.,#7194);
#6850=SURFACE_STYLE_USAGE(.BOTH.,#7195);
#6851=SURFACE_STYLE_USAGE(.BOTH.,#7196);
#6852=SURFACE_STYLE_USAGE(.BOTH.,#7197);
#6853=SURFACE_STYLE_USAGE(.BOTH.,#7198);
#6854=SURFACE_STYLE_USAGE(.BOTH.,#7199);
#6855=SURFACE_STYLE_USAGE(.BOTH.,#7200);
#6856=SURFACE_STYLE_USAGE(.BOTH.,#7201);
#6857=SURFACE_STYLE_USAGE(.BOTH.,#7202);
#6858=SURFACE_STYLE_USAGE(.BOTH.,#7203);
#6859=SURFACE_STYLE_USAGE(.BOTH.,#7204);
#6860=SURFACE_STYLE_USAGE(.BOTH.,#7205);
#6861=SURFACE_STYLE_USAGE(.BOTH.,#7206);
#6862=SURFACE_STYLE_USAGE(.BOTH.,#7207);
#6863=SURFACE_STYLE_USAGE(.BOTH.,#7208);
#6864=SURFACE_STYLE_USAGE(.BOTH.,#7209);
#6865=SURFACE_STYLE_USAGE(.BOTH.,#7210);
#6866=SURFACE_STYLE_USAGE(.BOTH.,#7211);
#6867=SURFACE_STYLE_USAGE(.BOTH.,#7212);
#6868=SURFACE_STYLE_USAGE(.BOTH.,#7213);
#6869=SURFACE_STYLE_USAGE(.BOTH.,#7214);
#6870=SURFACE_STYLE_USAGE(.BOTH.,#7215);
#6871=SURFACE_STYLE_USAGE(.BOTH.,#7216);
#6872=SURFACE_STYLE_USAGE(.BOTH.,#7217);
#6873=SURFACE_STYLE_USAGE(.BOTH.,#7218);
#6874=SURFACE_STYLE_USAGE(.BOTH.,#7219);
#6875=SURFACE_STYLE_USAGE(.BOTH.,#7220);
#6876=SURFACE_STYLE_USAGE(.BOTH.,#7221);
#6877=SURFACE_STYLE_USAGE(.BOTH.,#7222);
#6878=SURFACE_STYLE_USAGE(.BOTH.,#7223);
#6879=SURFACE_STYLE_USAGE(.BOTH.,#7224);
#6880=SURFACE_STYLE_USAGE(.BOTH.,#7225);
#6881=SURFACE_STYLE_USAGE(.BOTH.,#7226);
#6882=SURFACE_STYLE_USAGE(.BOTH.,#7227);
#6883=SURFACE_STYLE_USAGE(.BOTH.,#7228);
#6884=SURFACE_STYLE_USAGE(.BOTH.,#7229);
#6885=SURFACE_STYLE_USAGE(.BOTH.,#7230);
#6886=SURFACE_STYLE_USAGE(.BOTH.,#7231);
#6887=SURFACE_STYLE_USAGE(.BOTH.,#7232);
#6888=SURFACE_STYLE_USAGE(.BOTH.,#7233);
#6889=SURFACE_STYLE_USAGE(.BOTH.,#7234);
#6890=SURFACE_STYLE_USAGE(.BOTH.,#7235);
#6891=SURFACE_STYLE_USAGE(.BOTH.,#7236);
#6892=SURFACE_STYLE_USAGE(.BOTH.,#7237);
#6893=SURFACE_STYLE_USAGE(.BOTH.,#7238);
#6894=SURFACE_STYLE_USAGE(.BOTH.,#7239);
#6895=SURFACE_STYLE_USAGE(.BOTH.,#7240);
#6896=SURFACE_STYLE_USAGE(.BOTH.,#7241);
#6897=SURFACE_STYLE_USAGE(.BOTH.,#7242);
#6898=SURFACE_STYLE_USAGE(.BOTH.,#7243);
#6899=SURFACE_STYLE_USAGE(.BOTH.,#7244);
#6900=SURFACE_STYLE_USAGE(.BOTH.,#7245);
#6901=SURFACE_STYLE_USAGE(.BOTH.,#7246);
#6902=SURFACE_STYLE_USAGE(.BOTH.,#7247);
#6903=SURFACE_STYLE_USAGE(.BOTH.,#7248);
#6904=SURFACE_STYLE_USAGE(.BOTH.,#7249);
#6905=SURFACE_STYLE_USAGE(.BOTH.,#7250);
#6906=SURFACE_STYLE_USAGE(.BOTH.,#7251);
#6907=SURFACE_STYLE_USAGE(.BOTH.,#7252);
#6908=SURFACE_STYLE_USAGE(.BOTH.,#7253);
#6909=SURFACE_STYLE_USAGE(.BOTH.,#7254);
#6910=SURFACE_STYLE_USAGE(.BOTH.,#7255);
#6911=SURFACE_STYLE_USAGE(.BOTH.,#7256);
#6912=SURFACE_STYLE_USAGE(.BOTH.,#7257);
#6913=SURFACE_STYLE_USAGE(.BOTH.,#7258);
#6914=SURFACE_STYLE_USAGE(.BOTH.,#7259);
#6915=SURFACE_STYLE_USAGE(.BOTH.,#7260);
#6916=SURFACE_STYLE_USAGE(.BOTH.,#7261);
#6917=SURFACE_STYLE_USAGE(.BOTH.,#7262);
#6918=SURFACE_STYLE_USAGE(.BOTH.,#7263);
#6919=SURFACE_STYLE_USAGE(.BOTH.,#7264);
#6920=SURFACE_STYLE_USAGE(.BOTH.,#7265);
#6921=SURFACE_STYLE_USAGE(.BOTH.,#7266);
#6922=SURFACE_STYLE_USAGE(.BOTH.,#7267);
#6923=SURFACE_STYLE_USAGE(.BOTH.,#7268);
#6924=SURFACE_STYLE_USAGE(.BOTH.,#7269);
#6925=SURFACE_STYLE_USAGE(.BOTH.,#7270);
#6926=SURFACE_STYLE_USAGE(.BOTH.,#7271);
#6927=SURFACE_STYLE_USAGE(.BOTH.,#7272);
#6928=SURFACE_STYLE_USAGE(.BOTH.,#7273);
#6929=SURFACE_STYLE_USAGE(.BOTH.,#7274);
#6930=SURFACE_STYLE_USAGE(.BOTH.,#7275);
#6931=SURFACE_STYLE_USAGE(.BOTH.,#7276);
#6932=SURFACE_STYLE_USAGE(.BOTH.,#7277);
#6933=SURFACE_STYLE_USAGE(.BOTH.,#7278);
#6934=SURFACE_STYLE_USAGE(.BOTH.,#7279);
#6935=SURFACE_STYLE_USAGE(.BOTH.,#7280);
#6936=SURFACE_STYLE_USAGE(.BOTH.,#7281);
#6937=SURFACE_STYLE_USAGE(.BOTH.,#7282);
#6938=SURFACE_STYLE_USAGE(.BOTH.,#7283);
#6939=SURFACE_STYLE_USAGE(.BOTH.,#7284);
#6940=SURFACE_STYLE_USAGE(.BOTH.,#7285);
#6941=SURFACE_STYLE_USAGE(.BOTH.,#7286);
#6942=SURFACE_STYLE_USAGE(.BOTH.,#7287);
#6943=SURFACE_STYLE_USAGE(.BOTH.,#7288);
#6944=SURFACE_STYLE_USAGE(.BOTH.,#7289);
#6945=SURFACE_STYLE_USAGE(.BOTH.,#7290);
#6946=SURFACE_STYLE_USAGE(.BOTH.,#7291);
#6947=SURFACE_STYLE_USAGE(.BOTH.,#7292);
#6948=SURFACE_STYLE_USAGE(.BOTH.,#7293);
#6949=SURFACE_STYLE_USAGE(.BOTH.,#7294);
#6950=SURFACE_STYLE_USAGE(.BOTH.,#7295);
#6951=SURFACE_STYLE_USAGE(.BOTH.,#7296);
#6952=SURFACE_STYLE_USAGE(.BOTH.,#7297);
#6953=SURFACE_STYLE_USAGE(.BOTH.,#7298);
#6954=SURFACE_STYLE_USAGE(.BOTH.,#7299);
#6955=SURFACE_STYLE_USAGE(.BOTH.,#7300);
#6956=SURFACE_STYLE_USAGE(.BOTH.,#7301);
#6957=SURFACE_STYLE_USAGE(.BOTH.,#7302);
#6958=SURFACE_STYLE_USAGE(.BOTH.,#7303);
#6959=SURFACE_STYLE_USAGE(.BOTH.,#7304);
#6960=SURFACE_STYLE_USAGE(.BOTH.,#7305);
#6961=SURFACE_STYLE_USAGE(.BOTH.,#7306);
#6962=SURFACE_STYLE_USAGE(.BOTH.,#7307);
#6963=SURFACE_STYLE_USAGE(.BOTH.,#7308);
#6964=SURFACE_STYLE_USAGE(.BOTH.,#7309);
#6965=SURFACE_STYLE_USAGE(.BOTH.,#7310);
#6966=SURFACE_STYLE_USAGE(.BOTH.,#7311);
#6967=SURFACE_STYLE_USAGE(.BOTH.,#7312);
#6968=SURFACE_STYLE_USAGE(.BOTH.,#7313);
#6969=SURFACE_STYLE_USAGE(.BOTH.,#7314);
#6970=SURFACE_STYLE_USAGE(.BOTH.,#7315);
#6971=SURFACE_STYLE_USAGE(.BOTH.,#7316);
#6972=SURFACE_STYLE_USAGE(.BOTH.,#7317);
#6973=SURFACE_STYLE_USAGE(.BOTH.,#7318);
#6974=SURFACE_STYLE_USAGE(.BOTH.,#7319);
#6975=SURFACE_STYLE_USAGE(.BOTH.,#7320);
#6976=SURFACE_STYLE_USAGE(.BOTH.,#7321);
#6977=SURFACE_STYLE_USAGE(.BOTH.,#7322);
#6978=SURFACE_STYLE_USAGE(.BOTH.,#7323);
#6979=SURFACE_STYLE_USAGE(.BOTH.,#7324);
#6980=SURFACE_STYLE_USAGE(.BOTH.,#7325);
#6981=SURFACE_STYLE_USAGE(.BOTH.,#7326);
#6982=SURFACE_STYLE_USAGE(.BOTH.,#7327);
#6983=SURFACE_STYLE_USAGE(.BOTH.,#7328);
#6984=SURFACE_STYLE_USAGE(.BOTH.,#7329);
#6985=SURFACE_STYLE_USAGE(.BOTH.,#7330);
#6986=SURFACE_STYLE_USAGE(.BOTH.,#7331);
#6987=SURFACE_STYLE_USAGE(.BOTH.,#7332);
#6988=SURFACE_STYLE_USAGE(.BOTH.,#7333);
#6989=SURFACE_STYLE_USAGE(.BOTH.,#7334);
#6990=SURFACE_STYLE_USAGE(.BOTH.,#7335);
#6991=SURFACE_STYLE_USAGE(.BOTH.,#7336);
#6992=SURFACE_STYLE_USAGE(.BOTH.,#7337);
#6993=SURFACE_STYLE_USAGE(.BOTH.,#7338);
#6994=SURFACE_STYLE_USAGE(.BOTH.,#7339);
#6995=SURFACE_STYLE_USAGE(.BOTH.,#7340);
#6996=SURFACE_STYLE_USAGE(.BOTH.,#7341);
#6997=SURFACE_STYLE_USAGE(.BOTH.,#7342);
#6998=SURFACE_STYLE_USAGE(.BOTH.,#7343);
#6999=SURFACE_STYLE_USAGE(.BOTH.,#7344);
#7000=SURFACE_STYLE_USAGE(.BOTH.,#7345);
#7001=SURFACE_STYLE_USAGE(.BOTH.,#7346);
#7002=SURFACE_STYLE_USAGE(.BOTH.,#7347);
#7003=SURFACE_STYLE_USAGE(.BOTH.,#7348);
#7004=SURFACE_STYLE_USAGE(.BOTH.,#7349);
#7005=SURFACE_STYLE_USAGE(.BOTH.,#7350);
#7006=SURFACE_STYLE_USAGE(.BOTH.,#7351);
#7007=SURFACE_STYLE_USAGE(.BOTH.,#7352);
#7008=SURFACE_STYLE_USAGE(.BOTH.,#7353);
#7009=SURFACE_STYLE_USAGE(.BOTH.,#7354);
#7010=SURFACE_STYLE_USAGE(.BOTH.,#7355);
#7011=SURFACE_STYLE_USAGE(.BOTH.,#7356);
#7012=SURFACE_STYLE_USAGE(.BOTH.,#7357);
#7013=SURFACE_STYLE_USAGE(.BOTH.,#7358);
#7014=SURFACE_STYLE_USAGE(.BOTH.,#7359);
#7015=SURFACE_STYLE_USAGE(.BOTH.,#7360);
#7016=SURFACE_STYLE_USAGE(.BOTH.,#7361);
#7017=SURFACE_STYLE_USAGE(.BOTH.,#7362);
#7018=SURFACE_STYLE_USAGE(.BOTH.,#7363);
#7019=SURFACE_STYLE_USAGE(.BOTH.,#7364);
#7020=SURFACE_STYLE_USAGE(.BOTH.,#7365);
#7021=SURFACE_STYLE_USAGE(.BOTH.,#7366);
#7022=SURFACE_STYLE_USAGE(.BOTH.,#7367);
#7023=SURFACE_STYLE_USAGE(.BOTH.,#7368);
#7024=SURFACE_STYLE_USAGE(.BOTH.,#7369);
#7025=SURFACE_STYLE_USAGE(.BOTH.,#7370);
#7026=SURFACE_STYLE_USAGE(.BOTH.,#7371);
#7027=SURFACE_STYLE_USAGE(.BOTH.,#7372);
#7028=SURFACE_STYLE_USAGE(.BOTH.,#7373);
#7029=SURFACE_STYLE_USAGE(.BOTH.,#7374);
#7030=SURFACE_STYLE_USAGE(.BOTH.,#7375);
#7031=SURFACE_STYLE_USAGE(.BOTH.,#7376);
#7032=SURFACE_STYLE_USAGE(.BOTH.,#7377);
#7033=SURFACE_STYLE_USAGE(.BOTH.,#7378);
#7034=SURFACE_STYLE_USAGE(.BOTH.,#7379);
#7035=SURFACE_STYLE_USAGE(.BOTH.,#7380);
#7036=SURFACE_STYLE_USAGE(.BOTH.,#7381);
#7037=SURFACE_STYLE_USAGE(.BOTH.,#7382);
#7038=SURFACE_STYLE_USAGE(.BOTH.,#7383);
#7039=SURFACE_STYLE_USAGE(.BOTH.,#7384);
#7040=SURFACE_STYLE_USAGE(.BOTH.,#7385);
#7041=SURFACE_STYLE_USAGE(.BOTH.,#7386);
#7042=SURFACE_STYLE_USAGE(.BOTH.,#7387);
#7043=SURFACE_STYLE_USAGE(.BOTH.,#7388);
#7044=SURFACE_STYLE_USAGE(.BOTH.,#7389);
#7045=SURFACE_STYLE_USAGE(.BOTH.,#7390);
#7046=SURFACE_STYLE_USAGE(.BOTH.,#7391);
#7047=SURFACE_STYLE_USAGE(.BOTH.,#7392);
#7048=SURFACE_STYLE_USAGE(.BOTH.,#7393);
#7049=SURFACE_STYLE_USAGE(.BOTH.,#7394);
#7050=SURFACE_STYLE_USAGE(.BOTH.,#7395);
#7051=SURFACE_STYLE_USAGE(.BOTH.,#7396);
#7052=SURFACE_STYLE_USAGE(.BOTH.,#7397);
#7053=SURFACE_STYLE_USAGE(.BOTH.,#7398);
#7054=SURFACE_STYLE_USAGE(.BOTH.,#7399);
#7055=SURFACE_STYLE_USAGE(.BOTH.,#7400);
#7056=SURFACE_STYLE_USAGE(.BOTH.,#7401);
#7057=SURFACE_STYLE_USAGE(.BOTH.,#7402);
#7058=SURFACE_STYLE_USAGE(.BOTH.,#7403);
#7059=SURFACE_STYLE_USAGE(.BOTH.,#7404);
#7060=SURFACE_STYLE_USAGE(.BOTH.,#7405);
#7061=SURFACE_STYLE_USAGE(.BOTH.,#7406);
#7062=SURFACE_STYLE_USAGE(.BOTH.,#7407);
#7063=SURFACE_STYLE_USAGE(.BOTH.,#7408);
#7064=SURFACE_STYLE_USAGE(.BOTH.,#7409);
#7065=SURFACE_STYLE_USAGE(.BOTH.,#7410);
#7066=SURFACE_STYLE_USAGE(.BOTH.,#7411);
#7067=SURFACE_STYLE_USAGE(.BOTH.,#7412);
#7068=SURFACE_STYLE_USAGE(.BOTH.,#7413);
#7069=SURFACE_STYLE_USAGE(.BOTH.,#7414);
#7070=SURFACE_STYLE_USAGE(.BOTH.,#7415);
#7071=SURFACE_STYLE_USAGE(.BOTH.,#7416);
#7072=SURFACE_STYLE_USAGE(.BOTH.,#7417);
#7073=SURFACE_STYLE_USAGE(.BOTH.,#7418);
#7074=SURFACE_STYLE_USAGE(.BOTH.,#7419);
#7075=SURFACE_STYLE_USAGE(.BOTH.,#7420);
#7076=SURFACE_STYLE_USAGE(.BOTH.,#7421);
#7077=SURFACE_STYLE_USAGE(.BOTH.,#7422);
#7078=SURFACE_STYLE_USAGE(.BOTH.,#7423);
#7079=SURFACE_STYLE_USAGE(.BOTH.,#7424);
#7080=SURFACE_STYLE_USAGE(.BOTH.,#7425);
#7081=SURFACE_STYLE_USAGE(.BOTH.,#7426);
#7082=SURFACE_STYLE_USAGE(.BOTH.,#7427);
#7083=SURFACE_STYLE_USAGE(.BOTH.,#7428);
#7084=SURFACE_STYLE_USAGE(.BOTH.,#7429);
#7085=SURFACE_STYLE_USAGE(.BOTH.,#7430);
#7086=SURFACE_STYLE_USAGE(.BOTH.,#7431);
#7087=SURFACE_STYLE_USAGE(.BOTH.,#7432);
#7088=SURFACE_STYLE_USAGE(.BOTH.,#7433);
#7089=SURFACE_STYLE_USAGE(.BOTH.,#7434);
#7090=SURFACE_STYLE_USAGE(.BOTH.,#7435);
#7091=SURFACE_STYLE_USAGE(.BOTH.,#7436);
#7092=SURFACE_STYLE_USAGE(.BOTH.,#7437);
#7093=SURFACE_STYLE_USAGE(.BOTH.,#7438);
#7094=SURFACE_STYLE_USAGE(.BOTH.,#7439);
#7095=SURFACE_STYLE_USAGE(.BOTH.,#7440);
#7096=SURFACE_STYLE_USAGE(.BOTH.,#7441);
#7097=SURFACE_STYLE_USAGE(.BOTH.,#7442);
#7098=SURFACE_STYLE_USAGE(.BOTH.,#7443);
#7099=SURFACE_STYLE_USAGE(.BOTH.,#7444);
#7100=SURFACE_STYLE_USAGE(.BOTH.,#7445);
#7101=SURFACE_STYLE_USAGE(.BOTH.,#7446);
#7102=SURFACE_STYLE_USAGE(.BOTH.,#7447);
#7103=SURFACE_STYLE_USAGE(.BOTH.,#7448);
#7104=SURFACE_SIDE_STYLE('',(#7449));
#7105=SURFACE_SIDE_STYLE('',(#7450));
#7106=SURFACE_SIDE_STYLE('',(#7451));
#7107=SURFACE_SIDE_STYLE('',(#7452));
#7108=SURFACE_SIDE_STYLE('',(#7453));
#7109=SURFACE_SIDE_STYLE('',(#7454));
#7110=SURFACE_SIDE_STYLE('',(#7455));
#7111=SURFACE_SIDE_STYLE('',(#7456));
#7112=SURFACE_SIDE_STYLE('',(#7457));
#7113=SURFACE_SIDE_STYLE('',(#7458));
#7114=SURFACE_SIDE_STYLE('',(#7459));
#7115=SURFACE_SIDE_STYLE('',(#7460));
#7116=SURFACE_SIDE_STYLE('',(#7461));
#7117=SURFACE_SIDE_STYLE('',(#7462));
#7118=SURFACE_SIDE_STYLE('',(#7463));
#7119=SURFACE_SIDE_STYLE('',(#7464));
#7120=SURFACE_SIDE_STYLE('',(#7465));
#7121=SURFACE_SIDE_STYLE('',(#7466));
#7122=SURFACE_SIDE_STYLE('',(#7467));
#7123=SURFACE_SIDE_STYLE('',(#7468));
#7124=SURFACE_SIDE_STYLE('',(#7469));
#7125=SURFACE_SIDE_STYLE('',(#7470));
#7126=SURFACE_SIDE_STYLE('',(#7471));
#7127=SURFACE_SIDE_STYLE('',(#7472));
#7128=SURFACE_SIDE_STYLE('',(#7473));
#7129=SURFACE_SIDE_STYLE('',(#7474));
#7130=SURFACE_SIDE_STYLE('',(#7475));
#7131=SURFACE_SIDE_STYLE('',(#7476));
#7132=SURFACE_SIDE_STYLE('',(#7477));
#7133=SURFACE_SIDE_STYLE('',(#7478));
#7134=SURFACE_SIDE_STYLE('',(#7479));
#7135=SURFACE_SIDE_STYLE('',(#7480));
#7136=SURFACE_SIDE_STYLE('',(#7481));
#7137=SURFACE_SIDE_STYLE('',(#7482));
#7138=SURFACE_SIDE_STYLE('',(#7483));
#7139=SURFACE_SIDE_STYLE('',(#7484));
#7140=SURFACE_SIDE_STYLE('',(#7485));
#7141=SURFACE_SIDE_STYLE('',(#7486));
#7142=SURFACE_SIDE_STYLE('',(#7487));
#7143=SURFACE_SIDE_STYLE('',(#7488));
#7144=SURFACE_SIDE_STYLE('',(#7489));
#7145=SURFACE_SIDE_STYLE('',(#7490));
#7146=SURFACE_SIDE_STYLE('',(#7491));
#7147=SURFACE_SIDE_STYLE('',(#7492));
#7148=SURFACE_SIDE_STYLE('',(#7493));
#7149=SURFACE_SIDE_STYLE('',(#7494));
#7150=SURFACE_SIDE_STYLE('',(#7495));
#7151=SURFACE_SIDE_STYLE('',(#7496));
#7152=SURFACE_SIDE_STYLE('',(#7497));
#7153=SURFACE_SIDE_STYLE('',(#7498));
#7154=SURFACE_SIDE_STYLE('',(#7499));
#7155=SURFACE_SIDE_STYLE('',(#7500));
#7156=SURFACE_SIDE_STYLE('',(#7501));
#7157=SURFACE_SIDE_STYLE('',(#7502));
#7158=SURFACE_SIDE_STYLE('',(#7503));
#7159=SURFACE_SIDE_STYLE('',(#7504));
#7160=SURFACE_SIDE_STYLE('',(#7505));
#7161=SURFACE_SIDE_STYLE('',(#7506));
#7162=SURFACE_SIDE_STYLE('',(#7507));
#7163=SURFACE_SIDE_STYLE('',(#7508));
#7164=SURFACE_SIDE_STYLE('',(#7509));
#7165=SURFACE_SIDE_STYLE('',(#7510));
#7166=SURFACE_SIDE_STYLE('',(#7511));
#7167=SURFACE_SIDE_STYLE('',(#7512));
#7168=SURFACE_SIDE_STYLE('',(#7513));
#7169=SURFACE_SIDE_STYLE('',(#7514));
#7170=SURFACE_SIDE_STYLE('',(#7515));
#7171=SURFACE_SIDE_STYLE('',(#7516));
#7172=SURFACE_SIDE_STYLE('',(#7517));
#7173=SURFACE_SIDE_STYLE('',(#7518));
#7174=SURFACE_SIDE_STYLE('',(#7519));
#7175=SURFACE_SIDE_STYLE('',(#7520));
#7176=SURFACE_SIDE_STYLE('',(#7521));
#7177=SURFACE_SIDE_STYLE('',(#7522));
#7178=SURFACE_SIDE_STYLE('',(#7523));
#7179=SURFACE_SIDE_STYLE('',(#7524));
#7180=SURFACE_SIDE_STYLE('',(#7525));
#7181=SURFACE_SIDE_STYLE('',(#7526));
#7182=SURFACE_SIDE_STYLE('',(#7527));
#7183=SURFACE_SIDE_STYLE('',(#7528));
#7184=SURFACE_SIDE_STYLE('',(#7529));
#7185=SURFACE_SIDE_STYLE('',(#7530));
#7186=SURFACE_SIDE_STYLE('',(#7531));
#7187=SURFACE_SIDE_STYLE('',(#7532));
#7188=SURFACE_SIDE_STYLE('',(#7533));
#7189=SURFACE_SIDE_STYLE('',(#7534));
#7190=SURFACE_SIDE_STYLE('',(#7535));
#7191=SURFACE_SIDE_STYLE('',(#7536));
#7192=SURFACE_SIDE_STYLE('',(#7537));
#7193=SURFACE_SIDE_STYLE('',(#7538));
#7194=SURFACE_SIDE_STYLE('',(#7539));
#7195=SURFACE_SIDE_STYLE('',(#7540));
#7196=SURFACE_SIDE_STYLE('',(#7541));
#7197=SURFACE_SIDE_STYLE('',(#7542));
#7198=SURFACE_SIDE_STYLE('',(#7543));
#7199=SURFACE_SIDE_STYLE('',(#7544));
#7200=SURFACE_SIDE_STYLE('',(#7545));
#7201=SURFACE_SIDE_STYLE('',(#7546));
#7202=SURFACE_SIDE_STYLE('',(#7547));
#7203=SURFACE_SIDE_STYLE('',(#7548));
#7204=SURFACE_SIDE_STYLE('',(#7549));
#7205=SURFACE_SIDE_STYLE('',(#7550));
#7206=SURFACE_SIDE_STYLE('',(#7551));
#7207=SURFACE_SIDE_STYLE('',(#7552));
#7208=SURFACE_SIDE_STYLE('',(#7553));
#7209=SURFACE_SIDE_STYLE('',(#7554));
#7210=SURFACE_SIDE_STYLE('',(#7555));
#7211=SURFACE_SIDE_STYLE('',(#7556));
#7212=SURFACE_SIDE_STYLE('',(#7557));
#7213=SURFACE_SIDE_STYLE('',(#7558));
#7214=SURFACE_SIDE_STYLE('',(#7559));
#7215=SURFACE_SIDE_STYLE('',(#7560));
#7216=SURFACE_SIDE_STYLE('',(#7561));
#7217=SURFACE_SIDE_STYLE('',(#7562));
#7218=SURFACE_SIDE_STYLE('',(#7563));
#7219=SURFACE_SIDE_STYLE('',(#7564));
#7220=SURFACE_SIDE_STYLE('',(#7565));
#7221=SURFACE_SIDE_STYLE('',(#7566));
#7222=SURFACE_SIDE_STYLE('',(#7567));
#7223=SURFACE_SIDE_STYLE('',(#7568));
#7224=SURFACE_SIDE_STYLE('',(#7569));
#7225=SURFACE_SIDE_STYLE('',(#7570));
#7226=SURFACE_SIDE_STYLE('',(#7571));
#7227=SURFACE_SIDE_STYLE('',(#7572));
#7228=SURFACE_SIDE_STYLE('',(#7573));
#7229=SURFACE_SIDE_STYLE('',(#7574));
#7230=SURFACE_SIDE_STYLE('',(#7575));
#7231=SURFACE_SIDE_STYLE('',(#7576));
#7232=SURFACE_SIDE_STYLE('',(#7577));
#7233=SURFACE_SIDE_STYLE('',(#7578));
#7234=SURFACE_SIDE_STYLE('',(#7579));
#7235=SURFACE_SIDE_STYLE('',(#7580));
#7236=SURFACE_SIDE_STYLE('',(#7581));
#7237=SURFACE_SIDE_STYLE('',(#7582));
#7238=SURFACE_SIDE_STYLE('',(#7583));
#7239=SURFACE_SIDE_STYLE('',(#7584));
#7240=SURFACE_SIDE_STYLE('',(#7585));
#7241=SURFACE_SIDE_STYLE('',(#7586));
#7242=SURFACE_SIDE_STYLE('',(#7587));
#7243=SURFACE_SIDE_STYLE('',(#7588));
#7244=SURFACE_SIDE_STYLE('',(#7589));
#7245=SURFACE_SIDE_STYLE('',(#7590));
#7246=SURFACE_SIDE_STYLE('',(#7591));
#7247=SURFACE_SIDE_STYLE('',(#7592));
#7248=SURFACE_SIDE_STYLE('',(#7593));
#7249=SURFACE_SIDE_STYLE('',(#7594));
#7250=SURFACE_SIDE_STYLE('',(#7595));
#7251=SURFACE_SIDE_STYLE('',(#7596));
#7252=SURFACE_SIDE_STYLE('',(#7597));
#7253=SURFACE_SIDE_STYLE('',(#7598));
#7254=SURFACE_SIDE_STYLE('',(#7599));
#7255=SURFACE_SIDE_STYLE('',(#7600));
#7256=SURFACE_SIDE_STYLE('',(#7601));
#7257=SURFACE_SIDE_STYLE('',(#7602));
#7258=SURFACE_SIDE_STYLE('',(#7603));
#7259=SURFACE_SIDE_STYLE('',(#7604));
#7260=SURFACE_SIDE_STYLE('',(#7605));
#7261=SURFACE_SIDE_STYLE('',(#7606));
#7262=SURFACE_SIDE_STYLE('',(#7607));
#7263=SURFACE_SIDE_STYLE('',(#7608));
#7264=SURFACE_SIDE_STYLE('',(#7609));
#7265=SURFACE_SIDE_STYLE('',(#7610));
#7266=SURFACE_SIDE_STYLE('',(#7611));
#7267=SURFACE_SIDE_STYLE('',(#7612));
#7268=SURFACE_SIDE_STYLE('',(#7613));
#7269=SURFACE_SIDE_STYLE('',(#7614));
#7270=SURFACE_SIDE_STYLE('',(#7615));
#7271=SURFACE_SIDE_STYLE('',(#7616));
#7272=SURFACE_SIDE_STYLE('',(#7617));
#7273=SURFACE_SIDE_STYLE('',(#7618));
#7274=SURFACE_SIDE_STYLE('',(#7619));
#7275=SURFACE_SIDE_STYLE('',(#7620));
#7276=SURFACE_SIDE_STYLE('',(#7621));
#7277=SURFACE_SIDE_STYLE('',(#7622));
#7278=SURFACE_SIDE_STYLE('',(#7623));
#7279=SURFACE_SIDE_STYLE('',(#7624));
#7280=SURFACE_SIDE_STYLE('',(#7625));
#7281=SURFACE_SIDE_STYLE('',(#7626));
#7282=SURFACE_SIDE_STYLE('',(#7627));
#7283=SURFACE_SIDE_STYLE('',(#7628));
#7284=SURFACE_SIDE_STYLE('',(#7629));
#7285=SURFACE_SIDE_STYLE('',(#7630));
#7286=SURFACE_SIDE_STYLE('',(#7631));
#7287=SURFACE_SIDE_STYLE('',(#7632));
#7288=SURFACE_SIDE_STYLE('',(#7633));
#7289=SURFACE_SIDE_STYLE('',(#7634));
#7290=SURFACE_SIDE_STYLE('',(#7635));
#7291=SURFACE_SIDE_STYLE('',(#7636));
#7292=SURFACE_SIDE_STYLE('',(#7637));
#7293=SURFACE_SIDE_STYLE('',(#7638));
#7294=SURFACE_SIDE_STYLE('',(#7639));
#7295=SURFACE_SIDE_STYLE('',(#7640));
#7296=SURFACE_SIDE_STYLE('',(#7641));
#7297=SURFACE_SIDE_STYLE('',(#7642));
#7298=SURFACE_SIDE_STYLE('',(#7643));
#7299=SURFACE_SIDE_STYLE('',(#7644));
#7300=SURFACE_SIDE_STYLE('',(#7645));
#7301=SURFACE_SIDE_STYLE('',(#7646));
#7302=SURFACE_SIDE_STYLE('',(#7647));
#7303=SURFACE_SIDE_STYLE('',(#7648));
#7304=SURFACE_SIDE_STYLE('',(#7649));
#7305=SURFACE_SIDE_STYLE('',(#7650));
#7306=SURFACE_SIDE_STYLE('',(#7651));
#7307=SURFACE_SIDE_STYLE('',(#7652));
#7308=SURFACE_SIDE_STYLE('',(#7653));
#7309=SURFACE_SIDE_STYLE('',(#7654));
#7310=SURFACE_SIDE_STYLE('',(#7655));
#7311=SURFACE_SIDE_STYLE('',(#7656));
#7312=SURFACE_SIDE_STYLE('',(#7657));
#7313=SURFACE_SIDE_STYLE('',(#7658));
#7314=SURFACE_SIDE_STYLE('',(#7659));
#7315=SURFACE_SIDE_STYLE('',(#7660));
#7316=SURFACE_SIDE_STYLE('',(#7661));
#7317=SURFACE_SIDE_STYLE('',(#7662));
#7318=SURFACE_SIDE_STYLE('',(#7663));
#7319=SURFACE_SIDE_STYLE('',(#7664));
#7320=SURFACE_SIDE_STYLE('',(#7665));
#7321=SURFACE_SIDE_STYLE('',(#7666));
#7322=SURFACE_SIDE_STYLE('',(#7667));
#7323=SURFACE_SIDE_STYLE('',(#7668));
#7324=SURFACE_SIDE_STYLE('',(#7669));
#7325=SURFACE_SIDE_STYLE('',(#7670));
#7326=SURFACE_SIDE_STYLE('',(#7671));
#7327=SURFACE_SIDE_STYLE('',(#7672));
#7328=SURFACE_SIDE_STYLE('',(#7673));
#7329=SURFACE_SIDE_STYLE('',(#7674));
#7330=SURFACE_SIDE_STYLE('',(#7675));
#7331=SURFACE_SIDE_STYLE('',(#7676));
#7332=SURFACE_SIDE_STYLE('',(#7677));
#7333=SURFACE_SIDE_STYLE('',(#7678));
#7334=SURFACE_SIDE_STYLE('',(#7679));
#7335=SURFACE_SIDE_STYLE('',(#7680));
#7336=SURFACE_SIDE_STYLE('',(#7681));
#7337=SURFACE_SIDE_STYLE('',(#7682));
#7338=SURFACE_SIDE_STYLE('',(#7683));
#7339=SURFACE_SIDE_STYLE('',(#7684));
#7340=SURFACE_SIDE_STYLE('',(#7685));
#7341=SURFACE_SIDE_STYLE('',(#7686));
#7342=SURFACE_SIDE_STYLE('',(#7687));
#7343=SURFACE_SIDE_STYLE('',(#7688));
#7344=SURFACE_SIDE_STYLE('',(#7689));
#7345=SURFACE_SIDE_STYLE('',(#7690));
#7346=SURFACE_SIDE_STYLE('',(#7691));
#7347=SURFACE_SIDE_STYLE('',(#7692));
#7348=SURFACE_SIDE_STYLE('',(#7693));
#7349=SURFACE_SIDE_STYLE('',(#7694));
#7350=SURFACE_SIDE_STYLE('',(#7695));
#7351=SURFACE_SIDE_STYLE('',(#7696));
#7352=SURFACE_SIDE_STYLE('',(#7697));
#7353=SURFACE_SIDE_STYLE('',(#7698));
#7354=SURFACE_SIDE_STYLE('',(#7699));
#7355=SURFACE_SIDE_STYLE('',(#7700));
#7356=SURFACE_SIDE_STYLE('',(#7701));
#7357=SURFACE_SIDE_STYLE('',(#7702));
#7358=SURFACE_SIDE_STYLE('',(#7703));
#7359=SURFACE_SIDE_STYLE('',(#7704));
#7360=SURFACE_SIDE_STYLE('',(#7705));
#7361=SURFACE_SIDE_STYLE('',(#7706));
#7362=SURFACE_SIDE_STYLE('',(#7707));
#7363=SURFACE_SIDE_STYLE('',(#7708));
#7364=SURFACE_SIDE_STYLE('',(#7709));
#7365=SURFACE_SIDE_STYLE('',(#7710));
#7366=SURFACE_SIDE_STYLE('',(#7711));
#7367=SURFACE_SIDE_STYLE('',(#7712));
#7368=SURFACE_SIDE_STYLE('',(#7713));
#7369=SURFACE_SIDE_STYLE('',(#7714));
#7370=SURFACE_SIDE_STYLE('',(#7715));
#7371=SURFACE_SIDE_STYLE('',(#7716));
#7372=SURFACE_SIDE_STYLE('',(#7717));
#7373=SURFACE_SIDE_STYLE('',(#7718));
#7374=SURFACE_SIDE_STYLE('',(#7719));
#7375=SURFACE_SIDE_STYLE('',(#7720));
#7376=SURFACE_SIDE_STYLE('',(#7721));
#7377=SURFACE_SIDE_STYLE('',(#7722));
#7378=SURFACE_SIDE_STYLE('',(#7723));
#7379=SURFACE_SIDE_STYLE('',(#7724));
#7380=SURFACE_SIDE_STYLE('',(#7725));
#7381=SURFACE_SIDE_STYLE('',(#7726));
#7382=SURFACE_SIDE_STYLE('',(#7727));
#7383=SURFACE_SIDE_STYLE('',(#7728));
#7384=SURFACE_SIDE_STYLE('',(#7729));
#7385=SURFACE_SIDE_STYLE('',(#7730));
#7386=SURFACE_SIDE_STYLE('',(#7731));
#7387=SURFACE_SIDE_STYLE('',(#7732));
#7388=SURFACE_SIDE_STYLE('',(#7733));
#7389=SURFACE_SIDE_STYLE('',(#7734));
#7390=SURFACE_SIDE_STYLE('',(#7735));
#7391=SURFACE_SIDE_STYLE('',(#7736));
#7392=SURFACE_SIDE_STYLE('',(#7737));
#7393=SURFACE_SIDE_STYLE('',(#7738));
#7394=SURFACE_SIDE_STYLE('',(#7739));
#7395=SURFACE_SIDE_STYLE('',(#7740));
#7396=SURFACE_SIDE_STYLE('',(#7741));
#7397=SURFACE_SIDE_STYLE('',(#7742));
#7398=SURFACE_SIDE_STYLE('',(#7743));
#7399=SURFACE_SIDE_STYLE('',(#7744));
#7400=SURFACE_SIDE_STYLE('',(#7745));
#7401=SURFACE_SIDE_STYLE('',(#7746));
#7402=SURFACE_SIDE_STYLE('',(#7747));
#7403=SURFACE_SIDE_STYLE('',(#7748));
#7404=SURFACE_SIDE_STYLE('',(#7749));
#7405=SURFACE_SIDE_STYLE('',(#7750));
#7406=SURFACE_SIDE_STYLE('',(#7751));
#7407=SURFACE_SIDE_STYLE('',(#7752));
#7408=SURFACE_SIDE_STYLE('',(#7753));
#7409=SURFACE_SIDE_STYLE('',(#7754));
#7410=SURFACE_SIDE_STYLE('',(#7755));
#7411=SURFACE_SIDE_STYLE('',(#7756));
#7412=SURFACE_SIDE_STYLE('',(#7757));
#7413=SURFACE_SIDE_STYLE('',(#7758));
#7414=SURFACE_SIDE_STYLE('',(#7759));
#7415=SURFACE_SIDE_STYLE('',(#7760));
#7416=SURFACE_SIDE_STYLE('',(#7761));
#7417=SURFACE_SIDE_STYLE('',(#7762));
#7418=SURFACE_SIDE_STYLE('',(#7763));
#7419=SURFACE_SIDE_STYLE('',(#7764));
#7420=SURFACE_SIDE_STYLE('',(#7765));
#7421=SURFACE_SIDE_STYLE('',(#7766));
#7422=SURFACE_SIDE_STYLE('',(#7767));
#7423=SURFACE_SIDE_STYLE('',(#7768));
#7424=SURFACE_SIDE_STYLE('',(#7769));
#7425=SURFACE_SIDE_STYLE('',(#7770));
#7426=SURFACE_SIDE_STYLE('',(#7771));
#7427=SURFACE_SIDE_STYLE('',(#7772));
#7428=SURFACE_SIDE_STYLE('',(#7773));
#7429=SURFACE_SIDE_STYLE('',(#7774));
#7430=SURFACE_SIDE_STYLE('',(#7775));
#7431=SURFACE_SIDE_STYLE('',(#7776));
#7432=SURFACE_SIDE_STYLE('',(#7777));
#7433=SURFACE_SIDE_STYLE('',(#7778));
#7434=SURFACE_SIDE_STYLE('',(#7779));
#7435=SURFACE_SIDE_STYLE('',(#7780));
#7436=SURFACE_SIDE_STYLE('',(#7781));
#7437=SURFACE_SIDE_STYLE('',(#7782));
#7438=SURFACE_SIDE_STYLE('',(#7783));
#7439=SURFACE_SIDE_STYLE('',(#7784));
#7440=SURFACE_SIDE_STYLE('',(#7785));
#7441=SURFACE_SIDE_STYLE('',(#7786));
#7442=SURFACE_SIDE_STYLE('',(#7787));
#7443=SURFACE_SIDE_STYLE('',(#7788));
#7444=SURFACE_SIDE_STYLE('',(#7789));
#7445=SURFACE_SIDE_STYLE('',(#7790));
#7446=SURFACE_SIDE_STYLE('',(#7791));
#7447=SURFACE_SIDE_STYLE('',(#7792));
#7448=SURFACE_SIDE_STYLE('',(#7793));
#7449=SURFACE_STYLE_FILL_AREA(#7794);
#7450=SURFACE_STYLE_FILL_AREA(#7795);
#7451=SURFACE_STYLE_FILL_AREA(#7796);
#7452=SURFACE_STYLE_FILL_AREA(#7797);
#7453=SURFACE_STYLE_FILL_AREA(#7798);
#7454=SURFACE_STYLE_FILL_AREA(#7799);
#7455=SURFACE_STYLE_FILL_AREA(#7800);
#7456=SURFACE_STYLE_FILL_AREA(#7801);
#7457=SURFACE_STYLE_FILL_AREA(#7802);
#7458=SURFACE_STYLE_FILL_AREA(#7803);
#7459=SURFACE_STYLE_FILL_AREA(#7804);
#7460=SURFACE_STYLE_FILL_AREA(#7805);
#7461=SURFACE_STYLE_FILL_AREA(#7806);
#7462=SURFACE_STYLE_FILL_AREA(#7807);
#7463=SURFACE_STYLE_FILL_AREA(#7808);
#7464=SURFACE_STYLE_FILL_AREA(#7809);
#7465=SURFACE_STYLE_FILL_AREA(#7810);
#7466=SURFACE_STYLE_FILL_AREA(#7811);
#7467=SURFACE_STYLE_FILL_AREA(#7812);
#7468=SURFACE_STYLE_FILL_AREA(#7813);
#7469=SURFACE_STYLE_FILL_AREA(#7814);
#7470=SURFACE_STYLE_FILL_AREA(#7815);
#7471=SURFACE_STYLE_FILL_AREA(#7816);
#7472=SURFACE_STYLE_FILL_AREA(#7817);
#7473=SURFACE_STYLE_FILL_AREA(#7818);
#7474=SURFACE_STYLE_FILL_AREA(#7819);
#7475=SURFACE_STYLE_FILL_AREA(#7820);
#7476=SURFACE_STYLE_FILL_AREA(#7821);
#7477=SURFACE_STYLE_FILL_AREA(#7822);
#7478=SURFACE_STYLE_FILL_AREA(#7823);
#7479=SURFACE_STYLE_FILL_AREA(#7824);
#7480=SURFACE_STYLE_FILL_AREA(#7825);
#7481=SURFACE_STYLE_FILL_AREA(#7826);
#7482=SURFACE_STYLE_FILL_AREA(#7827);
#7483=SURFACE_STYLE_FILL_AREA(#7828);
#7484=SURFACE_STYLE_FILL_AREA(#7829);
#7485=SURFACE_STYLE_FILL_AREA(#7830);
#7486=SURFACE_STYLE_FILL_AREA(#7831);
#7487=SURFACE_STYLE_FILL_AREA(#7832);
#7488=SURFACE_STYLE_FILL_AREA(#7833);
#7489=SURFACE_STYLE_FILL_AREA(#7834);
#7490=SURFACE_STYLE_FILL_AREA(#7835);
#7491=SURFACE_STYLE_FILL_AREA(#7836);
#7492=SURFACE_STYLE_FILL_AREA(#7837);
#7493=SURFACE_STYLE_FILL_AREA(#7838);
#7494=SURFACE_STYLE_FILL_AREA(#7839);
#7495=SURFACE_STYLE_FILL_AREA(#7840);
#7496=SURFACE_STYLE_FILL_AREA(#7841);
#7497=SURFACE_STYLE_FILL_AREA(#7842);
#7498=SURFACE_STYLE_FILL_AREA(#7843);
#7499=SURFACE_STYLE_FILL_AREA(#7844);
#7500=SURFACE_STYLE_FILL_AREA(#7845);
#7501=SURFACE_STYLE_FILL_AREA(#7846);
#7502=SURFACE_STYLE_FILL_AREA(#7847);
#7503=SURFACE_STYLE_FILL_AREA(#7848);
#7504=SURFACE_STYLE_FILL_AREA(#7849);
#7505=SURFACE_STYLE_FILL_AREA(#7850);
#7506=SURFACE_STYLE_FILL_AREA(#7851);
#7507=SURFACE_STYLE_FILL_AREA(#7852);
#7508=SURFACE_STYLE_FILL_AREA(#7853);
#7509=SURFACE_STYLE_FILL_AREA(#7854);
#7510=SURFACE_STYLE_FILL_AREA(#7855);
#7511=SURFACE_STYLE_FILL_AREA(#7856);
#7512=SURFACE_STYLE_FILL_AREA(#7857);
#7513=SURFACE_STYLE_FILL_AREA(#7858);
#7514=SURFACE_STYLE_FILL_AREA(#7859);
#7515=SURFACE_STYLE_FILL_AREA(#7860);
#7516=SURFACE_STYLE_FILL_AREA(#7861);
#7517=SURFACE_STYLE_FILL_AREA(#7862);
#7518=SURFACE_STYLE_FILL_AREA(#7863);
#7519=SURFACE_STYLE_FILL_AREA(#7864);
#7520=SURFACE_STYLE_FILL_AREA(#7865);
#7521=SURFACE_STYLE_FILL_AREA(#7866);
#7522=SURFACE_STYLE_FILL_AREA(#7867);
#7523=SURFACE_STYLE_FILL_AREA(#7868);
#7524=SURFACE_STYLE_FILL_AREA(#7869);
#7525=SURFACE_STYLE_FILL_AREA(#7870);
#7526=SURFACE_STYLE_FILL_AREA(#7871);
#7527=SURFACE_STYLE_FILL_AREA(#7872);
#7528=SURFACE_STYLE_FILL_AREA(#7873);
#7529=SURFACE_STYLE_FILL_AREA(#7874);
#7530=SURFACE_STYLE_FILL_AREA(#7875);
#7531=SURFACE_STYLE_FILL_AREA(#7876);
#7532=SURFACE_STYLE_FILL_AREA(#7877);
#7533=SURFACE_STYLE_FILL_AREA(#7878);
#7534=SURFACE_STYLE_FILL_AREA(#7879);
#7535=SURFACE_STYLE_FILL_AREA(#7880);
#7536=SURFACE_STYLE_FILL_AREA(#7881);
#7537=SURFACE_STYLE_FILL_AREA(#7882);
#7538=SURFACE_STYLE_FILL_AREA(#7883);
#7539=SURFACE_STYLE_FILL_AREA(#7884);
#7540=SURFACE_STYLE_FILL_AREA(#7885);
#7541=SURFACE_STYLE_FILL_AREA(#7886);
#7542=SURFACE_STYLE_FILL_AREA(#7887);
#7543=SURFACE_STYLE_FILL_AREA(#7888);
#7544=SURFACE_STYLE_FILL_AREA(#7889);
#7545=SURFACE_STYLE_FILL_AREA(#7890);
#7546=SURFACE_STYLE_FILL_AREA(#7891);
#7547=SURFACE_STYLE_FILL_AREA(#7892);
#7548=SURFACE_STYLE_FILL_AREA(#7893);
#7549=SURFACE_STYLE_FILL_AREA(#7894);
#7550=SURFACE_STYLE_FILL_AREA(#7895);
#7551=SURFACE_STYLE_FILL_AREA(#7896);
#7552=SURFACE_STYLE_FILL_AREA(#7897);
#7553=SURFACE_STYLE_FILL_AREA(#7898);
#7554=SURFACE_STYLE_FILL_AREA(#7899);
#7555=SURFACE_STYLE_FILL_AREA(#7900);
#7556=SURFACE_STYLE_FILL_AREA(#7901);
#7557=SURFACE_STYLE_FILL_AREA(#7902);
#7558=SURFACE_STYLE_FILL_AREA(#7903);
#7559=SURFACE_STYLE_FILL_AREA(#7904);
#7560=SURFACE_STYLE_FILL_AREA(#7905);
#7561=SURFACE_STYLE_FILL_AREA(#7906);
#7562=SURFACE_STYLE_FILL_AREA(#7907);
#7563=SURFACE_STYLE_FILL_AREA(#7908);
#7564=SURFACE_STYLE_FILL_AREA(#7909);
#7565=SURFACE_STYLE_FILL_AREA(#7910);
#7566=SURFACE_STYLE_FILL_AREA(#7911);
#7567=SURFACE_STYLE_FILL_AREA(#7912);
#7568=SURFACE_STYLE_FILL_AREA(#7913);
#7569=SURFACE_STYLE_FILL_AREA(#7914);
#7570=SURFACE_STYLE_FILL_AREA(#7915);
#7571=SURFACE_STYLE_FILL_AREA(#7916);
#7572=SURFACE_STYLE_FILL_AREA(#7917);
#7573=SURFACE_STYLE_FILL_AREA(#7918);
#7574=SURFACE_STYLE_FILL_AREA(#7919);
#7575=SURFACE_STYLE_FILL_AREA(#7920);
#7576=SURFACE_STYLE_FILL_AREA(#7921);
#7577=SURFACE_STYLE_FILL_AREA(#7922);
#7578=SURFACE_STYLE_FILL_AREA(#7923);
#7579=SURFACE_STYLE_FILL_AREA(#7924);
#7580=SURFACE_STYLE_FILL_AREA(#7925);
#7581=SURFACE_STYLE_FILL_AREA(#7926);
#7582=SURFACE_STYLE_FILL_AREA(#7927);
#7583=SURFACE_STYLE_FILL_AREA(#7928);
#7584=SURFACE_STYLE_FILL_AREA(#7929);
#7585=SURFACE_STYLE_FILL_AREA(#7930);
#7586=SURFACE_STYLE_FILL_AREA(#7931);
#7587=SURFACE_STYLE_FILL_AREA(#7932);
#7588=SURFACE_STYLE_FILL_AREA(#7933);
#7589=SURFACE_STYLE_FILL_AREA(#7934);
#7590=SURFACE_STYLE_FILL_AREA(#7935);
#7591=SURFACE_STYLE_FILL_AREA(#7936);
#7592=SURFACE_STYLE_FILL_AREA(#7937);
#7593=SURFACE_STYLE_FILL_AREA(#7938);
#7594=SURFACE_STYLE_FILL_AREA(#7939);
#7595=SURFACE_STYLE_FILL_AREA(#7940);
#7596=SURFACE_STYLE_FILL_AREA(#7941);
#7597=SURFACE_STYLE_FILL_AREA(#7942);
#7598=SURFACE_STYLE_FILL_AREA(#7943);
#7599=SURFACE_STYLE_FILL_AREA(#7944);
#7600=SURFACE_STYLE_FILL_AREA(#7945);
#7601=SURFACE_STYLE_FILL_AREA(#7946);
#7602=SURFACE_STYLE_FILL_AREA(#7947);
#7603=SURFACE_STYLE_FILL_AREA(#7948);
#7604=SURFACE_STYLE_FILL_AREA(#7949);
#7605=SURFACE_STYLE_FILL_AREA(#7950);
#7606=SURFACE_STYLE_FILL_AREA(#7951);
#7607=SURFACE_STYLE_FILL_AREA(#7952);
#7608=SURFACE_STYLE_FILL_AREA(#7953);
#7609=SURFACE_STYLE_FILL_AREA(#7954);
#7610=SURFACE_STYLE_FILL_AREA(#7955);
#7611=SURFACE_STYLE_FILL_AREA(#7956);
#7612=SURFACE_STYLE_FILL_AREA(#7957);
#7613=SURFACE_STYLE_FILL_AREA(#7958);
#7614=SURFACE_STYLE_FILL_AREA(#7959);
#7615=SURFACE_STYLE_FILL_AREA(#7960);
#7616=SURFACE_STYLE_FILL_AREA(#7961);
#7617=SURFACE_STYLE_FILL_AREA(#7962);
#7618=SURFACE_STYLE_FILL_AREA(#7963);
#7619=SURFACE_STYLE_FILL_AREA(#7964);
#7620=SURFACE_STYLE_FILL_AREA(#7965);
#7621=SURFACE_STYLE_FILL_AREA(#7966);
#7622=SURFACE_STYLE_FILL_AREA(#7967);
#7623=SURFACE_STYLE_FILL_AREA(#7968);
#7624=SURFACE_STYLE_FILL_AREA(#7969);
#7625=SURFACE_STYLE_FILL_AREA(#7970);
#7626=SURFACE_STYLE_FILL_AREA(#7971);
#7627=SURFACE_STYLE_FILL_AREA(#7972);
#7628=SURFACE_STYLE_FILL_AREA(#7973);
#7629=SURFACE_STYLE_FILL_AREA(#7974);
#7630=SURFACE_STYLE_FILL_AREA(#7975);
#7631=SURFACE_STYLE_FILL_AREA(#7976);
#7632=SURFACE_STYLE_FILL_AREA(#7977);
#7633=SURFACE_STYLE_FILL_AREA(#7978);
#7634=SURFACE_STYLE_FILL_AREA(#7979);
#7635=SURFACE_STYLE_FILL_AREA(#7980);
#7636=SURFACE_STYLE_FILL_AREA(#7981);
#7637=SURFACE_STYLE_FILL_AREA(#7982);
#7638=SURFACE_STYLE_FILL_AREA(#7983);
#7639=SURFACE_STYLE_FILL_AREA(#7984);
#7640=SURFACE_STYLE_FILL_AREA(#7985);
#7641=SURFACE_STYLE_FILL_AREA(#7986);
#7642=SURFACE_STYLE_FILL_AREA(#7987);
#7643=SURFACE_STYLE_FILL_AREA(#7988);
#7644=SURFACE_STYLE_FILL_AREA(#7989);
#7645=SURFACE_STYLE_FILL_AREA(#7990);
#7646=SURFACE_STYLE_FILL_AREA(#7991);
#7647=SURFACE_STYLE_FILL_AREA(#7992);
#7648=SURFACE_STYLE_FILL_AREA(#7993);
#7649=SURFACE_STYLE_FILL_AREA(#7994);
#7650=SURFACE_STYLE_FILL_AREA(#7995);
#7651=SURFACE_STYLE_FILL_AREA(#7996);
#7652=SURFACE_STYLE_FILL_AREA(#7997);
#7653=SURFACE_STYLE_FILL_AREA(#7998);
#7654=SURFACE_STYLE_FILL_AREA(#7999);
#7655=SURFACE_STYLE_FILL_AREA(#8000);
#7656=SURFACE_STYLE_FILL_AREA(#8001);
#7657=SURFACE_STYLE_FILL_AREA(#8002);
#7658=SURFACE_STYLE_FILL_AREA(#8003);
#7659=SURFACE_STYLE_FILL_AREA(#8004);
#7660=SURFACE_STYLE_FILL_AREA(#8005);
#7661=SURFACE_STYLE_FILL_AREA(#8006);
#7662=SURFACE_STYLE_FILL_AREA(#8007);
#7663=SURFACE_STYLE_FILL_AREA(#8008);
#7664=SURFACE_STYLE_FILL_AREA(#8009);
#7665=SURFACE_STYLE_FILL_AREA(#8010);
#7666=SURFACE_STYLE_FILL_AREA(#8011);
#7667=SURFACE_STYLE_FILL_AREA(#8012);
#7668=SURFACE_STYLE_FILL_AREA(#8013);
#7669=SURFACE_STYLE_FILL_AREA(#8014);
#7670=SURFACE_STYLE_FILL_AREA(#8015);
#7671=SURFACE_STYLE_FILL_AREA(#8016);
#7672=SURFACE_STYLE_FILL_AREA(#8017);
#7673=SURFACE_STYLE_FILL_AREA(#8018);
#7674=SURFACE_STYLE_FILL_AREA(#8019);
#7675=SURFACE_STYLE_FILL_AREA(#8020);
#7676=SURFACE_STYLE_FILL_AREA(#8021);
#7677=SURFACE_STYLE_FILL_AREA(#8022);
#7678=SURFACE_STYLE_FILL_AREA(#8023);
#7679=SURFACE_STYLE_FILL_AREA(#8024);
#7680=SURFACE_STYLE_FILL_AREA(#8025);
#7681=SURFACE_STYLE_FILL_AREA(#8026);
#7682=SURFACE_STYLE_FILL_AREA(#8027);
#7683=SURFACE_STYLE_FILL_AREA(#8028);
#7684=SURFACE_STYLE_FILL_AREA(#8029);
#7685=SURFACE_STYLE_FILL_AREA(#8030);
#7686=SURFACE_STYLE_FILL_AREA(#8031);
#7687=SURFACE_STYLE_FILL_AREA(#8032);
#7688=SURFACE_STYLE_FILL_AREA(#8033);
#7689=SURFACE_STYLE_FILL_AREA(#8034);
#7690=SURFACE_STYLE_FILL_AREA(#8035);
#7691=SURFACE_STYLE_FILL_AREA(#8036);
#7692=SURFACE_STYLE_FILL_AREA(#8037);
#7693=SURFACE_STYLE_FILL_AREA(#8038);
#7694=SURFACE_STYLE_FILL_AREA(#8039);
#7695=SURFACE_STYLE_FILL_AREA(#8040);
#7696=SURFACE_STYLE_FILL_AREA(#8041);
#7697=SURFACE_STYLE_FILL_AREA(#8042);
#7698=SURFACE_STYLE_FILL_AREA(#8043);
#7699=SURFACE_STYLE_FILL_AREA(#8044);
#7700=SURFACE_STYLE_FILL_AREA(#8045);
#7701=SURFACE_STYLE_FILL_AREA(#8046);
#7702=SURFACE_STYLE_FILL_AREA(#8047);
#7703=SURFACE_STYLE_FILL_AREA(#8048);
#7704=SURFACE_STYLE_FILL_AREA(#8049);
#7705=SURFACE_STYLE_FILL_AREA(#8050);
#7706=SURFACE_STYLE_FILL_AREA(#8051);
#7707=SURFACE_STYLE_FILL_AREA(#8052);
#7708=SURFACE_STYLE_FILL_AREA(#8053);
#7709=SURFACE_STYLE_FILL_AREA(#8054);
#7710=SURFACE_STYLE_FILL_AREA(#8055);
#7711=SURFACE_STYLE_FILL_AREA(#8056);
#7712=SURFACE_STYLE_FILL_AREA(#8057);
#7713=SURFACE_STYLE_FILL_AREA(#8058);
#7714=SURFACE_STYLE_FILL_AREA(#8059);
#7715=SURFACE_STYLE_FILL_AREA(#8060);
#7716=SURFACE_STYLE_FILL_AREA(#8061);
#7717=SURFACE_STYLE_FILL_AREA(#8062);
#7718=SURFACE_STYLE_FILL_AREA(#8063);
#7719=SURFACE_STYLE_FILL_AREA(#8064);
#7720=SURFACE_STYLE_FILL_AREA(#8065);
#7721=SURFACE_STYLE_FILL_AREA(#8066);
#7722=SURFACE_STYLE_FILL_AREA(#8067);
#7723=SURFACE_STYLE_FILL_AREA(#8068);
#7724=SURFACE_STYLE_FILL_AREA(#8069);
#7725=SURFACE_STYLE_FILL_AREA(#8070);
#7726=SURFACE_STYLE_FILL_AREA(#8071);
#7727=SURFACE_STYLE_FILL_AREA(#8072);
#7728=SURFACE_STYLE_FILL_AREA(#8073);
#7729=SURFACE_STYLE_FILL_AREA(#8074);
#7730=SURFACE_STYLE_FILL_AREA(#8075);
#7731=SURFACE_STYLE_FILL_AREA(#8076);
#7732=SURFACE_STYLE_FILL_AREA(#8077);
#7733=SURFACE_STYLE_FILL_AREA(#8078);
#7734=SURFACE_STYLE_FILL_AREA(#8079);
#7735=SURFACE_STYLE_FILL_AREA(#8080);
#7736=SURFACE_STYLE_FILL_AREA(#8081);
#7737=SURFACE_STYLE_FILL_AREA(#8082);
#7738=SURFACE_STYLE_FILL_AREA(#8083);
#7739=SURFACE_STYLE_FILL_AREA(#8084);
#7740=SURFACE_STYLE_FILL_AREA(#8085);
#7741=SURFACE_STYLE_FILL_AREA(#8086);
#7742=SURFACE_STYLE_FILL_AREA(#8087);
#7743=SURFACE_STYLE_FILL_AREA(#8088);
#7744=SURFACE_STYLE_FILL_AREA(#8089);
#7745=SURFACE_STYLE_FILL_AREA(#8090);
#7746=SURFACE_STYLE_FILL_AREA(#8091);
#7747=SURFACE_STYLE_FILL_AREA(#8092);
#7748=SURFACE_STYLE_FILL_AREA(#8093);
#7749=SURFACE_STYLE_FILL_AREA(#8094);
#7750=SURFACE_STYLE_FILL_AREA(#8095);
#7751=SURFACE_STYLE_FILL_AREA(#8096);
#7752=SURFACE_STYLE_FILL_AREA(#8097);
#7753=SURFACE_STYLE_FILL_AREA(#8098);
#7754=SURFACE_STYLE_FILL_AREA(#8099);
#7755=SURFACE_STYLE_FILL_AREA(#8100);
#7756=SURFACE_STYLE_FILL_AREA(#8101);
#7757=SURFACE_STYLE_FILL_AREA(#8102);
#7758=SURFACE_STYLE_FILL_AREA(#8103);
#7759=SURFACE_STYLE_FILL_AREA(#8104);
#7760=SURFACE_STYLE_FILL_AREA(#8105);
#7761=SURFACE_STYLE_FILL_AREA(#8106);
#7762=SURFACE_STYLE_FILL_AREA(#8107);
#7763=SURFACE_STYLE_FILL_AREA(#8108);
#7764=SURFACE_STYLE_FILL_AREA(#8109);
#7765=SURFACE_STYLE_FILL_AREA(#8110);
#7766=SURFACE_STYLE_FILL_AREA(#8111);
#7767=SURFACE_STYLE_FILL_AREA(#8112);
#7768=SURFACE_STYLE_FILL_AREA(#8113);
#7769=SURFACE_STYLE_FILL_AREA(#8114);
#7770=SURFACE_STYLE_FILL_AREA(#8115);
#7771=SURFACE_STYLE_FILL_AREA(#8116);
#7772=SURFACE_STYLE_FILL_AREA(#8117);
#7773=SURFACE_STYLE_FILL_AREA(#8118);
#7774=SURFACE_STYLE_FILL_AREA(#8119);
#7775=SURFACE_STYLE_FILL_AREA(#8120);
#7776=SURFACE_STYLE_FILL_AREA(#8121);
#7777=SURFACE_STYLE_FILL_AREA(#8122);
#7778=SURFACE_STYLE_FILL_AREA(#8123);
#7779=SURFACE_STYLE_FILL_AREA(#8124);
#7780=SURFACE_STYLE_FILL_AREA(#8125);
#7781=SURFACE_STYLE_FILL_AREA(#8126);
#7782=SURFACE_STYLE_FILL_AREA(#8127);
#7783=SURFACE_STYLE_FILL_AREA(#8128);
#7784=SURFACE_STYLE_FILL_AREA(#8129);
#7785=SURFACE_STYLE_FILL_AREA(#8130);
#7786=SURFACE_STYLE_FILL_AREA(#8131);
#7787=SURFACE_STYLE_FILL_AREA(#8132);
#7788=SURFACE_STYLE_FILL_AREA(#8133);
#7789=SURFACE_STYLE_FILL_AREA(#8134);
#7790=SURFACE_STYLE_FILL_AREA(#8135);
#7791=SURFACE_STYLE_FILL_AREA(#8136);
#7792=SURFACE_STYLE_FILL_AREA(#8137);
#7793=SURFACE_STYLE_FILL_AREA(#8138);
#7794=FILL_AREA_STYLE('',(#8139));
#7795=FILL_AREA_STYLE('',(#8140));
#7796=FILL_AREA_STYLE('',(#8141));
#7797=FILL_AREA_STYLE('',(#8142));
#7798=FILL_AREA_STYLE('',(#8143));
#7799=FILL_AREA_STYLE('',(#8144));
#7800=FILL_AREA_STYLE('',(#8145));
#7801=FILL_AREA_STYLE('',(#8146));
#7802=FILL_AREA_STYLE('',(#8147));
#7803=FILL_AREA_STYLE('',(#8148));
#7804=FILL_AREA_STYLE('',(#8149));
#7805=FILL_AREA_STYLE('',(#8150));
#7806=FILL_AREA_STYLE('',(#8151));
#7807=FILL_AREA_STYLE('',(#8152));
#7808=FILL_AREA_STYLE('',(#8153));
#7809=FILL_AREA_STYLE('',(#8154));
#7810=FILL_AREA_STYLE('',(#8155));
#7811=FILL_AREA_STYLE('',(#8156));
#7812=FILL_AREA_STYLE('',(#8157));
#7813=FILL_AREA_STYLE('',(#8158));
#7814=FILL_AREA_STYLE('',(#8159));
#7815=FILL_AREA_STYLE('',(#8160));
#7816=FILL_AREA_STYLE('',(#8161));
#7817=FILL_AREA_STYLE('',(#8162));
#7818=FILL_AREA_STYLE('',(#8163));
#7819=FILL_AREA_STYLE('',(#8164));
#7820=FILL_AREA_STYLE('',(#8165));
#7821=FILL_AREA_STYLE('',(#8166));
#7822=FILL_AREA_STYLE('',(#8167));
#7823=FILL_AREA_STYLE('',(#8168));
#7824=FILL_AREA_STYLE('',(#8169));
#7825=FILL_AREA_STYLE('',(#8170));
#7826=FILL_AREA_STYLE('',(#8171));
#7827=FILL_AREA_STYLE('',(#8172));
#7828=FILL_AREA_STYLE('',(#8173));
#7829=FILL_AREA_STYLE('',(#8174));
#7830=FILL_AREA_STYLE('',(#8175));
#7831=FILL_AREA_STYLE('',(#8176));
#7832=FILL_AREA_STYLE('',(#8177));
#7833=FILL_AREA_STYLE('',(#8178));
#7834=FILL_AREA_STYLE('',(#8179));
#7835=FILL_AREA_STYLE('',(#8180));
#7836=FILL_AREA_STYLE('',(#8181));
#7837=FILL_AREA_STYLE('',(#8182));
#7838=FILL_AREA_STYLE('',(#8183));
#7839=FILL_AREA_STYLE('',(#8184));
#7840=FILL_AREA_STYLE('',(#8185));
#7841=FILL_AREA_STYLE('',(#8186));
#7842=FILL_AREA_STYLE('',(#8187));
#7843=FILL_AREA_STYLE('',(#8188));
#7844=FILL_AREA_STYLE('',(#8189));
#7845=FILL_AREA_STYLE('',(#8190));
#7846=FILL_AREA_STYLE('',(#8191));
#7847=FILL_AREA_STYLE('',(#8192));
#7848=FILL_AREA_STYLE('',(#8193));
#7849=FILL_AREA_STYLE('',(#8194));
#7850=FILL_AREA_STYLE('',(#8195));
#7851=FILL_AREA_STYLE('',(#8196));
#7852=FILL_AREA_STYLE('',(#8197));
#7853=FILL_AREA_STYLE('',(#8198));
#7854=FILL_AREA_STYLE('',(#8199));
#7855=FILL_AREA_STYLE('',(#8200));
#7856=FILL_AREA_STYLE('',(#8201));
#7857=FILL_AREA_STYLE('',(#8202));
#7858=FILL_AREA_STYLE('',(#8203));
#7859=FILL_AREA_STYLE('',(#8204));
#7860=FILL_AREA_STYLE('',(#8205));
#7861=FILL_AREA_STYLE('',(#8206));
#7862=FILL_AREA_STYLE('',(#8207));
#7863=FILL_AREA_STYLE('',(#8208));
#7864=FILL_AREA_STYLE('',(#8209));
#7865=FILL_AREA_STYLE('',(#8210));
#7866=FILL_AREA_STYLE('',(#8211));
#7867=FILL_AREA_STYLE('',(#8212));
#7868=FILL_AREA_STYLE('',(#8213));
#7869=FILL_AREA_STYLE('',(#8214));
#7870=FILL_AREA_STYLE('',(#8215));
#7871=FILL_AREA_STYLE('',(#8216));
#7872=FILL_AREA_STYLE('',(#8217));
#7873=FILL_AREA_STYLE('',(#8218));
#7874=FILL_AREA_STYLE('',(#8219));
#7875=FILL_AREA_STYLE('',(#8220));
#7876=FILL_AREA_STYLE('',(#8221));
#7877=FILL_AREA_STYLE('',(#8222));
#7878=FILL_AREA_STYLE('',(#8223));
#7879=FILL_AREA_STYLE('',(#8224));
#7880=FILL_AREA_STYLE('',(#8225));
#7881=FILL_AREA_STYLE('',(#8226));
#7882=FILL_AREA_STYLE('',(#8227));
#7883=FILL_AREA_STYLE('',(#8228));
#7884=FILL_AREA_STYLE('',(#8229));
#7885=FILL_AREA_STYLE('',(#8230));
#7886=FILL_AREA_STYLE('',(#8231));
#7887=FILL_AREA_STYLE('',(#8232));
#7888=FILL_AREA_STYLE('',(#8233));
#7889=FILL_AREA_STYLE('',(#8234));
#7890=FILL_AREA_STYLE('',(#8235));
#7891=FILL_AREA_STYLE('',(#8236));
#7892=FILL_AREA_STYLE('',(#8237));
#7893=FILL_AREA_STYLE('',(#8238));
#7894=FILL_AREA_STYLE('',(#8239));
#7895=FILL_AREA_STYLE('',(#8240));
#7896=FILL_AREA_STYLE('',(#8241));
#7897=FILL_AREA_STYLE('',(#8242));
#7898=FILL_AREA_STYLE('',(#8243));
#7899=FILL_AREA_STYLE('',(#8244));
#7900=FILL_AREA_STYLE('',(#8245));
#7901=FILL_AREA_STYLE('',(#8246));
#7902=FILL_AREA_STYLE('',(#8247));
#7903=FILL_AREA_STYLE('',(#8248));
#7904=FILL_AREA_STYLE('',(#8249));
#7905=FILL_AREA_STYLE('',(#8250));
#7906=FILL_AREA_STYLE('',(#8251));
#7907=FILL_AREA_STYLE('',(#8252));
#7908=FILL_AREA_STYLE('',(#8253));
#7909=FILL_AREA_STYLE('',(#8254));
#7910=FILL_AREA_STYLE('',(#8255));
#7911=FILL_AREA_STYLE('',(#8256));
#7912=FILL_AREA_STYLE('',(#8257));
#7913=FILL_AREA_STYLE('',(#8258));
#7914=FILL_AREA_STYLE('',(#8259));
#7915=FILL_AREA_STYLE('',(#8260));
#7916=FILL_AREA_STYLE('',(#8261));
#7917=FILL_AREA_STYLE('',(#8262));
#7918=FILL_AREA_STYLE('',(#8263));
#7919=FILL_AREA_STYLE('',(#8264));
#7920=FILL_AREA_STYLE('',(#8265));
#7921=FILL_AREA_STYLE('',(#8266));
#7922=FILL_AREA_STYLE('',(#8267));
#7923=FILL_AREA_STYLE('',(#8268));
#7924=FILL_AREA_STYLE('',(#8269));
#7925=FILL_AREA_STYLE('',(#8270));
#7926=FILL_AREA_STYLE('',(#8271));
#7927=FILL_AREA_STYLE('',(#8272));
#7928=FILL_AREA_STYLE('',(#8273));
#7929=FILL_AREA_STYLE('',(#8274));
#7930=FILL_AREA_STYLE('',(#8275));
#7931=FILL_AREA_STYLE('',(#8276));
#7932=FILL_AREA_STYLE('',(#8277));
#7933=FILL_AREA_STYLE('',(#8278));
#7934=FILL_AREA_STYLE('',(#8279));
#7935=FILL_AREA_STYLE('',(#8280));
#7936=FILL_AREA_STYLE('',(#8281));
#7937=FILL_AREA_STYLE('',(#8282));
#7938=FILL_AREA_STYLE('',(#8283));
#7939=FILL_AREA_STYLE('',(#8284));
#7940=FILL_AREA_STYLE('',(#8285));
#7941=FILL_AREA_STYLE('',(#8286));
#7942=FILL_AREA_STYLE('',(#8287));
#7943=FILL_AREA_STYLE('',(#8288));
#7944=FILL_AREA_STYLE('',(#8289));
#7945=FILL_AREA_STYLE('',(#8290));
#7946=FILL_AREA_STYLE('',(#8291));
#7947=FILL_AREA_STYLE('',(#8292));
#7948=FILL_AREA_STYLE('',(#8293));
#7949=FILL_AREA_STYLE('',(#8294));
#7950=FILL_AREA_STYLE('',(#8295));
#7951=FILL_AREA_STYLE('',(#8296));
#7952=FILL_AREA_STYLE('',(#8297));
#7953=FILL_AREA_STYLE('',(#8298));
#7954=FILL_AREA_STYLE('',(#8299));
#7955=FILL_AREA_STYLE('',(#8300));
#7956=FILL_AREA_STYLE('',(#8301));
#7957=FILL_AREA_STYLE('',(#8302));
#7958=FILL_AREA_STYLE('',(#8303));
#7959=FILL_AREA_STYLE('',(#8304));
#7960=FILL_AREA_STYLE('',(#8305));
#7961=FILL_AREA_STYLE('',(#8306));
#7962=FILL_AREA_STYLE('',(#8307));
#7963=FILL_AREA_STYLE('',(#8308));
#7964=FILL_AREA_STYLE('',(#8309));
#7965=FILL_AREA_STYLE('',(#8310));
#7966=FILL_AREA_STYLE('',(#8311));
#7967=FILL_AREA_STYLE('',(#8312));
#7968=FILL_AREA_STYLE('',(#8313));
#7969=FILL_AREA_STYLE('',(#8314));
#7970=FILL_AREA_STYLE('',(#8315));
#7971=FILL_AREA_STYLE('',(#8316));
#7972=FILL_AREA_STYLE('',(#8317));
#7973=FILL_AREA_STYLE('',(#8318));
#7974=FILL_AREA_STYLE('',(#8319));
#7975=FILL_AREA_STYLE('',(#8320));
#7976=FILL_AREA_STYLE('',(#8321));
#7977=FILL_AREA_STYLE('',(#8322));
#7978=FILL_AREA_STYLE('',(#8323));
#7979=FILL_AREA_STYLE('',(#8324));
#7980=FILL_AREA_STYLE('',(#8325));
#7981=FILL_AREA_STYLE('',(#8326));
#7982=FILL_AREA_STYLE('',(#8327));
#7983=FILL_AREA_STYLE('',(#8328));
#7984=FILL_AREA_STYLE('',(#8329));
#7985=FILL_AREA_STYLE('',(#8330));
#7986=FILL_AREA_STYLE('',(#8331));
#7987=FILL_AREA_STYLE('',(#8332));
#7988=FILL_AREA_STYLE('',(#8333));
#7989=FILL_AREA_STYLE('',(#8334));
#7990=FILL_AREA_STYLE('',(#8335));
#7991=FILL_AREA_STYLE('',(#8336));
#7992=FILL_AREA_STYLE('',(#8337));
#7993=FILL_AREA_STYLE('',(#8338));
#7994=FILL_AREA_STYLE('',(#8339));
#7995=FILL_AREA_STYLE('',(#8340));
#7996=FILL_AREA_STYLE('',(#8341));
#7997=FILL_AREA_STYLE('',(#8342));
#7998=FILL_AREA_STYLE('',(#8343));
#7999=FILL_AREA_STYLE('',(#8344));
#8000=FILL_AREA_STYLE('',(#8345));
#8001=FILL_AREA_STYLE('',(#8346));
#8002=FILL_AREA_STYLE('',(#8347));
#8003=FILL_AREA_STYLE('',(#8348));
#8004=FILL_AREA_STYLE('',(#8349));
#8005=FILL_AREA_STYLE('',(#8350));
#8006=FILL_AREA_STYLE('',(#8351));
#8007=FILL_AREA_STYLE('',(#8352));
#8008=FILL_AREA_STYLE('',(#8353));
#8009=FILL_AREA_STYLE('',(#8354));
#8010=FILL_AREA_STYLE('',(#8355));
#8011=FILL_AREA_STYLE('',(#8356));
#8012=FILL_AREA_STYLE('',(#8357));
#8013=FILL_AREA_STYLE('',(#8358));
#8014=FILL_AREA_STYLE('',(#8359));
#8015=FILL_AREA_STYLE('',(#8360));
#8016=FILL_AREA_STYLE('',(#8361));
#8017=FILL_AREA_STYLE('',(#8362));
#8018=FILL_AREA_STYLE('',(#8363));
#8019=FILL_AREA_STYLE('',(#8364));
#8020=FILL_AREA_STYLE('',(#8365));
#8021=FILL_AREA_STYLE('',(#8366));
#8022=FILL_AREA_STYLE('',(#8367));
#8023=FILL_AREA_STYLE('',(#8368));
#8024=FILL_AREA_STYLE('',(#8369));
#8025=FILL_AREA_STYLE('',(#8370));
#8026=FILL_AREA_STYLE('',(#8371));
#8027=FILL_AREA_STYLE('',(#8372));
#8028=FILL_AREA_STYLE('',(#8373));
#8029=FILL_AREA_STYLE('',(#8374));
#8030=FILL_AREA_STYLE('',(#8375));
#8031=FILL_AREA_STYLE('',(#8376));
#8032=FILL_AREA_STYLE('',(#8377));
#8033=FILL_AREA_STYLE('',(#8378));
#8034=FILL_AREA_STYLE('',(#8379));
#8035=FILL_AREA_STYLE('',(#8380));
#8036=FILL_AREA_STYLE('',(#8381));
#8037=FILL_AREA_STYLE('',(#8382));
#8038=FILL_AREA_STYLE('',(#8383));
#8039=FILL_AREA_STYLE('',(#8384));
#8040=FILL_AREA_STYLE('',(#8385));
#8041=FILL_AREA_STYLE('',(#8386));
#8042=FILL_AREA_STYLE('',(#8387));
#8043=FILL_AREA_STYLE('',(#8388));
#8044=FILL_AREA_STYLE('',(#8389));
#8045=FILL_AREA_STYLE('',(#8390));
#8046=FILL_AREA_STYLE('',(#8391));
#8047=FILL_AREA_STYLE('',(#8392));
#8048=FILL_AREA_STYLE('',(#8393));
#8049=FILL_AREA_STYLE('',(#8394));
#8050=FILL_AREA_STYLE('',(#8395));
#8051=FILL_AREA_STYLE('',(#8396));
#8052=FILL_AREA_STYLE('',(#8397));
#8053=FILL_AREA_STYLE('',(#8398));
#8054=FILL_AREA_STYLE('',(#8399));
#8055=FILL_AREA_STYLE('',(#8400));
#8056=FILL_AREA_STYLE('',(#8401));
#8057=FILL_AREA_STYLE('',(#8402));
#8058=FILL_AREA_STYLE('',(#8403));
#8059=FILL_AREA_STYLE('',(#8404));
#8060=FILL_AREA_STYLE('',(#8405));
#8061=FILL_AREA_STYLE('',(#8406));
#8062=FILL_AREA_STYLE('',(#8407));
#8063=FILL_AREA_STYLE('',(#8408));
#8064=FILL_AREA_STYLE('',(#8409));
#8065=FILL_AREA_STYLE('',(#8410));
#8066=FILL_AREA_STYLE('',(#8411));
#8067=FILL_AREA_STYLE('',(#8412));
#8068=FILL_AREA_STYLE('',(#8413));
#8069=FILL_AREA_STYLE('',(#8414));
#8070=FILL_AREA_STYLE('',(#8415));
#8071=FILL_AREA_STYLE('',(#8416));
#8072=FILL_AREA_STYLE('',(#8417));
#8073=FILL_AREA_STYLE('',(#8418));
#8074=FILL_AREA_STYLE('',(#8419));
#8075=FILL_AREA_STYLE('',(#8420));
#8076=FILL_AREA_STYLE('',(#8421));
#8077=FILL_AREA_STYLE('',(#8422));
#8078=FILL_AREA_STYLE('',(#8423));
#8079=FILL_AREA_STYLE('',(#8424));
#8080=FILL_AREA_STYLE('',(#8425));
#8081=FILL_AREA_STYLE('',(#8426));
#8082=FILL_AREA_STYLE('',(#8427));
#8083=FILL_AREA_STYLE('',(#8428));
#8084=FILL_AREA_STYLE('',(#8429));
#8085=FILL_AREA_STYLE('',(#8430));
#8086=FILL_AREA_STYLE('',(#8431));
#8087=FILL_AREA_STYLE('',(#8432));
#8088=FILL_AREA_STYLE('',(#8433));
#8089=FILL_AREA_STYLE('',(#8434));
#8090=FILL_AREA_STYLE('',(#8435));
#8091=FILL_AREA_STYLE('',(#8436));
#8092=FILL_AREA_STYLE('',(#8437));
#8093=FILL_AREA_STYLE('',(#8438));
#8094=FILL_AREA_STYLE('',(#8439));
#8095=FILL_AREA_STYLE('',(#8440));
#8096=FILL_AREA_STYLE('',(#8441));
#8097=FILL_AREA_STYLE('',(#8442));
#8098=FILL_AREA_STYLE('',(#8443));
#8099=FILL_AREA_STYLE('',(#8444));
#8100=FILL_AREA_STYLE('',(#8445));
#8101=FILL_AREA_STYLE('',(#8446));
#8102=FILL_AREA_STYLE('',(#8447));
#8103=FILL_AREA_STYLE('',(#8448));
#8104=FILL_AREA_STYLE('',(#8449));
#8105=FILL_AREA_STYLE('',(#8450));
#8106=FILL_AREA_STYLE('',(#8451));
#8107=FILL_AREA_STYLE('',(#8452));
#8108=FILL_AREA_STYLE('',(#8453));
#8109=FILL_AREA_STYLE('',(#8454));
#8110=FILL_AREA_STYLE('',(#8455));
#8111=FILL_AREA_STYLE('',(#8456));
#8112=FILL_AREA_STYLE('',(#8457));
#8113=FILL_AREA_STYLE('',(#8458));
#8114=FILL_AREA_STYLE('',(#8459));
#8115=FILL_AREA_STYLE('',(#8460));
#8116=FILL_AREA_STYLE('',(#8461));
#8117=FILL_AREA_STYLE('',(#8462));
#8118=FILL_AREA_STYLE('',(#8463));
#8119=FILL_AREA_STYLE('',(#8464));
#8120=FILL_AREA_STYLE('',(#8465));
#8121=FILL_AREA_STYLE('',(#8466));
#8122=FILL_AREA_STYLE('',(#8467));
#8123=FILL_AREA_STYLE('',(#8468));
#8124=FILL_AREA_STYLE('',(#8469));
#8125=FILL_AREA_STYLE('',(#8470));
#8126=FILL_AREA_STYLE('',(#8471));
#8127=FILL_AREA_STYLE('',(#8472));
#8128=FILL_AREA_STYLE('',(#8473));
#8129=FILL_AREA_STYLE('',(#8474));
#8130=FILL_AREA_STYLE('',(#8475));
#8131=FILL_AREA_STYLE('',(#8476));
#8132=FILL_AREA_STYLE('',(#8477));
#8133=FILL_AREA_STYLE('',(#8478));
#8134=FILL_AREA_STYLE('',(#8479));
#8135=FILL_AREA_STYLE('',(#8480));
#8136=FILL_AREA_STYLE('',(#8481));
#8137=FILL_AREA_STYLE('',(#8482));
#8138=FILL_AREA_STYLE('',(#8483));
#8139=FILL_AREA_STYLE_COLOUR('',#8484);
#8140=FILL_AREA_STYLE_COLOUR('',#8485);
#8141=FILL_AREA_STYLE_COLOUR('',#8485);
#8142=FILL_AREA_STYLE_COLOUR('',#8485);
#8143=FILL_AREA_STYLE_COLOUR('',#8485);
#8144=FILL_AREA_STYLE_COLOUR('',#8485);
#8145=FILL_AREA_STYLE_COLOUR('',#8485);
#8146=FILL_AREA_STYLE_COLOUR('',#116);
#8147=FILL_AREA_STYLE_COLOUR('',#116);
#8148=FILL_AREA_STYLE_COLOUR('',#116);
#8149=FILL_AREA_STYLE_COLOUR('',#116);
#8150=FILL_AREA_STYLE_COLOUR('',#116);
#8151=FILL_AREA_STYLE_COLOUR('',#116);
#8152=FILL_AREA_STYLE_COLOUR('',#116);
#8153=FILL_AREA_STYLE_COLOUR('',#116);
#8154=FILL_AREA_STYLE_COLOUR('',#116);
#8155=FILL_AREA_STYLE_COLOUR('',#116);
#8156=FILL_AREA_STYLE_COLOUR('',#116);
#8157=FILL_AREA_STYLE_COLOUR('',#116);
#8158=FILL_AREA_STYLE_COLOUR('',#116);
#8159=FILL_AREA_STYLE_COLOUR('',#116);
#8160=FILL_AREA_STYLE_COLOUR('',#116);
#8161=FILL_AREA_STYLE_COLOUR('',#116);
#8162=FILL_AREA_STYLE_COLOUR('',#116);
#8163=FILL_AREA_STYLE_COLOUR('',#116);
#8164=FILL_AREA_STYLE_COLOUR('',#116);
#8165=FILL_AREA_STYLE_COLOUR('',#116);
#8166=FILL_AREA_STYLE_COLOUR('',#116);
#8167=FILL_AREA_STYLE_COLOUR('',#116);
#8168=FILL_AREA_STYLE_COLOUR('',#116);
#8169=FILL_AREA_STYLE_COLOUR('',#116);
#8170=FILL_AREA_STYLE_COLOUR('',#116);
#8171=FILL_AREA_STYLE_COLOUR('',#116);
#8172=FILL_AREA_STYLE_COLOUR('',#116);
#8173=FILL_AREA_STYLE_COLOUR('',#116);
#8174=FILL_AREA_STYLE_COLOUR('',#116);
#8175=FILL_AREA_STYLE_COLOUR('',#116);
#8176=FILL_AREA_STYLE_COLOUR('',#116);
#8177=FILL_AREA_STYLE_COLOUR('',#116);
#8178=FILL_AREA_STYLE_COLOUR('',#116);
#8179=FILL_AREA_STYLE_COLOUR('',#116);
#8180=FILL_AREA_STYLE_COLOUR('',#116);
#8181=FILL_AREA_STYLE_COLOUR('',#116);
#8182=FILL_AREA_STYLE_COLOUR('',#116);
#8183=FILL_AREA_STYLE_COLOUR('',#116);
#8184=FILL_AREA_STYLE_COLOUR('',#116);
#8185=FILL_AREA_STYLE_COLOUR('',#116);
#8186=FILL_AREA_STYLE_COLOUR('',#116);
#8187=FILL_AREA_STYLE_COLOUR('',#116);
#8188=FILL_AREA_STYLE_COLOUR('',#116);
#8189=FILL_AREA_STYLE_COLOUR('',#116);
#8190=FILL_AREA_STYLE_COLOUR('',#116);
#8191=FILL_AREA_STYLE_COLOUR('',#116);
#8192=FILL_AREA_STYLE_COLOUR('',#116);
#8193=FILL_AREA_STYLE_COLOUR('',#116);
#8194=FILL_AREA_STYLE_COLOUR('',#116);
#8195=FILL_AREA_STYLE_COLOUR('',#116);
#8196=FILL_AREA_STYLE_COLOUR('',#116);
#8197=FILL_AREA_STYLE_COLOUR('',#116);
#8198=FILL_AREA_STYLE_COLOUR('',#116);
#8199=FILL_AREA_STYLE_COLOUR('',#116);
#8200=FILL_AREA_STYLE_COLOUR('',#116);
#8201=FILL_AREA_STYLE_COLOUR('',#116);
#8202=FILL_AREA_STYLE_COLOUR('',#116);
#8203=FILL_AREA_STYLE_COLOUR('',#116);
#8204=FILL_AREA_STYLE_COLOUR('',#116);
#8205=FILL_AREA_STYLE_COLOUR('',#116);
#8206=FILL_AREA_STYLE_COLOUR('',#116);
#8207=FILL_AREA_STYLE_COLOUR('',#116);
#8208=FILL_AREA_STYLE_COLOUR('',#116);
#8209=FILL_AREA_STYLE_COLOUR('',#116);
#8210=FILL_AREA_STYLE_COLOUR('',#116);
#8211=FILL_AREA_STYLE_COLOUR('',#116);
#8212=FILL_AREA_STYLE_COLOUR('',#116);
#8213=FILL_AREA_STYLE_COLOUR('',#116);
#8214=FILL_AREA_STYLE_COLOUR('',#116);
#8215=FILL_AREA_STYLE_COLOUR('',#116);
#8216=FILL_AREA_STYLE_COLOUR('',#116);
#8217=FILL_AREA_STYLE_COLOUR('',#116);
#8218=FILL_AREA_STYLE_COLOUR('',#116);
#8219=FILL_AREA_STYLE_COLOUR('',#116);
#8220=FILL_AREA_STYLE_COLOUR('',#116);
#8221=FILL_AREA_STYLE_COLOUR('',#116);
#8222=FILL_AREA_STYLE_COLOUR('',#116);
#8223=FILL_AREA_STYLE_COLOUR('',#116);
#8224=FILL_AREA_STYLE_COLOUR('',#116);
#8225=FILL_AREA_STYLE_COLOUR('',#116);
#8226=FILL_AREA_STYLE_COLOUR('',#116);
#8227=FILL_AREA_STYLE_COLOUR('',#116);
#8228=FILL_AREA_STYLE_COLOUR('',#116);
#8229=FILL_AREA_STYLE_COLOUR('',#116);
#8230=FILL_AREA_STYLE_COLOUR('',#116);
#8231=FILL_AREA_STYLE_COLOUR('',#116);
#8232=FILL_AREA_STYLE_COLOUR('',#116);
#8233=FILL_AREA_STYLE_COLOUR('',#116);
#8234=FILL_AREA_STYLE_COLOUR('',#116);
#8235=FILL_AREA_STYLE_COLOUR('',#116);
#8236=FILL_AREA_STYLE_COLOUR('',#116);
#8237=FILL_AREA_STYLE_COLOUR('',#116);
#8238=FILL_AREA_STYLE_COLOUR('',#116);
#8239=FILL_AREA_STYLE_COLOUR('',#116);
#8240=FILL_AREA_STYLE_COLOUR('',#116);
#8241=FILL_AREA_STYLE_COLOUR('',#116);
#8242=FILL_AREA_STYLE_COLOUR('',#116);
#8243=FILL_AREA_STYLE_COLOUR('',#116);
#8244=FILL_AREA_STYLE_COLOUR('',#116);
#8245=FILL_AREA_STYLE_COLOUR('',#116);
#8246=FILL_AREA_STYLE_COLOUR('',#116);
#8247=FILL_AREA_STYLE_COLOUR('',#116);
#8248=FILL_AREA_STYLE_COLOUR('',#116);
#8249=FILL_AREA_STYLE_COLOUR('',#116);
#8250=FILL_AREA_STYLE_COLOUR('',#116);
#8251=FILL_AREA_STYLE_COLOUR('',#116);
#8252=FILL_AREA_STYLE_COLOUR('',#116);
#8253=FILL_AREA_STYLE_COLOUR('',#116);
#8254=FILL_AREA_STYLE_COLOUR('',#116);
#8255=FILL_AREA_STYLE_COLOUR('',#116);
#8256=FILL_AREA_STYLE_COLOUR('',#8485);
#8257=FILL_AREA_STYLE_COLOUR('',#116);
#8258=FILL_AREA_STYLE_COLOUR('',#116);
#8259=FILL_AREA_STYLE_COLOUR('',#116);
#8260=FILL_AREA_STYLE_COLOUR('',#116);
#8261=FILL_AREA_STYLE_COLOUR('',#116);
#8262=FILL_AREA_STYLE_COLOUR('',#116);
#8263=FILL_AREA_STYLE_COLOUR('',#116);
#8264=FILL_AREA_STYLE_COLOUR('',#116);
#8265=FILL_AREA_STYLE_COLOUR('',#116);
#8266=FILL_AREA_STYLE_COLOUR('',#116);
#8267=FILL_AREA_STYLE_COLOUR('',#116);
#8268=FILL_AREA_STYLE_COLOUR('',#116);
#8269=FILL_AREA_STYLE_COLOUR('',#116);
#8270=FILL_AREA_STYLE_COLOUR('',#116);
#8271=FILL_AREA_STYLE_COLOUR('',#116);
#8272=FILL_AREA_STYLE_COLOUR('',#116);
#8273=FILL_AREA_STYLE_COLOUR('',#116);
#8274=FILL_AREA_STYLE_COLOUR('',#116);
#8275=FILL_AREA_STYLE_COLOUR('',#116);
#8276=FILL_AREA_STYLE_COLOUR('',#116);
#8277=FILL_AREA_STYLE_COLOUR('',#116);
#8278=FILL_AREA_STYLE_COLOUR('',#116);
#8279=FILL_AREA_STYLE_COLOUR('',#116);
#8280=FILL_AREA_STYLE_COLOUR('',#116);
#8281=FILL_AREA_STYLE_COLOUR('',#116);
#8282=FILL_AREA_STYLE_COLOUR('',#116);
#8283=FILL_AREA_STYLE_COLOUR('',#116);
#8284=FILL_AREA_STYLE_COLOUR('',#116);
#8285=FILL_AREA_STYLE_COLOUR('',#116);
#8286=FILL_AREA_STYLE_COLOUR('',#116);
#8287=FILL_AREA_STYLE_COLOUR('',#116);
#8288=FILL_AREA_STYLE_COLOUR('',#116);
#8289=FILL_AREA_STYLE_COLOUR('',#116);
#8290=FILL_AREA_STYLE_COLOUR('',#116);
#8291=FILL_AREA_STYLE_COLOUR('',#116);
#8292=FILL_AREA_STYLE_COLOUR('',#116);
#8293=FILL_AREA_STYLE_COLOUR('',#116);
#8294=FILL_AREA_STYLE_COLOUR('',#116);
#8295=FILL_AREA_STYLE_COLOUR('',#116);
#8296=FILL_AREA_STYLE_COLOUR('',#116);
#8297=FILL_AREA_STYLE_COLOUR('',#116);
#8298=FILL_AREA_STYLE_COLOUR('',#116);
#8299=FILL_AREA_STYLE_COLOUR('',#116);
#8300=FILL_AREA_STYLE_COLOUR('',#8485);
#8301=FILL_AREA_STYLE_COLOUR('',#116);
#8302=FILL_AREA_STYLE_COLOUR('',#116);
#8303=FILL_AREA_STYLE_COLOUR('',#116);
#8304=FILL_AREA_STYLE_COLOUR('',#116);
#8305=FILL_AREA_STYLE_COLOUR('',#116);
#8306=FILL_AREA_STYLE_COLOUR('',#116);
#8307=FILL_AREA_STYLE_COLOUR('',#116);
#8308=FILL_AREA_STYLE_COLOUR('',#116);
#8309=FILL_AREA_STYLE_COLOUR('',#116);
#8310=FILL_AREA_STYLE_COLOUR('',#116);
#8311=FILL_AREA_STYLE_COLOUR('',#116);
#8312=FILL_AREA_STYLE_COLOUR('',#116);
#8313=FILL_AREA_STYLE_COLOUR('',#116);
#8314=FILL_AREA_STYLE_COLOUR('',#116);
#8315=FILL_AREA_STYLE_COLOUR('',#116);
#8316=FILL_AREA_STYLE_COLOUR('',#116);
#8317=FILL_AREA_STYLE_COLOUR('',#116);
#8318=FILL_AREA_STYLE_COLOUR('',#116);
#8319=FILL_AREA_STYLE_COLOUR('',#116);
#8320=FILL_AREA_STYLE_COLOUR('',#116);
#8321=FILL_AREA_STYLE_COLOUR('',#116);
#8322=FILL_AREA_STYLE_COLOUR('',#116);
#8323=FILL_AREA_STYLE_COLOUR('',#116);
#8324=FILL_AREA_STYLE_COLOUR('',#116);
#8325=FILL_AREA_STYLE_COLOUR('',#116);
#8326=FILL_AREA_STYLE_COLOUR('',#116);
#8327=FILL_AREA_STYLE_COLOUR('',#116);
#8328=FILL_AREA_STYLE_COLOUR('',#116);
#8329=FILL_AREA_STYLE_COLOUR('',#116);
#8330=FILL_AREA_STYLE_COLOUR('',#116);
#8331=FILL_AREA_STYLE_COLOUR('',#116);
#8332=FILL_AREA_STYLE_COLOUR('',#116);
#8333=FILL_AREA_STYLE_COLOUR('',#116);
#8334=FILL_AREA_STYLE_COLOUR('',#116);
#8335=FILL_AREA_STYLE_COLOUR('',#116);
#8336=FILL_AREA_STYLE_COLOUR('',#116);
#8337=FILL_AREA_STYLE_COLOUR('',#116);
#8338=FILL_AREA_STYLE_COLOUR('',#116);
#8339=FILL_AREA_STYLE_COLOUR('',#116);
#8340=FILL_AREA_STYLE_COLOUR('',#116);
#8341=FILL_AREA_STYLE_COLOUR('',#116);
#8342=FILL_AREA_STYLE_COLOUR('',#116);
#8343=FILL_AREA_STYLE_COLOUR('',#116);
#8344=FILL_AREA_STYLE_COLOUR('',#116);
#8345=FILL_AREA_STYLE_COLOUR('',#116);
#8346=FILL_AREA_STYLE_COLOUR('',#116);
#8347=FILL_AREA_STYLE_COLOUR('',#116);
#8348=FILL_AREA_STYLE_COLOUR('',#116);
#8349=FILL_AREA_STYLE_COLOUR('',#116);
#8350=FILL_AREA_STYLE_COLOUR('',#116);
#8351=FILL_AREA_STYLE_COLOUR('',#116);
#8352=FILL_AREA_STYLE_COLOUR('',#116);
#8353=FILL_AREA_STYLE_COLOUR('',#116);
#8354=FILL_AREA_STYLE_COLOUR('',#116);
#8355=FILL_AREA_STYLE_COLOUR('',#116);
#8356=FILL_AREA_STYLE_COLOUR('',#116);
#8357=FILL_AREA_STYLE_COLOUR('',#116);
#8358=FILL_AREA_STYLE_COLOUR('',#116);
#8359=FILL_AREA_STYLE_COLOUR('',#116);
#8360=FILL_AREA_STYLE_COLOUR('',#116);
#8361=FILL_AREA_STYLE_COLOUR('',#116);
#8362=FILL_AREA_STYLE_COLOUR('',#116);
#8363=FILL_AREA_STYLE_COLOUR('',#116);
#8364=FILL_AREA_STYLE_COLOUR('',#116);
#8365=FILL_AREA_STYLE_COLOUR('',#116);
#8366=FILL_AREA_STYLE_COLOUR('',#116);
#8367=FILL_AREA_STYLE_COLOUR('',#116);
#8368=FILL_AREA_STYLE_COLOUR('',#116);
#8369=FILL_AREA_STYLE_COLOUR('',#116);
#8370=FILL_AREA_STYLE_COLOUR('',#116);
#8371=FILL_AREA_STYLE_COLOUR('',#116);
#8372=FILL_AREA_STYLE_COLOUR('',#116);
#8373=FILL_AREA_STYLE_COLOUR('',#116);
#8374=FILL_AREA_STYLE_COLOUR('',#116);
#8375=FILL_AREA_STYLE_COLOUR('',#116);
#8376=FILL_AREA_STYLE_COLOUR('',#116);
#8377=FILL_AREA_STYLE_COLOUR('',#116);
#8378=FILL_AREA_STYLE_COLOUR('',#116);
#8379=FILL_AREA_STYLE_COLOUR('',#116);
#8380=FILL_AREA_STYLE_COLOUR('',#116);
#8381=FILL_AREA_STYLE_COLOUR('',#116);
#8382=FILL_AREA_STYLE_COLOUR('',#116);
#8383=FILL_AREA_STYLE_COLOUR('',#116);
#8384=FILL_AREA_STYLE_COLOUR('',#116);
#8385=FILL_AREA_STYLE_COLOUR('',#116);
#8386=FILL_AREA_STYLE_COLOUR('',#116);
#8387=FILL_AREA_STYLE_COLOUR('',#116);
#8388=FILL_AREA_STYLE_COLOUR('',#116);
#8389=FILL_AREA_STYLE_COLOUR('',#116);
#8390=FILL_AREA_STYLE_COLOUR('',#116);
#8391=FILL_AREA_STYLE_COLOUR('',#116);
#8392=FILL_AREA_STYLE_COLOUR('',#116);
#8393=FILL_AREA_STYLE_COLOUR('',#116);
#8394=FILL_AREA_STYLE_COLOUR('',#116);
#8395=FILL_AREA_STYLE_COLOUR('',#116);
#8396=FILL_AREA_STYLE_COLOUR('',#116);
#8397=FILL_AREA_STYLE_COLOUR('',#116);
#8398=FILL_AREA_STYLE_COLOUR('',#116);
#8399=FILL_AREA_STYLE_COLOUR('',#116);
#8400=FILL_AREA_STYLE_COLOUR('',#116);
#8401=FILL_AREA_STYLE_COLOUR('',#116);
#8402=FILL_AREA_STYLE_COLOUR('',#116);
#8403=FILL_AREA_STYLE_COLOUR('',#116);
#8404=FILL_AREA_STYLE_COLOUR('',#116);
#8405=FILL_AREA_STYLE_COLOUR('',#116);
#8406=FILL_AREA_STYLE_COLOUR('',#116);
#8407=FILL_AREA_STYLE_COLOUR('',#116);
#8408=FILL_AREA_STYLE_COLOUR('',#116);
#8409=FILL_AREA_STYLE_COLOUR('',#116);
#8410=FILL_AREA_STYLE_COLOUR('',#116);
#8411=FILL_AREA_STYLE_COLOUR('',#8485);
#8412=FILL_AREA_STYLE_COLOUR('',#116);
#8413=FILL_AREA_STYLE_COLOUR('',#116);
#8414=FILL_AREA_STYLE_COLOUR('',#116);
#8415=FILL_AREA_STYLE_COLOUR('',#116);
#8416=FILL_AREA_STYLE_COLOUR('',#116);
#8417=FILL_AREA_STYLE_COLOUR('',#116);
#8418=FILL_AREA_STYLE_COLOUR('',#116);
#8419=FILL_AREA_STYLE_COLOUR('',#116);
#8420=FILL_AREA_STYLE_COLOUR('',#116);
#8421=FILL_AREA_STYLE_COLOUR('',#116);
#8422=FILL_AREA_STYLE_COLOUR('',#116);
#8423=FILL_AREA_STYLE_COLOUR('',#116);
#8424=FILL_AREA_STYLE_COLOUR('',#116);
#8425=FILL_AREA_STYLE_COLOUR('',#116);
#8426=FILL_AREA_STYLE_COLOUR('',#116);
#8427=FILL_AREA_STYLE_COLOUR('',#116);
#8428=FILL_AREA_STYLE_COLOUR('',#116);
#8429=FILL_AREA_STYLE_COLOUR('',#116);
#8430=FILL_AREA_STYLE_COLOUR('',#116);
#8431=FILL_AREA_STYLE_COLOUR('',#116);
#8432=FILL_AREA_STYLE_COLOUR('',#116);
#8433=FILL_AREA_STYLE_COLOUR('',#116);
#8434=FILL_AREA_STYLE_COLOUR('',#116);
#8435=FILL_AREA_STYLE_COLOUR('',#116);
#8436=FILL_AREA_STYLE_COLOUR('',#116);
#8437=FILL_AREA_STYLE_COLOUR('',#116);
#8438=FILL_AREA_STYLE_COLOUR('',#116);
#8439=FILL_AREA_STYLE_COLOUR('',#116);
#8440=FILL_AREA_STYLE_COLOUR('',#116);
#8441=FILL_AREA_STYLE_COLOUR('',#116);
#8442=FILL_AREA_STYLE_COLOUR('',#116);
#8443=FILL_AREA_STYLE_COLOUR('',#116);
#8444=FILL_AREA_STYLE_COLOUR('',#116);
#8445=FILL_AREA_STYLE_COLOUR('',#116);
#8446=FILL_AREA_STYLE_COLOUR('',#116);
#8447=FILL_AREA_STYLE_COLOUR('',#116);
#8448=FILL_AREA_STYLE_COLOUR('',#116);
#8449=FILL_AREA_STYLE_COLOUR('',#116);
#8450=FILL_AREA_STYLE_COLOUR('',#116);
#8451=FILL_AREA_STYLE_COLOUR('',#116);
#8452=FILL_AREA_STYLE_COLOUR('',#116);
#8453=FILL_AREA_STYLE_COLOUR('',#116);
#8454=FILL_AREA_STYLE_COLOUR('',#116);
#8455=FILL_AREA_STYLE_COLOUR('',#8485);
#8456=FILL_AREA_STYLE_COLOUR('',#116);
#8457=FILL_AREA_STYLE_COLOUR('',#116);
#8458=FILL_AREA_STYLE_COLOUR('',#116);
#8459=FILL_AREA_STYLE_COLOUR('',#116);
#8460=FILL_AREA_STYLE_COLOUR('',#116);
#8461=FILL_AREA_STYLE_COLOUR('',#116);
#8462=FILL_AREA_STYLE_COLOUR('',#116);
#8463=FILL_AREA_STYLE_COLOUR('',#116);
#8464=FILL_AREA_STYLE_COLOUR('',#116);
#8465=FILL_AREA_STYLE_COLOUR('',#116);
#8466=FILL_AREA_STYLE_COLOUR('',#116);
#8467=FILL_AREA_STYLE_COLOUR('',#116);
#8468=FILL_AREA_STYLE_COLOUR('',#116);
#8469=FILL_AREA_STYLE_COLOUR('',#116);
#8470=FILL_AREA_STYLE_COLOUR('',#116);
#8471=FILL_AREA_STYLE_COLOUR('',#116);
#8472=FILL_AREA_STYLE_COLOUR('',#116);
#8473=FILL_AREA_STYLE_COLOUR('',#116);
#8474=FILL_AREA_STYLE_COLOUR('',#116);
#8475=FILL_AREA_STYLE_COLOUR('',#116);
#8476=FILL_AREA_STYLE_COLOUR('',#116);
#8477=FILL_AREA_STYLE_COLOUR('',#116);
#8478=FILL_AREA_STYLE_COLOUR('',#116);
#8479=FILL_AREA_STYLE_COLOUR('',#116);
#8480=FILL_AREA_STYLE_COLOUR('',#116);
#8481=FILL_AREA_STYLE_COLOUR('',#116);
#8482=FILL_AREA_STYLE_COLOUR('',#116);
#8483=FILL_AREA_STYLE_COLOUR('',#116);
#8484=COLOUR_RGB('',0.615686274509804,0.811764705882353,0.929411764705882);
#8485=COLOUR_RGB('',0.176470588235294,0.152941176470588,0.141176470588235);
#8486=MANIFOLD_SOLID_BREP('Part 1',#6412);
#8487=SHAPE_DEFINITION_REPRESENTATION(#14652,#8488);
#8488=SHAPE_REPRESENTATION('Part 1',(#8489),#14647);
#8489=AXIS2_PLACEMENT_3D('',#9685,#8843,#8844);
#8490=AXIS2_PLACEMENT_3D('',#9686,#8845,#8846);
#8491=AXIS2_PLACEMENT_3D('',#9687,#8847,#8848);
#8492=AXIS2_PLACEMENT_3D('',#9692,#8850,#8851);
#8493=AXIS2_PLACEMENT_3D('',#9694,#8852,#8853);
#8494=AXIS2_PLACEMENT_3D('',#9726,#8854,#8855);
#8495=AXIS2_PLACEMENT_3D('',#9743,#8856,#8857);
#8496=AXIS2_PLACEMENT_3D('',#9747,#8859,#8860);
#8497=AXIS2_PLACEMENT_3D('',#9846,#8862,#8863);
#8498=AXIS2_PLACEMENT_3D('',#9849,#8864,#8865);
#8499=AXIS2_PLACEMENT_3D('',#9853,#8867,#8868);
#8500=AXIS2_PLACEMENT_3D('',#9984,#8869,#8870);
#8501=AXIS2_PLACEMENT_3D('',#9987,#8871,#8872);
#8502=AXIS2_PLACEMENT_3D('',#9989,#8873,#8874);
#8503=AXIS2_PLACEMENT_3D('',#9991,#8875,#8876);
#8504=AXIS2_PLACEMENT_3D('',#9995,#8878,#8879);
#8505=AXIS2_PLACEMENT_3D('',#10004,#8881,#8882);
#8506=AXIS2_PLACEMENT_3D('',#10008,#8884,#8885);
#8507=AXIS2_PLACEMENT_3D('',#10012,#8887,#8888);
#8508=AXIS2_PLACEMENT_3D('',#10036,#8890,#8891);
#8509=AXIS2_PLACEMENT_3D('',#10040,#8893,#8894);
#8510=AXIS2_PLACEMENT_3D('',#10044,#8896,#8897);
#8511=AXIS2_PLACEMENT_3D('',#10068,#8899,#8900);
#8512=AXIS2_PLACEMENT_3D('',#10072,#8902,#8903);
#8513=AXIS2_PLACEMENT_3D('',#10136,#8905,#8906);
#8514=AXIS2_PLACEMENT_3D('',#10148,#8907,#8908);
#8515=AXIS2_PLACEMENT_3D('',#10207,#8910,#8911);
#8516=AXIS2_PLACEMENT_3D('',#10211,#8913,#8914);
#8517=AXIS2_PLACEMENT_3D('',#10212,#8915,#8916);
#8518=AXIS2_PLACEMENT_3D('',#10214,#8917,#8918);
#8519=AXIS2_PLACEMENT_3D('',#10222,#8919,#8920);
#8520=AXIS2_PLACEMENT_3D('',#10226,#8922,#8923);
#8521=AXIS2_PLACEMENT_3D('',#10328,#8926,#8927);
#8522=AXIS2_PLACEMENT_3D('',#10332,#8929,#8930);
#8523=AXIS2_PLACEMENT_3D('',#10341,#8932,#8933);
#8524=AXIS2_PLACEMENT_3D('',#10345,#8935,#8936);
#8525=AXIS2_PLACEMENT_3D('',#10409,#8938,#8939);
#8526=AXIS2_PLACEMENT_3D('',#10421,#8940,#8941);
#8527=AXIS2_PLACEMENT_3D('',#10485,#8943,#8944);
#8528=AXIS2_PLACEMENT_3D('',#10489,#8946,#8947);
#8529=AXIS2_PLACEMENT_3D('',#10493,#8949,#8950);
#8530=AXIS2_PLACEMENT_3D('',#10517,#8952,#8953);
#8531=AXIS2_PLACEMENT_3D('',#10521,#8955,#8956);
#8532=AXIS2_PLACEMENT_3D('',#10525,#8958,#8959);
#8533=AXIS2_PLACEMENT_3D('',#10541,#8960,#8961);
#8534=AXIS2_PLACEMENT_3D('',#10544,#8962,#8963);
#8535=AXIS2_PLACEMENT_3D('',#10546,#8964,#8965);
#8536=AXIS2_PLACEMENT_3D('',#10548,#8966,#8967);
#8537=AXIS2_PLACEMENT_3D('',#10552,#8969,#8970);
#8538=AXIS2_PLACEMENT_3D('',#10553,#8971,#8972);
#8539=AXIS2_PLACEMENT_3D('',#10556,#8973,#8974);
#8540=AXIS2_PLACEMENT_3D('',#10560,#8976,#8977);
#8541=AXIS2_PLACEMENT_3D('',#10691,#8978,#8979);
#8542=AXIS2_PLACEMENT_3D('',#10696,#8981,#8982);
#8543=AXIS2_PLACEMENT_3D('',#10698,#8983,#8984);
#8544=AXIS2_PLACEMENT_3D('',#10730,#8985,#8986);
#8545=AXIS2_PLACEMENT_3D('',#10741,#8987,#8988);
#8546=AXIS2_PLACEMENT_3D('',#10742,#8989,#8990);
#8547=AXIS2_PLACEMENT_3D('',#10744,#8991,#8992);
#8548=AXIS2_PLACEMENT_3D('',#10745,#8993,#8994);
#8549=AXIS2_PLACEMENT_3D('',#10747,#8995,#8996);
#8550=AXIS2_PLACEMENT_3D('',#10749,#8997,#8998);
#8551=AXIS2_PLACEMENT_3D('',#10750,#8999,#9000);
#8552=AXIS2_PLACEMENT_3D('',#10751,#9001,#9002);
#8553=AXIS2_PLACEMENT_3D('',#10752,#9003,#9004);
#8554=AXIS2_PLACEMENT_3D('',#10755,#9006,#9007);
#8555=AXIS2_PLACEMENT_3D('',#10758,#9009,#9010);
#8556=AXIS2_PLACEMENT_3D('',#10762,#9013,#9014);
#8557=AXIS2_PLACEMENT_3D('',#10765,#9016,#9017);
#8558=AXIS2_PLACEMENT_3D('',#10766,#9018,#9019);
#8559=AXIS2_PLACEMENT_3D('',#10768,#9021,#9022);
#8560=AXIS2_PLACEMENT_3D('',#10769,#9023,#9024);
#8561=AXIS2_PLACEMENT_3D('',#10772,#9026,#9027);
#8562=AXIS2_PLACEMENT_3D('',#10775,#9029,#9030);
#8563=AXIS2_PLACEMENT_3D('',#10782,#9032,#9033);
#8564=AXIS2_PLACEMENT_3D('',#10792,#9034,#9035);
#8565=AXIS2_PLACEMENT_3D('',#10802,#9036,#9037);
#8566=AXIS2_PLACEMENT_3D('',#10846,#9038,#9039);
#8567=AXIS2_PLACEMENT_3D('',#10856,#9040,#9041);
#8568=AXIS2_PLACEMENT_3D('',#10866,#9042,#9043);
#8569=AXIS2_PLACEMENT_3D('',#10876,#9044,#9045);
#8570=AXIS2_PLACEMENT_3D('',#10886,#9046,#9047);
#8571=AXIS2_PLACEMENT_3D('',#10896,#9048,#9049);
#8572=AXIS2_PLACEMENT_3D('',#10923,#9050,#9051);
#8573=AXIS2_PLACEMENT_3D('',#10929,#9052,#9053);
#8574=AXIS2_PLACEMENT_3D('',#10930,#9054,#9055);
#8575=AXIS2_PLACEMENT_3D('',#10942,#9057,#9058);
#8576=AXIS2_PLACEMENT_3D('',#10948,#9059,#9060);
#8577=AXIS2_PLACEMENT_3D('',#10966,#9061,#9062);
#8578=AXIS2_PLACEMENT_3D('',#10976,#9063,#9064);
#8579=AXIS2_PLACEMENT_3D('',#10986,#9065,#9066);
#8580=AXIS2_PLACEMENT_3D('',#10996,#9067,#9068);
#8581=AXIS2_PLACEMENT_3D('',#11006,#9069,#9070);
#8582=AXIS2_PLACEMENT_3D('',#11016,#9071,#9072);
#8583=AXIS2_PLACEMENT_3D('',#11060,#9073,#9074);
#8584=AXIS2_PLACEMENT_3D('',#11070,#9075,#9076);
#8585=AXIS2_PLACEMENT_3D('',#11080,#9077,#9078);
#8586=AXIS2_PLACEMENT_3D('',#11090,#9079,#9080);
#8587=AXIS2_PLACEMENT_3D('',#11094,#9083,#9084);
#8588=AXIS2_PLACEMENT_3D('',#11097,#9086,#9087);
#8589=AXIS2_PLACEMENT_3D('',#11098,#9088,#9089);
#8590=AXIS2_PLACEMENT_3D('',#11100,#9091,#9092);
#8591=AXIS2_PLACEMENT_3D('',#11101,#9093,#9094);
#8592=AXIS2_PLACEMENT_3D('',#11104,#9096,#9097);
#8593=AXIS2_PLACEMENT_3D('',#11107,#9099,#9100);
#8594=AXIS2_PLACEMENT_3D('',#11114,#9102,#9103);
#8595=AXIS2_PLACEMENT_3D('',#11124,#9104,#9105);
#8596=AXIS2_PLACEMENT_3D('',#11134,#9106,#9107);
#8597=AXIS2_PLACEMENT_3D('',#11161,#9108,#9109);
#8598=AXIS2_PLACEMENT_3D('',#11164,#9111,#9112);
#8599=AXIS2_PLACEMENT_3D('',#11165,#9113,#9114);
#8600=AXIS2_PLACEMENT_3D('',#11169,#9117,#9118);
#8601=AXIS2_PLACEMENT_3D('',#11172,#9120,#9121);
#8602=AXIS2_PLACEMENT_3D('',#11173,#9122,#9123);
#8603=AXIS2_PLACEMENT_3D('',#11175,#9125,#9126);
#8604=AXIS2_PLACEMENT_3D('',#11176,#9127,#9128);
#8605=AXIS2_PLACEMENT_3D('',#11179,#9130,#9131);
#8606=AXIS2_PLACEMENT_3D('',#11182,#9133,#9134);
#8607=AXIS2_PLACEMENT_3D('',#11189,#9136,#9137);
#8608=AXIS2_PLACEMENT_3D('',#11199,#9138,#9139);
#8609=AXIS2_PLACEMENT_3D('',#11209,#9140,#9141);
#8610=AXIS2_PLACEMENT_3D('',#11236,#9142,#9143);
#8611=AXIS2_PLACEMENT_3D('',#11239,#9145,#9146);
#8612=AXIS2_PLACEMENT_3D('',#11240,#9147,#9148);
#8613=AXIS2_PLACEMENT_3D('',#11244,#9151,#9152);
#8614=AXIS2_PLACEMENT_3D('',#11247,#9154,#9155);
#8615=AXIS2_PLACEMENT_3D('',#11248,#9156,#9157);
#8616=AXIS2_PLACEMENT_3D('',#11250,#9159,#9160);
#8617=AXIS2_PLACEMENT_3D('',#11251,#9161,#9162);
#8618=AXIS2_PLACEMENT_3D('',#11259,#9164,#9165);
#8619=AXIS2_PLACEMENT_3D('',#11260,#9166,#9167);
#8620=AXIS2_PLACEMENT_3D('',#11263,#9169,#9170);
#8621=AXIS2_PLACEMENT_3D('',#11264,#9171,#9172);
#8622=AXIS2_PLACEMENT_3D('',#11270,#9173,#9174);
#8623=AXIS2_PLACEMENT_3D('',#11271,#9175,#9176);
#8624=AXIS2_PLACEMENT_3D('',#11274,#9178,#9179);
#8625=AXIS2_PLACEMENT_3D('',#11275,#9180,#9181);
#8626=AXIS2_PLACEMENT_3D('',#11278,#9183,#9184);
#8627=AXIS2_PLACEMENT_3D('',#11279,#9185,#9186);
#8628=AXIS2_PLACEMENT_3D('',#11281,#9188,#9189);
#8629=AXIS2_PLACEMENT_3D('',#11321,#9190,#9191);
#8630=AXIS2_PLACEMENT_3D('',#11331,#9192,#9193);
#8631=AXIS2_PLACEMENT_3D('',#11335,#9196,#9197);
#8632=AXIS2_PLACEMENT_3D('',#11338,#9199,#9200);
#8633=AXIS2_PLACEMENT_3D('',#11339,#9201,#9202);
#8634=AXIS2_PLACEMENT_3D('',#11343,#9205,#9206);
#8635=AXIS2_PLACEMENT_3D('',#11349,#9207,#9208);
#8636=AXIS2_PLACEMENT_3D('',#11439,#9209,#9210);
#8637=AXIS2_PLACEMENT_3D('',#11466,#9211,#9212);
#8638=AXIS2_PLACEMENT_3D('',#11637,#9213,#9214);
#8639=AXIS2_PLACEMENT_3D('',#11658,#9215,#9216);
#8640=AXIS2_PLACEMENT_3D('',#11673,#9217,#9218);
#8641=AXIS2_PLACEMENT_3D('',#11784,#9219,#9220);
#8642=AXIS2_PLACEMENT_3D('',#11799,#9221,#9222);
#8643=AXIS2_PLACEMENT_3D('',#11814,#9223,#9224);
#8644=AXIS2_PLACEMENT_3D('',#11829,#9225,#9226);
#8645=AXIS2_PLACEMENT_3D('',#11844,#9227,#9228);
#8646=AXIS2_PLACEMENT_3D('',#11850,#9232,#9233);
#8647=AXIS2_PLACEMENT_3D('',#11851,#9234,#9235);
#8648=AXIS2_PLACEMENT_3D('',#11858,#9236,#9237);
#8649=AXIS2_PLACEMENT_3D('',#11955,#9238,#9239);
#8650=AXIS2_PLACEMENT_3D('',#11964,#9240,#9241);
#8651=AXIS2_PLACEMENT_3D('',#11969,#9242,#9243);
#8652=AXIS2_PLACEMENT_3D('',#11970,#9244,#9245);
#8653=AXIS2_PLACEMENT_3D('',#11971,#9246,#9247);
#8654=AXIS2_PLACEMENT_3D('',#11974,#9249,#9250);
#8655=AXIS2_PLACEMENT_3D('',#11977,#9252,#9253);
#8656=AXIS2_PLACEMENT_3D('',#11983,#9254,#9255);
#8657=AXIS2_PLACEMENT_3D('',#12001,#9256,#9257);
#8658=AXIS2_PLACEMENT_3D('',#12011,#9258,#9259);
#8659=AXIS2_PLACEMENT_3D('',#12021,#9260,#9261);
#8660=AXIS2_PLACEMENT_3D('',#12031,#9262,#9263);
#8661=AXIS2_PLACEMENT_3D('',#12041,#9264,#9265);
#8662=AXIS2_PLACEMENT_3D('',#12051,#9266,#9267);
#8663=AXIS2_PLACEMENT_3D('',#12095,#9268,#9269);
#8664=AXIS2_PLACEMENT_3D('',#12198,#9270,#9271);
#8665=AXIS2_PLACEMENT_3D('',#12208,#9272,#9273);
#8666=AXIS2_PLACEMENT_3D('',#12218,#9274,#9275);
#8667=AXIS2_PLACEMENT_3D('',#12228,#9276,#9277);
#8668=AXIS2_PLACEMENT_3D('',#12255,#9278,#9279);
#8669=AXIS2_PLACEMENT_3D('',#12286,#9280,#9281);
#8670=AXIS2_PLACEMENT_3D('',#12347,#9282,#9283);
#8671=AXIS2_PLACEMENT_3D('',#12350,#9285,#9286);
#8672=AXIS2_PLACEMENT_3D('',#12351,#9287,#9288);
#8673=AXIS2_PLACEMENT_3D('',#12372,#9289,#9290);
#8674=AXIS2_PLACEMENT_3D('',#12409,#9291,#9292);
#8675=AXIS2_PLACEMENT_3D('',#12446,#9293,#9294);
#8676=AXIS2_PLACEMENT_3D('',#12461,#9295,#9296);
#8677=AXIS2_PLACEMENT_3D('',#12546,#9297,#9298);
#8678=AXIS2_PLACEMENT_3D('',#12561,#9299,#9300);
#8679=AXIS2_PLACEMENT_3D('',#12570,#9301,#9302);
#8680=AXIS2_PLACEMENT_3D('',#12572,#9304,#9305);
#8681=AXIS2_PLACEMENT_3D('',#12573,#9306,#9307);
#8682=AXIS2_PLACEMENT_3D('',#12574,#9308,#9309);
#8683=AXIS2_PLACEMENT_3D('',#12577,#9311,#9312);
#8684=AXIS2_PLACEMENT_3D('',#12580,#9314,#9315);
#8685=AXIS2_PLACEMENT_3D('',#12584,#9318,#9319);
#8686=AXIS2_PLACEMENT_3D('',#12587,#9321,#9322);
#8687=AXIS2_PLACEMENT_3D('',#12588,#9323,#9324);
#8688=AXIS2_PLACEMENT_3D('',#12590,#9326,#9327);
#8689=AXIS2_PLACEMENT_3D('',#12591,#9328,#9329);
#8690=AXIS2_PLACEMENT_3D('',#12594,#9331,#9332);
#8691=AXIS2_PLACEMENT_3D('',#12597,#9334,#9335);
#8692=AXIS2_PLACEMENT_3D('',#12604,#9337,#9338);
#8693=AXIS2_PLACEMENT_3D('',#12614,#9339,#9340);
#8694=AXIS2_PLACEMENT_3D('',#12624,#9341,#9342);
#8695=AXIS2_PLACEMENT_3D('',#12668,#9343,#9344);
#8696=AXIS2_PLACEMENT_3D('',#12678,#9345,#9346);
#8697=AXIS2_PLACEMENT_3D('',#12688,#9347,#9348);
#8698=AXIS2_PLACEMENT_3D('',#12698,#9349,#9350);
#8699=AXIS2_PLACEMENT_3D('',#12708,#9351,#9352);
#8700=AXIS2_PLACEMENT_3D('',#12718,#9353,#9354);
#8701=AXIS2_PLACEMENT_3D('',#12745,#9355,#9356);
#8702=AXIS2_PLACEMENT_3D('',#12751,#9357,#9358);
#8703=AXIS2_PLACEMENT_3D('',#12752,#9359,#9360);
#8704=AXIS2_PLACEMENT_3D('',#12764,#9362,#9363);
#8705=AXIS2_PLACEMENT_3D('',#12770,#9364,#9365);
#8706=AXIS2_PLACEMENT_3D('',#12788,#9366,#9367);
#8707=AXIS2_PLACEMENT_3D('',#12798,#9368,#9369);
#8708=AXIS2_PLACEMENT_3D('',#12808,#9370,#9371);
#8709=AXIS2_PLACEMENT_3D('',#12818,#9372,#9373);
#8710=AXIS2_PLACEMENT_3D('',#12828,#9374,#9375);
#8711=AXIS2_PLACEMENT_3D('',#12838,#9376,#9377);
#8712=AXIS2_PLACEMENT_3D('',#12882,#9378,#9379);
#8713=AXIS2_PLACEMENT_3D('',#12892,#9380,#9381);
#8714=AXIS2_PLACEMENT_3D('',#12902,#9382,#9383);
#8715=AXIS2_PLACEMENT_3D('',#12912,#9384,#9385);
#8716=AXIS2_PLACEMENT_3D('',#12916,#9388,#9389);
#8717=AXIS2_PLACEMENT_3D('',#12919,#9391,#9392);
#8718=AXIS2_PLACEMENT_3D('',#12920,#9393,#9394);
#8719=AXIS2_PLACEMENT_3D('',#12922,#9396,#9397);
#8720=AXIS2_PLACEMENT_3D('',#12923,#9398,#9399);
#8721=AXIS2_PLACEMENT_3D('',#12926,#9401,#9402);
#8722=AXIS2_PLACEMENT_3D('',#12929,#9404,#9405);
#8723=AXIS2_PLACEMENT_3D('',#12936,#9407,#9408);
#8724=AXIS2_PLACEMENT_3D('',#12946,#9409,#9410);
#8725=AXIS2_PLACEMENT_3D('',#12956,#9411,#9412);
#8726=AXIS2_PLACEMENT_3D('',#12983,#9413,#9414);
#8727=AXIS2_PLACEMENT_3D('',#12986,#9416,#9417);
#8728=AXIS2_PLACEMENT_3D('',#12987,#9418,#9419);
#8729=AXIS2_PLACEMENT_3D('',#12991,#9422,#9423);
#8730=AXIS2_PLACEMENT_3D('',#12994,#9425,#9426);
#8731=AXIS2_PLACEMENT_3D('',#12995,#9427,#9428);
#8732=AXIS2_PLACEMENT_3D('',#12997,#9430,#9431);
#8733=AXIS2_PLACEMENT_3D('',#12998,#9432,#9433);
#8734=AXIS2_PLACEMENT_3D('',#13001,#9435,#9436);
#8735=AXIS2_PLACEMENT_3D('',#13004,#9438,#9439);
#8736=AXIS2_PLACEMENT_3D('',#13011,#9441,#9442);
#8737=AXIS2_PLACEMENT_3D('',#13021,#9443,#9444);
#8738=AXIS2_PLACEMENT_3D('',#13031,#9445,#9446);
#8739=AXIS2_PLACEMENT_3D('',#13058,#9447,#9448);
#8740=AXIS2_PLACEMENT_3D('',#13061,#9450,#9451);
#8741=AXIS2_PLACEMENT_3D('',#13062,#9452,#9453);
#8742=AXIS2_PLACEMENT_3D('',#13066,#9456,#9457);
#8743=AXIS2_PLACEMENT_3D('',#13069,#9459,#9460);
#8744=AXIS2_PLACEMENT_3D('',#13070,#9461,#9462);
#8745=AXIS2_PLACEMENT_3D('',#13072,#9464,#9465);
#8746=AXIS2_PLACEMENT_3D('',#13073,#9466,#9467);
#8747=AXIS2_PLACEMENT_3D('',#13081,#9469,#9470);
#8748=AXIS2_PLACEMENT_3D('',#13082,#9471,#9472);
#8749=AXIS2_PLACEMENT_3D('',#13085,#9474,#9475);
#8750=AXIS2_PLACEMENT_3D('',#13086,#9476,#9477);
#8751=AXIS2_PLACEMENT_3D('',#13092,#9478,#9479);
#8752=AXIS2_PLACEMENT_3D('',#13093,#9480,#9481);
#8753=AXIS2_PLACEMENT_3D('',#13096,#9483,#9484);
#8754=AXIS2_PLACEMENT_3D('',#13097,#9485,#9486);
#8755=AXIS2_PLACEMENT_3D('',#13100,#9488,#9489);
#8756=AXIS2_PLACEMENT_3D('',#13101,#9490,#9491);
#8757=AXIS2_PLACEMENT_3D('',#13103,#9493,#9494);
#8758=AXIS2_PLACEMENT_3D('',#13143,#9495,#9496);
#8759=AXIS2_PLACEMENT_3D('',#13153,#9497,#9498);
#8760=AXIS2_PLACEMENT_3D('',#13157,#9501,#9502);
#8761=AXIS2_PLACEMENT_3D('',#13160,#9504,#9505);
#8762=AXIS2_PLACEMENT_3D('',#13161,#9506,#9507);
#8763=AXIS2_PLACEMENT_3D('',#13165,#9510,#9511);
#8764=AXIS2_PLACEMENT_3D('',#13171,#9512,#9513);
#8765=AXIS2_PLACEMENT_3D('',#13261,#9514,#9515);
#8766=AXIS2_PLACEMENT_3D('',#13288,#9516,#9517);
#8767=AXIS2_PLACEMENT_3D('',#13459,#9518,#9519);
#8768=AXIS2_PLACEMENT_3D('',#13480,#9520,#9521);
#8769=AXIS2_PLACEMENT_3D('',#13495,#9522,#9523);
#8770=AXIS2_PLACEMENT_3D('',#13606,#9524,#9525);
#8771=AXIS2_PLACEMENT_3D('',#13621,#9526,#9527);
#8772=AXIS2_PLACEMENT_3D('',#13636,#9528,#9529);
#8773=AXIS2_PLACEMENT_3D('',#13651,#9530,#9531);
#8774=AXIS2_PLACEMENT_3D('',#13666,#9532,#9533);
#8775=AXIS2_PLACEMENT_3D('',#13672,#9537,#9538);
#8776=AXIS2_PLACEMENT_3D('',#13673,#9539,#9540);
#8777=AXIS2_PLACEMENT_3D('',#13680,#9541,#9542);
#8778=AXIS2_PLACEMENT_3D('',#13777,#9543,#9544);
#8779=AXIS2_PLACEMENT_3D('',#13786,#9545,#9546);
#8780=AXIS2_PLACEMENT_3D('',#13791,#9547,#9548);
#8781=AXIS2_PLACEMENT_3D('',#13792,#9549,#9550);
#8782=AXIS2_PLACEMENT_3D('',#13793,#9551,#9552);
#8783=AXIS2_PLACEMENT_3D('',#13796,#9554,#9555);
#8784=AXIS2_PLACEMENT_3D('',#13799,#9557,#9558);
#8785=AXIS2_PLACEMENT_3D('',#13805,#9559,#9560);
#8786=AXIS2_PLACEMENT_3D('',#13823,#9561,#9562);
#8787=AXIS2_PLACEMENT_3D('',#13833,#9563,#9564);
#8788=AXIS2_PLACEMENT_3D('',#13843,#9565,#9566);
#8789=AXIS2_PLACEMENT_3D('',#13853,#9567,#9568);
#8790=AXIS2_PLACEMENT_3D('',#13863,#9569,#9570);
#8791=AXIS2_PLACEMENT_3D('',#13873,#9571,#9572);
#8792=AXIS2_PLACEMENT_3D('',#13917,#9573,#9574);
#8793=AXIS2_PLACEMENT_3D('',#14020,#9575,#9576);
#8794=AXIS2_PLACEMENT_3D('',#14030,#9577,#9578);
#8795=AXIS2_PLACEMENT_3D('',#14040,#9579,#9580);
#8796=AXIS2_PLACEMENT_3D('',#14050,#9581,#9582);
#8797=AXIS2_PLACEMENT_3D('',#14077,#9583,#9584);
#8798=AXIS2_PLACEMENT_3D('',#14108,#9585,#9586);
#8799=AXIS2_PLACEMENT_3D('',#14169,#9587,#9588);
#8800=AXIS2_PLACEMENT_3D('',#14172,#9590,#9591);
#8801=AXIS2_PLACEMENT_3D('',#14173,#9592,#9593);
#8802=AXIS2_PLACEMENT_3D('',#14194,#9594,#9595);
#8803=AXIS2_PLACEMENT_3D('',#14231,#9596,#9597);
#8804=AXIS2_PLACEMENT_3D('',#14268,#9598,#9599);
#8805=AXIS2_PLACEMENT_3D('',#14283,#9600,#9601);
#8806=AXIS2_PLACEMENT_3D('',#14368,#9602,#9603);
#8807=AXIS2_PLACEMENT_3D('',#14383,#9604,#9605);
#8808=AXIS2_PLACEMENT_3D('',#14392,#9606,#9607);
#8809=AXIS2_PLACEMENT_3D('',#14394,#9609,#9610);
#8810=AXIS2_PLACEMENT_3D('',#14395,#9611,#9612);
#8811=AXIS2_PLACEMENT_3D('',#14396,#9613,#9614);
#8812=AXIS2_PLACEMENT_3D('',#14411,#9615,#9616);
#8813=AXIS2_PLACEMENT_3D('',#14421,#9617,#9618);
#8814=AXIS2_PLACEMENT_3D('',#14431,#9619,#9620);
#8815=AXIS2_PLACEMENT_3D('',#14438,#9622,#9623);
#8816=AXIS2_PLACEMENT_3D('',#14444,#9624,#9625);
#8817=AXIS2_PLACEMENT_3D('',#14445,#9626,#9627);
#8818=AXIS2_PLACEMENT_3D('',#14448,#9629,#9630);
#8819=AXIS2_PLACEMENT_3D('',#14449,#9631,#9632);
#8820=AXIS2_PLACEMENT_3D('',#14453,#9635,#9636);
#8821=AXIS2_PLACEMENT_3D('',#14459,#9637,#9638);
#8822=AXIS2_PLACEMENT_3D('',#14498,#9639,#9640);
#8823=AXIS2_PLACEMENT_3D('',#14504,#9641,#9642);
#8824=AXIS2_PLACEMENT_3D('',#14505,#9643,#9644);
#8825=AXIS2_PLACEMENT_3D('',#14515,#9645,#9646);
#8826=AXIS2_PLACEMENT_3D('',#14520,#9647,#9648);
#8827=AXIS2_PLACEMENT_3D('',#14521,#9649,#9650);
#8828=AXIS2_PLACEMENT_3D('',#14536,#9651,#9652);
#8829=AXIS2_PLACEMENT_3D('',#14546,#9653,#9654);
#8830=AXIS2_PLACEMENT_3D('',#14556,#9655,#9656);
#8831=AXIS2_PLACEMENT_3D('',#14563,#9658,#9659);
#8832=AXIS2_PLACEMENT_3D('',#14569,#9660,#9661);
#8833=AXIS2_PLACEMENT_3D('',#14570,#9662,#9663);
#8834=AXIS2_PLACEMENT_3D('',#14573,#9665,#9666);
#8835=AXIS2_PLACEMENT_3D('',#14574,#9667,#9668);
#8836=AXIS2_PLACEMENT_3D('',#14578,#9671,#9672);
#8837=AXIS2_PLACEMENT_3D('',#14584,#9673,#9674);
#8838=AXIS2_PLACEMENT_3D('',#14623,#9675,#9676);
#8839=AXIS2_PLACEMENT_3D('',#14629,#9677,#9678);
#8840=AXIS2_PLACEMENT_3D('',#14630,#9679,#9680);
#8841=AXIS2_PLACEMENT_3D('',#14640,#9681,#9682);
#8842=AXIS2_PLACEMENT_3D('',#14645,#9683,#9684);
#8843=DIRECTION('',(0.,0.,1.));
#8844=DIRECTION('',(1.,0.,0.));
#8845=DIRECTION('',(0.,0.,-1.));
#8846=DIRECTION('',(-1.,0.,0.));
#8847=DIRECTION('',(-0.000188821545188263,0.000482456766451324,0.999999865790937));
#8848=DIRECTION('',(-0.364456402549673,0.931220308102462,-0.000518090829316589));
#8849=DIRECTION('',(0.,0.,1.));
#8850=DIRECTION('',(-8.06272322231378E-5,0.000208174320535829,-0.999999975081351));
#8851=DIRECTION('',(0.361164034004904,-0.932502273833156,-0.000223242689256597));
#8852=DIRECTION('',(5.70943183026561E-5,0.000215813176893905,-0.999999975082456));
#8853=DIRECTION('',(-0.255755666190474,-0.966741428395607,-0.00022323773987273));
#8854=DIRECTION('',(0.00283905049398909,0.00538846261304714,0.999981451959465));
#8855=DIRECTION('',(0.46612571141449,0.884697533296717,-0.00609062698247287));
#8856=DIRECTION('',(0.,0.,1.));
#8857=DIRECTION('',(-1.,0.,0.));
#8858=DIRECTION('',(0.,0.,1.));
#8859=DIRECTION('',(0.,0.,1.));
#8860=DIRECTION('',(-1.,0.,0.));
#8861=DIRECTION('',(0.,0.,-1.));
#8862=DIRECTION('',(-0.97642614147079,0.199130285964589,-0.0833013773242983));
#8863=DIRECTION('',(0.0816213254885086,-0.0166456808098698,-0.996524400371549));
#8864=DIRECTION('',(0.,0.,1.));
#8865=DIRECTION('',(-1.,0.,0.));
#8866=DIRECTION('',(0.,0.,-1.));
#8867=DIRECTION('',(0.,0.,-1.));
#8868=DIRECTION('',(-1.,0.,0.));
#8869=DIRECTION('',(-0.578376143110543,-0.815645668091378,-0.0142541644561052));
#8870=DIRECTION('',(0.00824510632925422,0.0116275287985446,-0.99989840423698));
#8871=DIRECTION('',(-0.579426401742157,-0.814899911774166,-0.0142540785248501));
#8872=DIRECTION('',(0.00826002860359406,0.0116168275385494,-0.999898405461979));
#8873=DIRECTION('',(-0.0282481138876278,-0.0377023111494282,-0.998889673485407));
#8874=DIRECTION('',(0.598945368938263,0.799402917697447,-0.0471107228156891));
#8875=DIRECTION('',(-0.0300445871619049,-0.0362871583762219,-0.998889666038872));
#8876=DIRECTION('',(0.637033890847784,0.769394818562345,-0.0471108807044648));
#8877=DIRECTION('',(0.,0.,-1.));
#8878=DIRECTION('',(0.,0.,-1.));
#8879=DIRECTION('',(-1.,0.,0.));
#8880=DIRECTION('',(0.,0.,1.));
#8881=DIRECTION('',(0.,0.,1.));
#8882=DIRECTION('',(-1.,0.,0.));
#8883=DIRECTION('',(0.,0.,-1.));
#8884=DIRECTION('',(0.,0.,-1.));
#8885=DIRECTION('',(-1.,0.,0.));
#8886=DIRECTION('',(0.,0.,1.));
#8887=DIRECTION('',(0.,0.,-1.));
#8888=DIRECTION('',(-1.,0.,0.));
#8889=DIRECTION('',(0.,0.,1.));
#8890=DIRECTION('',(0.,0.,1.));
#8891=DIRECTION('',(-1.,0.,0.));
#8892=DIRECTION('',(0.,0.,-1.));
#8893=DIRECTION('',(0.,0.,-1.));
#8894=DIRECTION('',(-1.,0.,0.));
#8895=DIRECTION('',(0.,0.,1.));
#8896=DIRECTION('',(0.,0.,-1.));
#8897=DIRECTION('',(-1.,0.,0.));
#8898=DIRECTION('',(0.,0.,1.));
#8899=DIRECTION('',(0.,0.,1.));
#8900=DIRECTION('',(-1.,0.,0.));
#8901=DIRECTION('',(0.,0.,-1.));
#8902=DIRECTION('',(0.,0.,-1.));
#8903=DIRECTION('',(-1.,0.,0.));
#8904=DIRECTION('',(0.,0.,1.));
#8905=DIRECTION('',(0.0181684561630802,0.00462150189110308,0.999824259018014));
#8906=DIRECTION('',(0.96896759835848,0.246475845170113,-0.0187470285399909));
#8907=DIRECTION('',(0.,0.,1.));
#8908=DIRECTION('',(-1.,0.,0.));
#8909=DIRECTION('',(0.,0.,1.));
#8910=DIRECTION('',(0.,0.,1.));
#8911=DIRECTION('',(-1.,0.,0.));
#8912=DIRECTION('',(0.,0.,-1.));
#8913=DIRECTION('',(0.,0.,-1.));
#8914=DIRECTION('',(-1.,0.,0.));
#8915=DIRECTION('',(0.,0.,1.));
#8916=DIRECTION('',(1.,0.,0.));
#8917=DIRECTION('',(0.,0.,1.));
#8918=DIRECTION('',(1.,0.,0.));
#8919=DIRECTION('',(0.,0.,1.));
#8920=DIRECTION('',(-1.,0.,0.));
#8921=DIRECTION('',(0.,0.,1.));
#8922=DIRECTION('',(0.,0.,1.));
#8923=DIRECTION('',(-1.,0.,0.));
#8924=DIRECTION('',(0.,0.,-1.));
#8925=DIRECTION('',(0.,0.,1.));
#8926=DIRECTION('',(0.,0.,1.));
#8927=DIRECTION('',(-1.,0.,0.));
#8928=DIRECTION('',(0.,0.,-1.));
#8929=DIRECTION('',(0.,0.,-1.));
#8930=DIRECTION('',(-1.,0.,0.));
#8931=DIRECTION('',(0.,0.,1.));
#8932=DIRECTION('',(0.,0.,1.));
#8933=DIRECTION('',(-1.,0.,0.));
#8934=DIRECTION('',(0.,0.,-1.));
#8935=DIRECTION('',(0.,0.,-1.));
#8936=DIRECTION('',(-1.,0.,0.));
#8937=DIRECTION('',(0.,0.,1.));
#8938=DIRECTION('',(-0.0186124017671801,-0.00224267240924178,0.999824259018015));
#8939=DIRECTION('',(-0.992644288440145,-0.119607130005202,-0.0187470285399607));
#8940=DIRECTION('',(0.,0.,1.));
#8941=DIRECTION('',(-1.,0.,0.));
#8942=DIRECTION('',(0.,0.,1.));
#8943=DIRECTION('',(0.,0.,1.));
#8944=DIRECTION('',(-1.,0.,0.));
#8945=DIRECTION('',(0.,0.,-1.));
#8946=DIRECTION('',(0.,0.,-1.));
#8947=DIRECTION('',(-1.,0.,0.));
#8948=DIRECTION('',(0.,0.,1.));
#8949=DIRECTION('',(0.,0.,-1.));
#8950=DIRECTION('',(-1.,0.,0.));
#8951=DIRECTION('',(0.,0.,1.));
#8952=DIRECTION('',(0.,0.,1.));
#8953=DIRECTION('',(-1.,0.,0.));
#8954=DIRECTION('',(0.,0.,-1.));
#8955=DIRECTION('',(0.,0.,-1.));
#8956=DIRECTION('',(-1.,0.,0.));
#8957=DIRECTION('',(0.,0.,1.));
#8958=DIRECTION('',(0.,0.,-1.));
#8959=DIRECTION('',(-1.,0.,0.));
#8960=DIRECTION('',(0.678623041644201,0.734348409234494,-0.0142541644560967));
#8961=DIRECTION('',(-0.00967418729573289,-0.0104685865573405,-0.99989840423698));
#8962=DIRECTION('',(0.679568488005677,0.733473579179976,-0.0142540785248563));
#8963=DIRECTION('',(-0.0096876067989881,-0.0104560522713389,-0.999898405461979));
#8964=DIRECTION('',(0.0328693076135968,0.0337495010514078,-0.998889673485407));
#8965=DIRECTION('',(-0.696928639331052,-0.71559139980575,-0.0471107228156842));
#8966=DIRECTION('',(0.0344685253680642,0.0321147293262736,-0.998889666038873));
#8967=DIRECTION('',(-0.730834433127197,-0.680927012443257,-0.0471108807044477));
#8968=DIRECTION('',(0.,0.,-1.));
#8969=DIRECTION('',(0.,0.,-1.));
#8970=DIRECTION('',(-1.,0.,0.));
#8971=DIRECTION('',(0.942640941295666,-0.323247484644651,-0.0833013773243091));
#8972=DIRECTION('',(-0.0787971560986718,0.0270208744286425,-0.996524400371548));
#8973=DIRECTION('',(0.,0.,1.));
#8974=DIRECTION('',(-1.,0.,0.));
#8975=DIRECTION('',(0.,0.,-1.));
#8976=DIRECTION('',(0.,0.,-1.));
#8977=DIRECTION('',(-1.,0.,0.));
#8978=DIRECTION('',(0.000194784793395128,-0.000480080192975651,0.999999865790937));
#8979=DIRECTION('',(0.375966444935703,-0.926633133372805,-0.000518090829320034));
#8980=DIRECTION('',(0.,0.,1.));
#8981=DIRECTION('',(8.31331954261541E-5,-0.000207186317400695,-0.999999975081351));
#8982=DIRECTION('',(-0.372389320505879,0.928076583120096,-0.000223242689241607));
#8983=DIRECTION('',(-6.6867881545926E-5,-0.000212987734201169,-0.999999975082455));
#8984=DIRECTION('',(0.299536628163618,0.954084775349278,-0.000223237739870721));
#8985=DIRECTION('',(-0.00319003335875956,-0.00518839384981729,0.9999814519562));
#8986=DIRECTION('',(-0.523751317925472,-0.851849435773576,-0.00609062751864048));
#8987=DIRECTION('',(0.,0.,1.));
#8988=DIRECTION('',(1.,0.,0.));
#8989=DIRECTION('',(0.,0.,1.));
#8990=DIRECTION('',(1.,0.,0.));
#8991=DIRECTION('',(0.,0.,-1.));
#8992=DIRECTION('',(-1.,0.,0.));
#8993=DIRECTION('',(0.,0.,1.));
#8994=DIRECTION('',(1.,0.,0.));
#8995=DIRECTION('',(0.,0.,1.));
#8996=DIRECTION('',(1.,0.,0.));
#8997=DIRECTION('',(0.,0.,1.));
#8998=DIRECTION('',(1.,0.,0.));
#8999=DIRECTION('',(0.,0.,1.));
#9000=DIRECTION('',(1.,0.,0.));
#9001=DIRECTION('',(0.,0.,1.));
#9002=DIRECTION('',(1.,0.,0.));
#9003=DIRECTION('',(0.,0.,-1.));
#9004=DIRECTION('',(-1.,0.,0.));
#9005=DIRECTION('',(0.363792267471778,0.931480105062767,0.));
#9006=DIRECTION('',(0.,0.,-1.));
#9007=DIRECTION('',(-1.,0.,0.));
#9008=DIRECTION('',(0.455840115340537,0.890061677214746,0.));
#9009=DIRECTION('',(-0.931480105062767,0.363792267471778,0.));
#9010=DIRECTION('',(0.,0.,1.));
#9011=DIRECTION('',(0.363792267471778,0.931480105062767,0.));
#9012=DIRECTION('',(0.,0.,-1.));
#9013=DIRECTION('',(0.,0.,1.));
#9014=DIRECTION('',(1.,0.,0.));
#9015=DIRECTION('',(0.455840115340537,0.890061677214746,0.));
#9016=DIRECTION('',(0.,0.,-1.));
#9017=DIRECTION('',(-1.,0.,0.));
#9018=DIRECTION('',(0.890061677214746,-0.455840115340537,0.));
#9019=DIRECTION('',(0.,0.,-1.));
#9020=DIRECTION('',(0.,0.,-1.));
#9021=DIRECTION('',(0.,0.,-1.));
#9022=DIRECTION('',(0.,-1.,0.));
#9023=DIRECTION('',(0.,0.,-1.));
#9024=DIRECTION('',(-1.,0.,0.));
#9025=DIRECTION('',(-0.276499860807263,0.961013957741283,0.));
#9026=DIRECTION('',(0.,0.,-1.));
#9027=DIRECTION('',(-1.,0.,0.));
#9028=DIRECTION('',(-0.0548594948222367,0.998494084022459,0.));
#9029=DIRECTION('',(-0.961013957741283,-0.276499860807263,0.));
#9030=DIRECTION('',(0.,0.,1.));
#9031=DIRECTION('',(0.,0.,-1.));
#9032=DIRECTION('',(-0.276682348608715,0.960954376964554,-0.00368284686504547));
#9033=DIRECTION('',(-0.960960893916423,-0.276684224999095,0.));
#9034=DIRECTION('',(-0.27587486720528,0.96118691462407,-0.00357390541690819));
#9035=DIRECTION('',(-0.961193053206953,-0.2758766290694,0.));
#9036=DIRECTION('',(-0.273630169475746,0.961833032936815,-0.0019357438474471));
#9037=DIRECTION('',(-0.961834834986199,-0.273630682137571,0.));
#9038=DIRECTION('',(0.168395857594541,-0.985719297580561,-0.000549110448958106));
#9039=DIRECTION('',(0.985719446188762,0.168395882982099,0.));
#9040=DIRECTION('',(0.157792523826855,-0.987469845832146,-0.00219613218840433));
#9041=DIRECTION('',(0.987472227122609,0.157792904344633,0.));
#9042=DIRECTION('',(0.154403825420052,-0.987997173448883,-0.00458736881801009));
#9043=DIRECTION('',(0.988007569295839,0.154405450079092,0.));
#9044=DIRECTION('',(0.155014771732102,-0.987908501795437,0.00268563309830259));
#9045=DIRECTION('',(0.987912064521557,0.155015330766846,0.));
#9046=DIRECTION('',(0.155189098407111,-0.987876914550248,0.00394276987275286));
#9047=DIRECTION('',(0.987884593127594,0.155190304662139,0.));
#9048=DIRECTION('',(0.158494505889157,-0.987358069264908,0.00188006926057365));
#9049=DIRECTION('',(0.98735981425728,0.158494786002028,0.));
#9050=DIRECTION('',(0.,0.,-1.));
#9051=DIRECTION('',(-1.,0.,0.));
#9052=DIRECTION('',(0.,0.,-1.));
#9053=DIRECTION('',(-1.,0.,0.));
#9054=DIRECTION('',(-0.96101252266849,-0.276504742150905,-0.000242574538338071));
#9055=DIRECTION('',(0.276504750286008,-0.961012550942636,0.));
#9056=DIRECTION('',(-0.276504839163119,0.961012348866381,0.00058244802154253));
#9057=DIRECTION('',(0.0181684561630802,0.00462150189110308,0.999824259018014));
#9058=DIRECTION('',(0.999834936452155,0.,-0.0181686501896727));
#9059=DIRECTION('',(0.0181684561630802,0.00462150189110308,0.999824259018014));
#9060=DIRECTION('',(0.96896759835848,0.246475845170113,-0.0187470285399909));
#9061=DIRECTION('',(0.167950232791646,-0.985795419835926,-0.000330961843155306));
#9062=DIRECTION('',(0.985795473825847,0.167950241989923,0.));
#9063=DIRECTION('',(0.157408908266358,-0.98753114203403,-0.00216312536787632));
#9064=DIRECTION('',(0.987533452426229,0.157409276534556,0.));
#9065=DIRECTION('',(0.15442945613832,-0.987982666832901,-0.00646475943648717));
#9066=DIRECTION('',(0.988003312916446,0.154432683283452,0.));
#9067=DIRECTION('',(0.155038696775698,-0.987902267121474,0.0034803905449185));
#9068=DIRECTION('',(0.987908250464369,0.15503963578527,0.));
#9069=DIRECTION('',(0.155818363246919,-0.987779004026527,0.00364374524545869));
#9070=DIRECTION('',(0.987785561403185,0.155819397648029,0.));
#9071=DIRECTION('',(0.158242574266345,-0.987398393930842,0.00192337005147832));
#9072=DIRECTION('',(0.987400220303196,0.158242866964677,0.));
#9073=DIRECTION('',(-0.265127433091582,0.964213239751861,0.000522024415288101));
#9074=DIRECTION('',(-0.964213371130517,-0.26512746921646,0.));
#9075=DIRECTION('',(-0.274583329486159,0.961560409859409,0.00236079632759392));
#9076=DIRECTION('',(-0.961563089431437,-0.274584094665134,0.));
#9077=DIRECTION('',(-0.27726428376794,0.960768978854925,0.00689102435892756));
#9078=DIRECTION('',(-0.960791791309358,-0.277270867118338,0.));
#9079=DIRECTION('',(-0.961013957741283,-0.276499860807263,0.));
#9080=DIRECTION('',(0.,0.,1.));
#9081=DIRECTION('',(-0.276499860807263,0.961013957741283,0.));
#9082=DIRECTION('',(0.,0.,-1.));
#9083=DIRECTION('',(0.,0.,1.));
#9084=DIRECTION('',(1.,0.,0.));
#9085=DIRECTION('',(-0.0548594948222367,0.998494084022459,0.));
#9086=DIRECTION('',(0.,0.,-1.));
#9087=DIRECTION('',(-1.,0.,0.));
#9088=DIRECTION('',(0.998494084022459,0.0548594948222367,0.));
#9089=DIRECTION('',(0.,0.,-1.));
#9090=DIRECTION('',(0.,0.,-1.));
#9091=DIRECTION('',(0.,0.,-1.));
#9092=DIRECTION('',(0.,-1.,0.));
#9093=DIRECTION('',(0.,0.,-1.));
#9094=DIRECTION('',(-1.,0.,0.));
#9095=DIRECTION('',(-0.531005635246969,0.847368287898458,0.));
#9096=DIRECTION('',(0.,0.,-1.));
#9097=DIRECTION('',(-1.,0.,0.));
#9098=DIRECTION('',(-0.34295348286399,0.939352387867013,0.));
#9099=DIRECTION('',(-0.847368287898458,-0.531005635246969,0.));
#9100=DIRECTION('',(0.,0.,1.));
#9101=DIRECTION('',(0.,0.,-1.));
#9102=DIRECTION('',(-0.531147021626848,0.847271675807439,-0.00368086829197491));
#9103=DIRECTION('',(-0.847277415619355,-0.531150619863507,0.));
#9104=DIRECTION('',(-0.530502852031372,0.847676241932273,-0.00342240414903671));
#9105=DIRECTION('',(-0.847681206328286,-0.530505958908872,0.));
#9106=DIRECTION('',(-0.528691710755154,0.848811604285423,-0.00198378658024665));
#9107=DIRECTION('',(-0.848813274500849,-0.528692751067334,0.));
#9108=DIRECTION('',(0.,0.,1.));
#9109=DIRECTION('',(1.,0.,0.));
#9110=DIRECTION('',(-0.435901079119488,0.899994582885067,0.));
#9111=DIRECTION('',(0.,0.,-1.));
#9112=DIRECTION('',(-1.,0.,0.));
#9113=DIRECTION('',(-0.899994582885067,-0.435901079119488,0.));
#9114=DIRECTION('',(0.,0.,1.));
#9115=DIRECTION('',(-0.435901079119488,0.899994582885067,0.));
#9116=DIRECTION('',(0.,0.,-1.));
#9117=DIRECTION('',(0.,0.,1.));
#9118=DIRECTION('',(1.,0.,0.));
#9119=DIRECTION('',(-0.34295348286399,0.939352387867013,0.));
#9120=DIRECTION('',(0.,0.,-1.));
#9121=DIRECTION('',(-1.,0.,0.));
#9122=DIRECTION('',(0.939352387867013,0.34295348286399,0.));
#9123=DIRECTION('',(0.,0.,-1.));
#9124=DIRECTION('',(0.,0.,-1.));
#9125=DIRECTION('',(0.,0.,-1.));
#9126=DIRECTION('',(0.,-1.,0.));
#9127=DIRECTION('',(0.,0.,-1.));
#9128=DIRECTION('',(-1.,0.,0.));
#9129=DIRECTION('',(-0.717763743023804,0.69628672915722,0.));
#9130=DIRECTION('',(0.,0.,-1.));
#9131=DIRECTION('',(-1.,0.,0.));
#9132=DIRECTION('',(-0.5635073921212,0.826111021004298,0.));
#9133=DIRECTION('',(-0.69628672915722,-0.717763743023804,0.));
#9134=DIRECTION('',(0.,0.,1.));
#9135=DIRECTION('',(0.,0.,-1.));
#9136=DIRECTION('',(-0.717870736133375,0.696166713674753,-0.00367599981231491));
#9137=DIRECTION('',(-0.69617141736399,-0.717875586467051,0.));
#9138=DIRECTION('',(-0.717373869753302,0.696680344174965,-0.00335097529463858));
#9139=DIRECTION('',(-0.69668425573204,-0.717377897495521,0.));
#9140=DIRECTION('',(-0.715949662840183,0.698149003210661,-0.00201236055125084));
#9141=DIRECTION('',(-0.698150416825307,-0.715951112497669,0.));
#9142=DIRECTION('',(0.,0.,1.));
#9143=DIRECTION('',(1.,0.,0.));
#9144=DIRECTION('',(-0.643915768658713,0.765096387962105,0.));
#9145=DIRECTION('',(0.,0.,-1.));
#9146=DIRECTION('',(-1.,0.,0.));
#9147=DIRECTION('',(-0.765096387962105,-0.643915768658713,0.));
#9148=DIRECTION('',(0.,0.,1.));
#9149=DIRECTION('',(-0.643915768658713,0.765096387962105,0.));
#9150=DIRECTION('',(0.,0.,-1.));
#9151=DIRECTION('',(0.,0.,1.));
#9152=DIRECTION('',(1.,0.,0.));
#9153=DIRECTION('',(-0.5635073921212,0.826111021004298,0.));
#9154=DIRECTION('',(0.,0.,-1.));
#9155=DIRECTION('',(-1.,0.,0.));
#9156=DIRECTION('',(0.826111021004298,0.5635073921212,0.));
#9157=DIRECTION('',(0.,0.,-1.));
#9158=DIRECTION('',(0.,0.,-1.));
#9159=DIRECTION('',(0.,0.,-1.));
#9160=DIRECTION('',(0.,-1.,0.));
#9161=DIRECTION('',(-0.0300445871619049,-0.0362871583762219,-0.998889666038872));
#9162=DIRECTION('',(0.,0.999340808961466,-0.0363035472680475));
#9163=DIRECTION('',(-0.754543594486251,0.656248926563198,-0.00114472897187896));
#9164=DIRECTION('',(-0.0300445871619049,-0.0362871583762219,-0.998889666038872));
#9165=DIRECTION('',(0.637033890847784,0.769394818562345,-0.0471108807044648));
#9166=DIRECTION('',(-0.0282481138876278,-0.0377023111494282,-0.998889673485407));
#9167=DIRECTION('',(0.,0.999288447127416,-0.0377173625493258));
#9168=DIRECTION('',(-0.814991859838097,0.579471212134968,0.00117588454793899));
#9169=DIRECTION('',(-0.0282481138876278,-0.0377023111494282,-0.998889673485407));
#9170=DIRECTION('',(0.598945368938263,0.799402917697447,-0.0471107228156891));
#9171=DIRECTION('',(-0.579426401742157,-0.814899911774166,-0.0142540785248501));
#9172=DIRECTION('',(0.81498270956604,-0.579485274280888,0.));
#9173=DIRECTION('',(-0.579426401742157,-0.814899911774166,-0.0142540785248501));
#9174=DIRECTION('',(0.00826002860359406,0.0116168275385494,-0.999898405461979));
#9175=DIRECTION('',(-0.578376143110543,-0.815645668091378,-0.0142541644561052));
#9176=DIRECTION('',(0.815728542655087,-0.578434909646547,0.));
#9177=DIRECTION('',(-0.815728542655087,0.578434909646547,0.));
#9178=DIRECTION('',(-0.578376143110543,-0.815645668091378,-0.0142541644561052));
#9179=DIRECTION('',(0.00824510632925422,0.0116275287985446,-0.99989840423698));
#9180=DIRECTION('',(0.,0.,1.));
#9181=DIRECTION('',(1.,0.,0.));
#9182=DIRECTION('',(-0.754544088865367,0.656249356539367,0.));
#9183=DIRECTION('',(0.,0.,-1.));
#9184=DIRECTION('',(-1.,0.,0.));
#9185=DIRECTION('',(0.656249356539367,0.754544088865367,0.));
#9186=DIRECTION('',(0.,0.,-1.));
#9187=DIRECTION('',(0.,0.,-1.));
#9188=DIRECTION('',(0.,0.,-1.));
#9189=DIRECTION('',(0.,-1.,0.));
#9190=DIRECTION('',(0.654620155541781,0.755294988791741,-0.031653307323843));
#9191=DIRECTION('',(0.755769601373858,-0.654817757923911,0.00510034770394827));
#9192=DIRECTION('',(0.755673651082444,-0.654948343810204,0.));
#9193=DIRECTION('',(0.,0.,-1.));
#9194=DIRECTION('',(0.654948343810204,0.755673651082444,0.));
#9195=DIRECTION('',(0.,0.,-1.));
#9196=DIRECTION('',(0.,0.,-1.));
#9197=DIRECTION('',(-1.,0.,0.));
#9198=DIRECTION('',(0.516899492729564,0.856046093628094,0.));
#9199=DIRECTION('',(0.,0.,-1.));
#9200=DIRECTION('',(-1.,0.,0.));
#9201=DIRECTION('',(-0.856046093628094,0.516899492729564,0.));
#9202=DIRECTION('',(0.,0.,1.));
#9203=DIRECTION('',(0.516899492729564,0.856046093628094,0.));
#9204=DIRECTION('',(0.,0.,-1.));
#9205=DIRECTION('',(0.,0.,-1.));
#9206=DIRECTION('',(-1.,0.,0.));
#9207=DIRECTION('',(0.,0.,-1.));
#9208=DIRECTION('',(-1.,0.,0.));
#9209=DIRECTION('',(-0.828253885777375,0.559971332615647,0.0206786687998861));
#9210=DIRECTION('',(-0.560091094952399,-0.828431026311197,0.));
#9211=DIRECTION('',(-0.826690750905304,0.562519006922375,-0.0124406277449919));
#9212=DIRECTION('',(-0.562562542289491,-0.826754731472874,0.));
#9213=DIRECTION('',(0.666484770179894,-0.74551821518351,0.000801216479678566));
#9214=DIRECTION('',(0.745518454475532,0.666484984104229,0.));
#9215=DIRECTION('',(0.666756628568636,-0.745264936738153,-0.0039714390922179));
#9216=DIRECTION('',(0.745270814089364,0.666761886783112,0.));
#9217=DIRECTION('',(0.666572896419626,-0.745430056347041,-0.00382162965218581));
#9218=DIRECTION('',(0.745435499854938,0.666577764072594,0.));
#9219=DIRECTION('',(-0.507189733950427,-0.861834382435695,-0.000266508874637862));
#9220=DIRECTION('',(0.861834413042443,-0.507189751962505,0.));
#9221=DIRECTION('',(-0.513928624905003,-0.857831433827869,-0.00161233993792217));
#9222=DIRECTION('',(0.85783254885653,-0.51392929292103,0.));
#9223=DIRECTION('',(-0.517112835357028,-0.855906299256402,-0.00432693912884037));
#9224=DIRECTION('',(0.855914311679912,-0.517117676222252,0.));
#9225=DIRECTION('',(-0.517192973594563,-0.85584706820798,-0.00610113958363413));
#9226=DIRECTION('',(0.855862997637345,-0.517202599834164,0.));
#9227=DIRECTION('',(-0.856046093628094,0.516899492729564,0.));
#9228=DIRECTION('',(0.,0.,1.));
#9229=DIRECTION('',(0.,0.,1.));
#9230=DIRECTION('',(0.516899492729564,0.856046093628094,0.));
#9231=DIRECTION('',(0.,0.,-1.));
#9232=DIRECTION('',(0.,0.,-1.));
#9233=DIRECTION('',(-1.,0.,0.));
#9234=DIRECTION('',(0.,0.,1.));
#9235=DIRECTION('',(-1.,0.,0.));
#9236=DIRECTION('',(0.,0.,-1.));
#9237=DIRECTION('',(-1.,0.,0.));
#9238=DIRECTION('',(0.666974187461874,-0.745062687468268,0.00519855769762594));
#9239=DIRECTION('',(0.745072755332691,0.66698320013397,0.));
#9240=DIRECTION('',(0.653475774243837,0.756921509456232,-0.006264263637269));
#9241=DIRECTION('',(-0.756936361071394,0.653488596142271,0.));
#9242=DIRECTION('',(0.,0.,-1.));
#9243=DIRECTION('',(0.,-1.,0.));
#9244=DIRECTION('',(0.,0.,-1.));
#9245=DIRECTION('',(-1.,0.,0.));
#9246=DIRECTION('',(0.,0.,-1.));
#9247=DIRECTION('',(-1.,0.,0.));
#9248=DIRECTION('',(0.19982479695464,0.979831643968512,0.));
#9249=DIRECTION('',(0.,0.,-1.));
#9250=DIRECTION('',(-1.,0.,0.));
#9251=DIRECTION('',(0.290413564316897,0.956901228790493,0.));
#9252=DIRECTION('',(-0.97642614147079,0.199130285964589,-0.0833013773242983));
#9253=DIRECTION('',(-0.19982479695464,-0.979831643968512,0.));
#9254=DIRECTION('',(-0.97642614147079,0.199130285964589,-0.0833013773242983));
#9255=DIRECTION('',(0.0816213254885086,-0.0166456808098698,-0.996524400371549));
#9256=DIRECTION('',(-0.197644077494137,-0.980260725931495,0.00507226061530663));
#9257=DIRECTION('',(0.980273336164374,-0.197646620019588,0.));
#9258=DIRECTION('',(-0.195471595802922,-0.980704415226002,0.00311531547125344));
#9259=DIRECTION('',(0.980709174222222,-0.195472544354362,0.));
#9260=DIRECTION('',(-0.190952038468899,-0.981598835028217,0.00102277848028813));
#9261=DIRECTION('',(0.981599348442023,-0.190952138344133,0.));
#9262=DIRECTION('',(-0.170606353484055,-0.985339222868927,0.000296693330395435));
#9263=DIRECTION('',(0.985339266237125,-0.170606360993032,0.));
#9264=DIRECTION('',(-0.155369893658691,-0.987847197273939,0.00425570000239896));
#9265=DIRECTION('',(0.987856142837105,-0.155371300628515,0.));
#9266=DIRECTION('',(-0.141736397961649,-0.989801425217065,0.014280480773524));
#9267=DIRECTION('',(0.989902366813271,-0.141750852475338,0.));
#9268=DIRECTION('',(0.000394295629281703,-4.01341960334732E-5,-0.999999921460098));
#9269=DIRECTION('',(-0.999999922265475,0.,-0.000394295629599259));
#9270=DIRECTION('',(-0.0438862741063401,-0.99902182390596,-0.00542128256703572));
#9271=DIRECTION('',(0.999036505007462,-0.0438869190360396,0.));
#9272=DIRECTION('',(-0.0432950456643899,-0.999060548940152,0.00188641785440221));
#9273=DIRECTION('',(0.999062326559504,-0.0432951226988711,0.));
#9274=DIRECTION('',(-0.0518093971743072,-0.998492584416308,0.0181202988406988));
#9275=DIRECTION('',(0.998656549934065,-0.0518179049536988,0.));
#9276=DIRECTION('',(0.0123262453582542,0.999578726067149,0.0262761121428409));
#9277=DIRECTION('',(0.,-0.0262781085182875,0.99965467088025));
#9278=DIRECTION('',(0.0158028316763235,0.999732086552794,-0.0169122922103247));
#9279=DIRECTION('',(0.,0.0169144043549772,0.999856941229752));
#9280=DIRECTION('',(0.042831595830488,0.999074406960519,-0.00397287743336622));
#9281=DIRECTION('',(-0.99908229162674,0.042831933856199,0.));
#9282=DIRECTION('',(0.,0.,1.));
#9283=DIRECTION('',(1.,0.,0.));
#9284=DIRECTION('',(0.290413564316897,0.956901228790493,0.));
#9285=DIRECTION('',(0.,0.,-1.));
#9286=DIRECTION('',(-1.,0.,0.));
#9287=DIRECTION('',(-0.115210411324564,-0.993316666938976,-0.00696852234469094));
#9288=DIRECTION('',(0.993340785696883,-0.115213208752728,0.));
#9289=DIRECTION('',(-0.117078283494253,-0.993107134403822,-0.00555833880477798));
#9290=DIRECTION('',(0.993122475846449,-0.117080092110572,0.));
#9291=DIRECTION('',(-0.176514918665682,-0.984297902596629,-0.000349903308647261));
#9292=DIRECTION('',(0.984297962851575,-0.176514929471249,0.));
#9293=DIRECTION('',(-0.200978553497644,-0.979576736113534,-0.00608597561203343));
#9294=DIRECTION('',(0.97959487793743,-0.200982275633328,0.));
#9295=DIRECTION('',(-0.199884273965696,-0.979811431329985,0.00397945427069138));
#9296=DIRECTION('',(0.979819189596622,-0.199885856673801,0.));
#9297=DIRECTION('',(-0.116767571401999,-0.993149140148383,0.00448549789951533));
#9298=DIRECTION('',(0.993159131226257,-0.116768746083477,0.));
#9299=DIRECTION('',(-0.116648245398842,-0.993173291447024,1.28673704439901E-6));
#9300=DIRECTION('',(0.993173291447847,-0.116648245398939,0.));
#9301=DIRECTION('',(0.956901228790493,-0.290413564316897,0.));
#9302=DIRECTION('',(0.,0.,-1.));
#9303=DIRECTION('',(0.,0.,-1.));
#9304=DIRECTION('',(0.,0.,-1.));
#9305=DIRECTION('',(0.,-1.,0.));
#9306=DIRECTION('',(0.,0.,-1.));
#9307=DIRECTION('',(-1.,0.,0.));
#9308=DIRECTION('',(0.,0.,-1.));
#9309=DIRECTION('',(-1.,0.,0.));
#9310=DIRECTION('',(-0.480748066529047,-0.876858766580219,0.));
#9311=DIRECTION('',(0.,0.,-1.));
#9312=DIRECTION('',(-1.,0.,0.));
#9313=DIRECTION('',(-0.566693851656373,-0.823928442581554,0.));
#9314=DIRECTION('',(0.876858766580219,-0.480748066529047,0.));
#9315=DIRECTION('',(0.,0.,1.));
#9316=DIRECTION('',(-0.480748066529047,-0.876858766580219,0.));
#9317=DIRECTION('',(0.,0.,-1.));
#9318=DIRECTION('',(0.,0.,1.));
#9319=DIRECTION('',(1.,0.,0.));
#9320=DIRECTION('',(-0.566693851656373,-0.823928442581554,0.));
#9321=DIRECTION('',(0.,0.,-1.));
#9322=DIRECTION('',(-1.,0.,0.));
#9323=DIRECTION('',(-0.823928442581554,0.566693851656373,0.));
#9324=DIRECTION('',(0.,0.,-1.));
#9325=DIRECTION('',(0.,0.,-1.));
#9326=DIRECTION('',(0.,0.,-1.));
#9327=DIRECTION('',(0.,-1.,0.));
#9328=DIRECTION('',(0.,0.,-1.));
#9329=DIRECTION('',(-1.,0.,0.));
#9330=DIRECTION('',(0.150405550741534,-0.988624382819954,0.));
#9331=DIRECTION('',(0.,0.,-1.));
#9332=DIRECTION('',(-1.,0.,0.));
#9333=DIRECTION('',(-0.0742162843078743,-0.997242168755179,0.));
#9334=DIRECTION('',(0.988624382819954,0.150405550741534,0.));
#9335=DIRECTION('',(0.,0.,1.));
#9336=DIRECTION('',(0.,0.,-1.));
#9337=DIRECTION('',(0.150594193029472,-0.988588805145236,-0.00368284771841065));
#9338=DIRECTION('',(0.988595509509981,0.150595214322039,0.));
#9339=DIRECTION('',(0.149763484802911,-0.988715391714876,-0.00357390623640703));
#9340=DIRECTION('',(0.988721706110204,0.149764441262027,0.));
#9341=DIRECTION('',(0.147454259019593,-0.989066981751491,-0.00193574429583612));
#9342=DIRECTION('',(0.989068834826099,0.147454535283738,0.));
#9343=DIRECTION('',(-0.0400197814681167,0.99919873677303,-0.000549110576199633));
#9344=DIRECTION('',(-0.999198887413477,-0.0400197875015488,0.));
#9345=DIRECTION('',(-0.0292792893663235,0.999568857165617,-0.00219613269750399));
#9346=DIRECTION('',(-0.999571267634048,-0.0292793599735681,0.));
#9347=DIRECTION('',(-0.0258508951186223,0.999655284215085,-0.00458736988084643));
#9348=DIRECTION('',(-0.999665802735218,-0.0258511671255481,0.));
#9349=DIRECTION('',(-0.0264681737789867,0.999646048933484,0.00268563372051798));
#9350=DIRECTION('',(-0.999649653990766,-0.026468269232055,0.));
#9351=DIRECTION('',(-0.0266451170077597,0.99963718033003,0.00394277078596938));
#9352=DIRECTION('',(-0.99964495032126,-0.0266453241152279,0.));
#9353=DIRECTION('',(-0.0299898215809325,0.999548436014724,0.00188006969629158));
#9354=DIRECTION('',(-0.999550202552376,-0.0299898745830153,0.));
#9355=DIRECTION('',(0.,0.,-1.));
#9356=DIRECTION('',(-1.,0.,0.));
#9357=DIRECTION('',(0.,0.,-1.));
#9358=DIRECTION('',(-1.,0.,0.));
#9359=DIRECTION('',(0.988623588481566,0.150410576275155,-0.000242574538318134));
#9360=DIRECTION('',(-0.150410580700416,0.988623617568063,0.));
#9361=DIRECTION('',(0.15041069486709,-0.988623428623733,0.000582448156453518));
#9362=DIRECTION('',(-0.0186124017671801,-0.00224267240924178,0.999824259018015));
#9363=DIRECTION('',(0.999826773375315,0.,0.0186124485736341));
#9364=DIRECTION('',(-0.0186124017671801,-0.00224267240924178,0.999824259018015));
#9365=DIRECTION('',(-0.992644288440145,-0.119607130005202,-0.0187470285399607));
#9366=DIRECTION('',(-0.0395680635740405,0.999216822721279,-0.000330961919843907));
#9367=DIRECTION('',(-0.999216877446287,-0.0395680657411003,0.));
#9368=DIRECTION('',(-0.0288909739195865,0.999580228152035,-0.0021631258639069));
#9369=DIRECTION('',(-0.999582566734914,-0.0288910415118968,0.));
#9370=DIRECTION('',(-0.0258781809485123,0.999644200011614,-0.00646476093414742));
#9371=DIRECTION('',(-0.999665089798373,-0.0258787217306043,0.));
#9372=DIRECTION('',(-0.0264927026124796,0.999642948049117,0.00348039135121439));
#9373=DIRECTION('',(-0.999649002503592,-0.0264928630686327,0.));
#9374=DIRECTION('',(-0.0272817516778836,0.999621142803555,0.00364374608071224));
#9375=DIRECTION('',(-0.999627778797363,-0.0272819327880336,0.));
#9376=DIRECTION('',(-0.0297347944272846,0.999555972743046,0.00192337049722662));
#9377=DIRECTION('',(-0.999557821603904,-0.0297348494272036,0.));
#9378=DIRECTION('',(0.138715756579382,-0.990332099028903,0.00052202453623741));
#9379=DIRECTION('',(0.990332233966441,0.138715775480075,0.));
#9380=DIRECTION('',(0.148434595727114,-0.988919408965903,0.00236079686909778));
#9381=DIRECTION('',(0.988922164780279,0.1484350093687,0.));
#9382=DIRECTION('',(0.151195161818958,-0.988479912190339,0.00689102595548259));
#9383=DIRECTION('',(0.988503382622774,0.151198751791588,0.));
#9384=DIRECTION('',(0.988624382819954,0.150405550741534,0.));
#9385=DIRECTION('',(0.,0.,1.));
#9386=DIRECTION('',(0.150405550741534,-0.988624382819954,0.));
#9387=DIRECTION('',(0.,0.,-1.));
#9388=DIRECTION('',(0.,0.,1.));
#9389=DIRECTION('',(1.,0.,0.));
#9390=DIRECTION('',(-0.0742162843078743,-0.997242168755179,0.));
#9391=DIRECTION('',(0.,0.,-1.));
#9392=DIRECTION('',(-1.,0.,0.));
#9393=DIRECTION('',(-0.997242168755179,0.0742162843078743,0.));
#9394=DIRECTION('',(0.,0.,-1.));
#9395=DIRECTION('',(0.,0.,-1.));
#9396=DIRECTION('',(0.,0.,-1.));
#9397=DIRECTION('',(0.,-1.,0.));
#9398=DIRECTION('',(0.,0.,-1.));
#9399=DIRECTION('',(-1.,0.,0.));
#9400=DIRECTION('',(0.417430084615622,-0.908709042795214,0.));
#9401=DIRECTION('',(0.,0.,-1.));
#9402=DIRECTION('',(-1.,0.,0.));
#9403=DIRECTION('',(0.219095844467872,-0.975703341665339,0.));
#9404=DIRECTION('',(0.908709042795214,0.417430084615622,0.));
#9405=DIRECTION('',(0.,0.,1.));
#9406=DIRECTION('',(0.,0.,-1.));
#9407=DIRECTION('',(0.417582737988908,-0.908631447912753,-0.00368086914478618));
#9408=DIRECTION('',(0.908637603407121,0.417585566889666,0.));
#9409=DIRECTION('',(0.416891821618508,-0.908949666489886,-0.00342240493330444));
#9410=DIRECTION('',(0.908954989734711,0.416894263136794,0.));
#9411=DIRECTION('',(0.414949519616423,-0.909842272462145,-0.00198378703984534));
#9412=DIRECTION('',(0.909844062769082,0.414950336117289,0.));
#9413=DIRECTION('',(0.,0.,1.));
#9414=DIRECTION('',(1.,0.,0.));
#9415=DIRECTION('',(0.316338894886193,-0.948646247861752,0.));
#9416=DIRECTION('',(0.,0.,-1.));
#9417=DIRECTION('',(-1.,0.,0.));
#9418=DIRECTION('',(0.948646247861753,0.316338894886194,0.));
#9419=DIRECTION('',(0.,0.,1.));
#9420=DIRECTION('',(0.316338894886193,-0.948646247861752,0.));
#9421=DIRECTION('',(0.,0.,-1.));
#9422=DIRECTION('',(0.,0.,1.));
#9423=DIRECTION('',(1.,0.,0.));
#9424=DIRECTION('',(0.219095844467872,-0.975703341665339,0.));
#9425=DIRECTION('',(0.,0.,-1.));
#9426=DIRECTION('',(-1.,0.,0.));
#9427=DIRECTION('',(-0.975703341665339,-0.219095844467872,0.));
#9428=DIRECTION('',(0.,0.,-1.));
#9429=DIRECTION('',(0.,0.,-1.));
#9430=DIRECTION('',(0.,0.,-1.));
#9431=DIRECTION('',(0.,-1.,0.));
#9432=DIRECTION('',(0.,0.,-1.));
#9433=DIRECTION('',(-1.,0.,0.));
#9434=DIRECTION('',(0.622093554869719,-0.782942915536986,0.));
#9435=DIRECTION('',(0.,0.,-1.));
#9436=DIRECTION('',(-1.,0.,0.));
#9437=DIRECTION('',(0.452399279805941,-0.891815503134514,0.));
#9438=DIRECTION('',(0.782942915536986,0.622093554869719,0.));
#9439=DIRECTION('',(0.,0.,1.));
#9440=DIRECTION('',(0.,0.,-1.));
#9441=DIRECTION('',(0.622215116143065,-0.782837681938084,-0.00367600066371954));
#9442=DIRECTION('',(0.782842971227003,0.622219320176156,0.));
#9443=DIRECTION('',(0.621656226987982,-0.783283030842937,-0.00335097606222219));
#9444=DIRECTION('',(0.783287428638439,0.621659717318873,0.));
#9445=DIRECTION('',(0.620054703115234,-0.784555998987845,-0.00201236101737425));
#9446=DIRECTION('',(0.784557587560426,0.620055958604837,0.));
#9447=DIRECTION('',(0.,0.,1.));
#9448=DIRECTION('',(1.,0.,0.));
#9449=DIRECTION('',(0.539997243534519,-0.841666785001714,0.));
#9450=DIRECTION('',(0.,0.,-1.));
#9451=DIRECTION('',(-1.,0.,0.));
#9452=DIRECTION('',(0.841666785001714,0.539997243534519,0.));
#9453=DIRECTION('',(0.,0.,1.));
#9454=DIRECTION('',(0.539997243534519,-0.841666785001714,0.));
#9455=DIRECTION('',(0.,0.,-1.));
#9456=DIRECTION('',(0.,0.,1.));
#9457=DIRECTION('',(1.,0.,0.));
#9458=DIRECTION('',(0.452399279805941,-0.891815503134514,0.));
#9459=DIRECTION('',(0.,0.,-1.));
#9460=DIRECTION('',(-1.,0.,0.));
#9461=DIRECTION('',(-0.891815503134513,-0.452399279805942,0.));
#9462=DIRECTION('',(0.,0.,-1.));
#9463=DIRECTION('',(0.,0.,-1.));
#9464=DIRECTION('',(0.,0.,-1.));
#9465=DIRECTION('',(0.,-1.,0.));
#9466=DIRECTION('',(0.0344685253680642,0.0321147293262736,-0.998889666038873));
#9467=DIRECTION('',(-0.999405170169451,0.,-0.0344863137863513));
#9468=DIRECTION('',(0.663724372841474,-0.747976367602056,-0.00114472923704868));
#9469=DIRECTION('',(0.0344685253680642,0.0321147293262736,-0.998889666038873));
#9470=DIRECTION('',(-0.730834433127197,-0.680927012443257,-0.0471108807044477));
#9471=DIRECTION('',(0.0328693076135968,0.0337495010514078,-0.998889673485407));
#9472=DIRECTION('',(0.,0.999429707008398,0.0337677471725119));
#9473=DIRECTION('',(0.733558989084305,-0.679624769139929,0.00117588482037449));
#9474=DIRECTION('',(0.0328693076135968,0.0337495010514078,-0.998889673485407));
#9475=DIRECTION('',(-0.696928639331052,-0.71559139980575,-0.0471107228156842));
#9476=DIRECTION('',(0.679568488005677,0.733473579179976,-0.0142540785248563));
#9477=DIRECTION('',(-0.733548103660684,0.679637535467115,0.));
#9478=DIRECTION('',(0.679568488005677,0.733473579179976,-0.0142540785248563));
#9479=DIRECTION('',(-0.0096876067989881,-0.0104560522713389,-0.999898405461979));
#9480=DIRECTION('',(0.678623041644201,0.734348409234494,-0.0142541644560967));
#9481=DIRECTION('',(-0.734423023501947,0.678691993875174,0.));
#9482=DIRECTION('',(0.734423023501947,-0.678691993875174,0.));
#9483=DIRECTION('',(0.678623041644201,0.734348409234494,-0.0142541644560967));
#9484=DIRECTION('',(-0.00967418729573289,-0.0104685865573405,-0.99989840423698));
#9485=DIRECTION('',(0.,0.,1.));
#9486=DIRECTION('',(1.,0.,0.));
#9487=DIRECTION('',(0.663724807715779,-0.747976857678533,0.));
#9488=DIRECTION('',(0.,0.,-1.));
#9489=DIRECTION('',(-1.,0.,0.));
#9490=DIRECTION('',(-0.747976857678533,-0.663724807715779,0.));
#9491=DIRECTION('',(0.,0.,-1.));
#9492=DIRECTION('',(0.,0.,-1.));
#9493=DIRECTION('',(0.,0.,-1.));
#9494=DIRECTION('',(0.,-1.,0.));
#9495=DIRECTION('',(-0.746458196407898,-0.664679041859347,-0.0316533146512205));
#9496=DIRECTION('',(-0.665124246850267,0.746715288918851,0.00510034770396153));
#9497=DIRECTION('',(-0.665012274754325,0.746832427272731,0.));
#9498=DIRECTION('',(0.,0.,-1.));
#9499=DIRECTION('',(-0.746832427272731,-0.665012274754325,0.));
#9500=DIRECTION('',(0.,0.,-1.));
#9501=DIRECTION('',(0.,0.,-1.));
#9502=DIRECTION('',(-1.,0.,0.));
#9503=DIRECTION('',(-0.622862907239939,-0.782331003338492,0.));
#9504=DIRECTION('',(0.,0.,-1.));
#9505=DIRECTION('',(-1.,0.,0.));
#9506=DIRECTION('',(0.782331003338492,-0.622862907239939,0.));
#9507=DIRECTION('',(0.,0.,1.));
#9508=DIRECTION('',(-0.622862907239939,-0.782331003338492,0.));
#9509=DIRECTION('',(0.,0.,-1.));
#9510=DIRECTION('',(0.,0.,-1.));
#9511=DIRECTION('',(-1.,0.,0.));
#9512=DIRECTION('',(0.,0.,-1.));
#9513=DIRECTION('',(-1.,0.,0.));
#9514=DIRECTION('',(0.749222360706257,-0.661995654575162,0.0206786735876945));
#9515=DIRECTION('',(0.66213723715023,0.749382598663099,0.));
#9516=DIRECTION('',(0.747344075629029,-0.664320753350221,-0.0124406306266292));
#9517=DIRECTION('',(0.664372167544094,0.747401915299099,0.));
#9518=DIRECTION('',(-0.564900142285962,0.825158886092342,0.000801216665276788));
#9519=DIRECTION('',(-0.825159150947078,-0.564900323604348,0.));
#9520=DIRECTION('',(-0.565202361326946,0.824942736445793,-0.00397144001236138));
#9521=DIRECTION('',(-0.824949242159667,-0.565206818660384,0.));
#9522=DIRECTION('',(-0.564998890330298,0.82508281345909,-0.00382163053741736));
#9523=DIRECTION('',(-0.825088838634563,-0.565003016240328,0.));
#9524=DIRECTION('',(0.613979645204326,0.7893218128544,-0.000266508936433208));
#9525=DIRECTION('',(-0.789321840885987,0.613979667008898,0.));
#9526=DIRECTION('',(0.620146764099015,0.784484156204726,-0.00161234031147461));
#9527=DIRECTION('',(-0.784485175895412,0.62014757018015,0.));
#9528=DIRECTION('',(0.623056465223543,0.782164892290779,-0.00432694013117691));
#9529=DIRECTION('',(-0.782172214399847,0.623062297865021,0.));
#9530=DIRECTION('',(0.623128306117684,0.78209583184763,-0.00610114099737627));
#9531=DIRECTION('',(-0.782110388590938,0.623139904081043,0.));
#9532=DIRECTION('',(0.782331003338492,-0.622862907239939,0.));
#9533=DIRECTION('',(0.,0.,1.));
#9534=DIRECTION('',(0.,0.,1.));
#9535=DIRECTION('',(-0.622862907239939,-0.782331003338492,0.));
#9536=DIRECTION('',(0.,0.,-1.));
#9537=DIRECTION('',(0.,0.,-1.));
#9538=DIRECTION('',(-1.,0.,0.));
#9539=DIRECTION('',(0.,0.,1.));
#9540=DIRECTION('',(-1.,0.,0.));
#9541=DIRECTION('',(0.,0.,-1.));
#9542=DIRECTION('',(-1.,0.,0.));
#9543=DIRECTION('',(-0.565444160030792,0.824770196401651,0.0051985589017619));
#9544=DIRECTION('',(-0.824781341340868,-0.565451800754016,0.));
#9545=DIRECTION('',(-0.745532865758585,-0.666439423396223,-0.00626426508872577));
#9546=DIRECTION('',(0.666452499661474,-0.745547493923072,0.));
#9547=DIRECTION('',(0.,0.,-1.));
#9548=DIRECTION('',(0.,-1.,0.));
#9549=DIRECTION('',(0.,0.,-1.));
#9550=DIRECTION('',(-1.,0.,0.));
#9551=DIRECTION('',(0.,0.,-1.));
#9552=DIRECTION('',(-1.,0.,0.));
#9553=DIRECTION('',(-0.324374881863535,-0.945928610422593,0.));
#9554=DIRECTION('',(0.,0.,-1.));
#9555=DIRECTION('',(-1.,0.,0.));
#9556=DIRECTION('',(-0.411255237081808,-0.911520230150042,0.));
#9557=DIRECTION('',(0.942640941295666,-0.323247484644651,-0.0833013773243091));
#9558=DIRECTION('',(0.324374881863535,0.945928610422593,0.));
#9559=DIRECTION('',(0.942640941295666,-0.323247484644651,-0.0833013773243091));
#9560=DIRECTION('',(-0.0787971560986718,0.0270208744286425,-0.996524400371548));
#9561=DIRECTION('',(0.32226760088042,0.946635022372988,0.00507226179048985));
#9562=DIRECTION('',(-0.946647200045008,0.322271746584999,0.));
#9563=DIRECTION('',(0.320170370651717,0.947354858836835,0.00311531619304615));
#9564=DIRECTION('',(-0.947359456002109,0.320171924320964,0.));
#9565=DIRECTION('',(0.315803677753209,0.948824004250126,0.00102277871724056));
#9566=DIRECTION('',(-0.948824500521669,0.315803842930711,0.));
#9567=DIRECTION('',(0.296109299256956,0.955154016306575,0.000296693399137057));
#9568=DIRECTION('',(-0.955154058346236,0.29610931228976,0.));
#9569=DIRECTION('',(0.281322831133176,0.959603748269207,0.00425570098837419));
#9570=DIRECTION('',(-0.959612438074621,0.281325378685398,0.));
#9571=DIRECTION('',(0.268054643451366,0.963297864576982,0.0142804840809793));
#9572=DIRECTION('',(-0.963396103341488,0.268081980122567,0.));
#9573=DIRECTION('',(-0.000385840929657336,9.05901429876681E-5,-0.999999921460098));
#9574=DIRECTION('',(-0.999999925563385,0.,0.000385840931240552));
#9575=DIRECTION('',(0.172207398266913,0.985045796734269,-0.00542128382304985));
#9576=DIRECTION('',(-0.985060272458102,0.17220992893782,0.));
#9577=DIRECTION('',(0.171626083531295,0.985160356935732,0.00188641829146986));
#9578=DIRECTION('',(-0.985162109823412,0.171626388904167,0.));
#9579=DIRECTION('',(0.179996342287024,0.983500366741735,0.0181203030373563));
#9580=DIRECTION('',(-0.983661870416451,0.180025900049987,0.));
#9581=DIRECTION('',(-0.140982027005352,-0.989663394125744,0.0262761182250217));
#9582=DIRECTION('',(0.990005219962573,-0.141030721641978,0.));
#9583=DIRECTION('',(-0.144449405252857,-0.989367648329861,-0.0169122961284426));
#9584=DIRECTION('',(0.989509171006866,-0.144470067810965,0.));
#9585=DIRECTION('',(-0.171168279711679,-0.985233797764841,-0.00397287835374665));
#9586=DIRECTION('',(0.985241573204978,-0.1711696305674,0.));
#9587=DIRECTION('',(0.,0.,1.));
#9588=DIRECTION('',(1.,0.,0.));
#9589=DIRECTION('',(-0.411255237081808,-0.911520230150042,0.));
#9590=DIRECTION('',(0.,0.,-1.));
#9591=DIRECTION('',(-1.,0.,0.));
#9592=DIRECTION('',(0.242202448619727,0.97020070787257,-0.00696852395935669));
#9593=DIRECTION('',(-0.970224265361956,0.242208329548865,0.));
#9594=DIRECTION('',(0.244027769380292,0.969752315092208,-0.00555834009231669));
#9595=DIRECTION('',(-0.969767295758323,0.24403153910425,0.));
#9596=DIRECTION('',(0.30183450574761,0.953360272251636,-0.000349903389670199));
#9597=DIRECTION('',(-0.953360330612726,0.30183452422477,0.));
#9598=DIRECTION('',(0.32548619124039,0.945527207538551,-0.00608597701067313));
#9599=DIRECTION('',(-0.945544718771046,0.32549221926827,0.));
#9600=DIRECTION('',(0.324431259733734,0.945900904769602,0.00397945519265535));
#9601=DIRECTION('',(-0.945908394532017,0.324433828621281,0.));
#9602=DIRECTION('',(0.243725056663732,0.969833994585454,0.00448549893346722));
#9603=DIRECTION('',(-0.969843751117519,0.243727508538325,0.));
#9604=DIRECTION('',(0.243609835736256,0.969873315403047,1.28673733476383E-6));
#9605=DIRECTION('',(-0.96987331540385,0.243609835736457,0.));
#9606=DIRECTION('',(-0.911520230150042,0.411255237081808,0.));
#9607=DIRECTION('',(0.,0.,-1.));
#9608=DIRECTION('',(0.,0.,-1.));
#9609=DIRECTION('',(0.,0.,-1.));
#9610=DIRECTION('',(0.,-1.,0.));
#9611=DIRECTION('',(0.,0.,-1.));
#9612=DIRECTION('',(-1.,0.,0.));
#9613=DIRECTION('',(-0.840407631668138,0.541935065640179,-0.00462571762278282));
#9614=DIRECTION('',(-0.541940863696933,-0.840416623024213,0.));
#9615=DIRECTION('',(-0.840294987342669,0.542075442537684,-0.00765172165966909));
#9616=DIRECTION('',(-0.542091312179907,-0.840319587573125,0.));
#9617=DIRECTION('',(-0.840353077120711,0.541849116534295,-0.0143610822975042));
#9618=DIRECTION('',(0.541838189332033,0.840468078752407,0.00497847161503744));
#9619=DIRECTION('',(0.54190508262188,0.840439695261095,-7.61653650494876E-6));
#9620=DIRECTION('',(0.840439695285472,-0.541905082637599,0.));
#9621=DIRECTION('',(-0.840439693002128,0.541905081790334,6.89659276481348E-5));
#9622=DIRECTION('',(5.70943183026561E-5,0.000215813176893905,-0.999999975082456));
#9623=DIRECTION('',(0.,0.999999976712336,0.000215813177245654));
#9624=DIRECTION('',(5.70943183026561E-5,0.000215813176893905,-0.999999975082456));
#9625=DIRECTION('',(-0.255755666190474,-0.966741428395607,-0.00022323773987273));
#9626=DIRECTION('',(-8.06272322231378E-5,0.000208174320535829,-0.999999975081351));
#9627=DIRECTION('',(0.,0.999999978331726,0.000208174321212473));
#9628=DIRECTION('',(-0.775311309706536,-0.631579265242801,-6.89673811108403E-5));
#9629=DIRECTION('',(-8.06272322231378E-5,0.000208174320535829,-0.999999975081351));
#9630=DIRECTION('',(0.361164034004904,-0.932502273833156,-0.000223242689256597));
#9631=DIRECTION('',(0.631579278097988,-0.775311302302001,0.));
#9632=DIRECTION('',(0.,0.,1.));
#9633=DIRECTION('',(-0.775311292586033,-0.631579270183226,0.000158314237429488));
#9634=DIRECTION('',(0.,0.,-1.));
#9635=DIRECTION('',(-0.000188821545188263,0.000482456766451324,0.999999865790937));
#9636=DIRECTION('',(0.,-0.999999883617723,0.000482456775051979));
#9637=DIRECTION('',(-0.000188821545188263,0.000482456766451324,0.999999865790937));
#9638=DIRECTION('',(-0.364456402549673,0.931220308102462,-0.000518090829316589));
#9639=DIRECTION('',(0.00283905049398909,0.00538846261304714,0.999981451959465));
#9640=DIRECTION('',(0.,-0.999985482012931,0.00538848432924236));
#9641=DIRECTION('',(0.00283905049398909,0.00538846261304714,0.999981451959465));
#9642=DIRECTION('',(0.46612571141449,0.884697533296717,-0.00609062698247287));
#9643=DIRECTION('',(-0.845515622823949,0.533950581586153,-0.000328609857679577));
#9644=DIRECTION('',(-0.533950610415332,-0.845515668475218,0.));
#9645=DIRECTION('',(-0.841469191856923,0.54029915113075,-0.00253504300700146));
#9646=DIRECTION('',(-0.54030088723998,-0.841471895696874,0.));
#9647=DIRECTION('',(0.,0.,-1.));
#9648=DIRECTION('',(1.,0.,0.));
#9649=DIRECTION('',(0.797796147321954,-0.602906130994409,-0.00505020074836675));
#9650=DIRECTION('',(0.602913819559508,0.797806321223494,0.));
#9651=DIRECTION('',(0.79766062797781,-0.60304870082775,-0.00835386162254402));
#9652=DIRECTION('',(0.603069744410234,0.797688462607411,0.));
#9653=DIRECTION('',(0.79773634053855,-0.602802546755335,-0.0156786673363684));
#9654=DIRECTION('',(-0.602806894723716,-0.797871582711216,0.00497847119600837));
#9655=DIRECTION('',(-0.602876735816675,-0.797834344555948,-7.61653649685423E-6));
#9656=DIRECTION('',(-0.79783434457909,0.602876735834162,0.));
#9657=DIRECTION('',(0.797834341987193,-0.602876734592139,7.50558593003152E-5));
#9658=DIRECTION('',(-6.6867881545926E-5,-0.000212987734201169,-0.999999975082455));
#9659=DIRECTION('',(0.,0.999999977318112,-0.000212987734677336));
#9660=DIRECTION('',(-6.6867881545926E-5,-0.000212987734201169,-0.999999975082455));
#9661=DIRECTION('',(0.299536628163618,0.954084775349278,-0.000223237739870721));
#9662=DIRECTION('',(8.31331954261541E-5,-0.000207186317400695,-0.999999975081351));
#9663=DIRECTION('',(0.,0.999999978536915,-0.000207186318116641));
#9664=DIRECTION('',(0.748846303733883,0.662743696877218,-7.50574416974404E-5));
#9665=DIRECTION('',(8.31331954261541E-5,-0.000207186317400695,-0.999999975081351));
#9666=DIRECTION('',(-0.372389320505879,0.928076583120096,-0.000223242689241607));
#9667=DIRECTION('',(-0.662743710561266,0.748846295384764,0.));
#9668=DIRECTION('',(0.,0.,1.));
#9669=DIRECTION('',(0.748846284268345,0.662743700723017,0.000172306278095648));
#9670=DIRECTION('',(0.,0.,-1.));
#9671=DIRECTION('',(0.000194784793395128,-0.000480080192975651,0.999999865790937));
#9672=DIRECTION('',(0.,-0.999999884761493,-0.00048008020208304));
#9673=DIRECTION('',(0.000194784793395128,-0.000480080192975651,0.999999865790937));
#9674=DIRECTION('',(0.375966444935703,-0.926633133372805,-0.000518090829320034));
#9675=DIRECTION('',(-0.00319003335875956,-0.00518839384981729,0.9999814519562));
#9676=DIRECTION('',(0.,-0.999986540057073,-0.00518842024937823));
#9677=DIRECTION('',(-0.00319003335875956,-0.00518839384981729,0.9999814519562));
#9678=DIRECTION('',(-0.523751317925472,-0.851849435773576,-0.00609062751864048));
#9679=DIRECTION('',(0.804002697987353,-0.594625540080678,-0.000358765688655836));
#9680=DIRECTION('',(0.594625578348646,0.804002749730085,0.));
#9681=DIRECTION('',(0.799085130802862,-0.601211521598713,-0.00276767533017845));
#9682=DIRECTION('',(0.601213824260106,0.799088191327176,0.));
#9683=DIRECTION('',(0.,0.,-1.));
#9684=DIRECTION('',(1.,0.,0.));
#9685=CARTESIAN_POINT('',(0.,0.,0.));
#9686=CARTESIAN_POINT('',(0.,2.4492935982947E-18,0.107));
#9687=CARTESIAN_POINT('',(0.,2.4492935982947E-18,0.0545401891405465));
#9688=CARTESIAN_POINT('',(-0.03101245209208,-0.0252631711239195,0.054546521710123));
#9689=CARTESIAN_POINT('',(-0.0399218764484413,-0.00249875585749927,0.0545336892790935));
#9690=CARTESIAN_POINT('',(-0.03101245209208,-0.0252631711239195,0.0525604289049192));
#9691=CARTESIAN_POINT('',(-0.0310124520871233,-0.0252631711300043,0.0505742427347074));
#9692=CARTESIAN_POINT('',(0.,2.4492935982947E-18,0.0505770014300845));
#9693=CARTESIAN_POINT('',(-0.0399385366575529,-0.00221659605277574,0.0505798340516619));
#9694=CARTESIAN_POINT('',(0.,2.4492935982947E-18,0.0505826666117651));
#9695=CARTESIAN_POINT('',(-0.0336175952320335,0.0216761917968808,0.0505854991711981));
#9696=CARTESIAN_POINT('',(-0.0336175878114189,0.0216762033055039,0.052419330585575));
#9697=CARTESIAN_POINT('',(-0.0336175902849577,0.0216761994692967,0.0518080534474494));
#9698=CARTESIAN_POINT('',(-0.0336175927584959,0.021676195633089,0.0511967763093237));
#9699=CARTESIAN_POINT('',(-0.0336175952320334,0.0216761917968809,0.0505854991711981));
#9700=CARTESIAN_POINT('',(-0.0336175878114189,0.021676203305504,0.052419330585575));
#9701=CARTESIAN_POINT('',(-0.0336207227436314,0.0216713405721927,0.0535929237599978));
#9702=CARTESIAN_POINT('',(-0.0336186210975355,0.0216746006100859,0.0532017388905001));
#9703=CARTESIAN_POINT('',(-0.0336175760573966,0.0216762214466882,0.0528105346837388));
#9704=CARTESIAN_POINT('',(-0.0336175879099025,0.0216762031527661,0.0524193305855852));
#9705=CARTESIAN_POINT('',(-0.0336207613065589,0.021671280745776,0.0535929231425493));
#9706=CARTESIAN_POINT('',(-0.0336384757360162,0.0216437739351863,0.0540213663979786));
#9707=CARTESIAN_POINT('',(-0.0336273739859166,0.0216610281327431,0.0538792859443372));
#9708=CARTESIAN_POINT('',(-0.0336214755201461,0.0216701727127872,0.0537364713184741));
#9709=CARTESIAN_POINT('',(-0.0336208001811002,0.0216712204359269,0.0535929225193977));
#9710=CARTESIAN_POINT('',(-0.0336384916616923,0.0216437491835497,0.0540213621477634));
#9711=CARTESIAN_POINT('',(-0.0336831540278552,0.0215741774914263,0.0542444191941874));
#9712=CARTESIAN_POINT('',(-0.0336596794870253,0.0216108276290652,0.0541766722622298));
#9713=CARTESIAN_POINT('',(-0.0336445356121849,0.0216343556988657,0.0541011065671277));
#9714=CARTESIAN_POINT('',(-0.0336385330341986,0.0216436848828274,0.0540213515121269));
#9715=CARTESIAN_POINT('',(-0.0336830738690926,0.0215743027226624,0.0542445136752856));
#9716=CARTESIAN_POINT('',(-0.0337699307680173,0.0214380917043313,0.0543868737667957));
#9717=CARTESIAN_POINT('',(-0.0337343400850921,0.021494155225047,0.0543558128978274));
#9718=CARTESIAN_POINT('',(-0.0337041708624324,0.0215413650470598,0.0543065194696081));
#9719=CARTESIAN_POINT('',(-0.0336829937267737,0.0215744277699809,0.0542446084217327));
#9720=CARTESIAN_POINT('',(-0.0337698531651379,0.021438214674197,0.0543871842042566));
#9721=CARTESIAN_POINT('',(-0.0339308163891788,0.0211825328788565,0.0544558987389254));
#9722=CARTESIAN_POINT('',(-0.0338752624798694,0.0212715207967442,0.0544551438163267));
#9723=CARTESIAN_POINT('',(-0.0338206958871876,0.0213581262388775,0.0544319797792654));
#9724=CARTESIAN_POINT('',(-0.0337697749582144,0.0214383371386765,0.054387494690493));
#9725=CARTESIAN_POINT('',(-0.0339308163816772,0.0211825328908728,0.0544559007074077));
#9726=CARTESIAN_POINT('',(0.,2.4492935982947E-18,0.0544738081033272));
#9727=CARTESIAN_POINT('',(-0.0366569217432493,0.016008438034652,0.0544918125757103));
#9728=CARTESIAN_POINT('',(-0.0390116605349153,0.00883687401225863,0.0545205904348183));
#9729=CARTESIAN_POINT('',(-0.0384549701306014,0.0112944644504624,0.0545161231600478));
#9730=CARTESIAN_POINT('',(-0.0376653785596358,0.013699223199344,0.054506530540345));
#9731=CARTESIAN_POINT('',(-0.0366569217432497,0.0160084380346513,0.0544918125757097));
#9732=CARTESIAN_POINT('',(-0.0390116605349152,0.00883687401225908,0.0545205904348183));
#9733=CARTESIAN_POINT('',(-0.0399218764484412,-0.00249875585750038,0.0545336892790935));
#9734=CARTESIAN_POINT('',(-0.0401594826232144,0.00129740707062562,0.0545316964374085));
#9735=CARTESIAN_POINT('',(-0.0398519558429859,0.00512726864026156,0.0545273301559838));
#9736=CARTESIAN_POINT('',(-0.0390116605349155,0.00883687401225785,0.0545205904348194));
#9737=CARTESIAN_POINT('',(0.0021079515487318,-0.0399444181365582,0.0541699476725794));
#9738=CARTESIAN_POINT('',(0.0065864703463204,-0.039708077213951,0.0541699463298251));
#9739=CARTESIAN_POINT('',(0.0110239124195066,-0.0387115770340155,0.0541759904225989));
#9740=CARTESIAN_POINT('',(0.0151734525472775,-0.0370103544673044,0.0541880799509009));
#9741=CARTESIAN_POINT('',(0.00210795154873162,-0.0399444181365582,0.0541699476725794));
#9742=CARTESIAN_POINT('',(0.0151734525472794,-0.0370103544673036,0.0541880799509011));
#9743=CARTESIAN_POINT('',(0.,0.,0.054169947672579));
#9744=CARTESIAN_POINT('',(-0.0249145162895976,-0.0312932401335397,0.054169947672579));
#9745=CARTESIAN_POINT('',(-0.0249145162895976,-0.0312932401335397,0.0522883834768696));
#9746=CARTESIAN_POINT('',(-0.0249145162895976,-0.0312932401335397,0.0451594251849115));
#9747=CARTESIAN_POINT('',(0.,0.,0.0451594251849115));
#9748=CARTESIAN_POINT('',(-0.0298732970909092,-0.026600490990173,0.0451594251849115));
#9749=CARTESIAN_POINT('',(-0.0298732970909092,-0.026600490990173,0.0522883834768696));
#9750=CARTESIAN_POINT('',(-0.0298732970040401,-0.0266004914634877,0.0518142282843167));
#9751=CARTESIAN_POINT('',(-0.0298646157916925,-0.0266102371957691,0.0543984834054953));
#9752=CARTESIAN_POINT('',(-0.0298704320091594,-0.0266037078565937,0.0535370946918593));
#9753=CARTESIAN_POINT('',(-0.0298733253812705,-0.0266004588527202,0.0526756613779268));
#9754=CARTESIAN_POINT('',(-0.0298732968174193,-0.0266004912973129,0.0518142282843167));
#9755=CARTESIAN_POINT('',(-0.0298646166557269,-0.0266102362260556,0.0543984834186798));
#9756=CARTESIAN_POINT('',(-0.0298380741344212,-0.0266399949690083,0.0566521070623163));
#9757=CARTESIAN_POINT('',(-0.0298507249505862,-0.0266258254471659,0.0559010000951993));
#9758=CARTESIAN_POINT('',(-0.029859568216113,-0.0266159020800712,0.0551497922139871));
#9759=CARTESIAN_POINT('',(-0.0298646166557269,-0.0266102362260555,0.0543984834186797));
#9760=CARTESIAN_POINT('',(-0.0298380741344212,-0.0266399949690083,0.0566521070623163));
#9761=CARTESIAN_POINT('',(-0.0298015542360968,-0.0266808426612238,0.0585792512018265));
#9762=CARTESIAN_POINT('',(-0.0298150822958015,-0.026665732298702,0.0579369271718019));
#9763=CARTESIAN_POINT('',(-0.0298272535392208,-0.0266521145554475,0.0572945457919651));
#9764=CARTESIAN_POINT('',(-0.0298380741344211,-0.0266399949690083,0.0566521070623163));
#9765=CARTESIAN_POINT('',(-0.0298015542360969,-0.0266808426612238,0.0585792512018265));
#9766=CARTESIAN_POINT('',(-0.0297530978748834,-0.0267348679936068,0.0589385161145663));
#9767=CARTESIAN_POINT('',(-0.029782998351004,-0.0267015919066354,0.0588229114525233));
#9768=CARTESIAN_POINT('',(-0.0297990612389662,-0.0266836272132189,0.0587031539115922));
#9769=CARTESIAN_POINT('',(-0.0298013697369257,-0.0266810487388155,0.0585792434716004));
#9770=CARTESIAN_POINT('',(-0.0297531754196719,-0.0267347816981219,0.0589385610106982));
#9771=CARTESIAN_POINT('',(-0.0294684032704487,-0.0270483494633261,0.0592366555047423));
#9772=CARTESIAN_POINT('',(-0.0295956751367185,-0.026909690404469,0.0592324984154905));
#9773=CARTESIAN_POINT('',(-0.029707904302098,-0.0267851639872997,0.0591150723504358));
#9774=CARTESIAN_POINT('',(-0.0297531754196719,-0.0267347816981219,0.0589385610106982));
#9775=CARTESIAN_POINT('',(-0.0294684032704487,-0.0270483494633261,0.0592366555047424));
#9776=CARTESIAN_POINT('',(-0.0257074537637044,-0.0306451761454719,0.0593342375990375));
#9777=CARTESIAN_POINT('',(-0.027037462453939,-0.0295294659029454,0.059307522049114));
#9778=CARTESIAN_POINT('',(-0.0282946450833971,-0.028327125443536,0.0592749946843489));
#9779=CARTESIAN_POINT('',(-0.0294684032704486,-0.0270483494633261,0.0592366555047422));
#9780=CARTESIAN_POINT('',(-0.0257074537637046,-0.0306451761454718,0.0593342375990377));
#9781=CARTESIAN_POINT('',(-0.0188656487219883,-0.0352716217134758,0.0594081099015914));
#9782=CARTESIAN_POINT('',(-0.0212977488293874,-0.0339707700924297,0.0594013025312422));
#9783=CARTESIAN_POINT('',(-0.0235946067945309,-0.0324175893798412,0.059376678430391));
#9784=CARTESIAN_POINT('',(-0.0257074537637045,-0.0306451761454718,0.0593342375990377));
#9785=CARTESIAN_POINT('',(-0.0188656487219883,-0.0352716217134759,0.0594081099015914));
#9786=CARTESIAN_POINT('',(-0.00093181456281254,-0.0399891450473817,0.0594405667357112));
#9787=CARTESIAN_POINT('',(-0.00716817786583518,-0.0398438272583201,0.0594343265190024));
#9788=CARTESIAN_POINT('',(-0.0133650038112007,-0.038213738621915,0.0594235075742952));
#9789=CARTESIAN_POINT('',(-0.0188656487219849,-0.0352716217134777,0.0594081099015895));
#9790=CARTESIAN_POINT('',(-0.000931814562817936,-0.0399891450473815,0.059440566735713));
#9791=CARTESIAN_POINT('',(0.0211390163891494,-0.0339579443738762,0.0594427923347709));
#9792=CARTESIAN_POINT('',(0.0178558422040958,-0.0360017392556322,0.0594459252134052));
#9793=CARTESIAN_POINT('',(0.0106929022132497,-0.0391300614273023,0.0594486871588638));
#9794=CARTESIAN_POINT('',(0.00293447676617866,-0.0400792361598614,0.0594444414807023));
#9795=CARTESIAN_POINT('',(-0.000931814562812892,-0.0399891450473817,0.0594405667357165));
#9796=CARTESIAN_POINT('',(0.0211390163891489,-0.0339579443738766,0.0594427923347709));
#9797=CARTESIAN_POINT('',(0.026557384467436,-0.0299116253361262,0.0593023909947819));
#9798=CARTESIAN_POINT('',(0.0248704231355831,-0.0314094135762593,0.0593941660975471));
#9799=CARTESIAN_POINT('',(0.0230557662881682,-0.0327647564976269,0.0594409665442097));
#9800=CARTESIAN_POINT('',(0.0211390163891489,-0.0339579443738765,0.0594427923347694));
#9801=CARTESIAN_POINT('',(0.026557384467436,-0.0299116253361263,0.0593023909947819));
#9802=CARTESIAN_POINT('',(0.028955408782805,-0.0275968168856601,0.0589570217070294));
#9803=CARTESIAN_POINT('',(0.0281936619744308,-0.0283960645060237,0.0591417638330728));
#9804=CARTESIAN_POINT('',(0.0273938122726227,-0.0291689931805019,0.0592568869289903));
#9805=CARTESIAN_POINT('',(0.026557384467436,-0.0299116253361262,0.0593023909947819));
#9806=CARTESIAN_POINT('',(0.0289554087828051,-0.0275968168856601,0.0589570217070294));
#9807=CARTESIAN_POINT('',(0.0297182939462354,-0.0267735504729042,0.0580398732473152));
#9808=CARTESIAN_POINT('',(0.0295965489981772,-0.0269086857870092,0.0585138661424096));
#9809=CARTESIAN_POINT('',(0.0293018892559802,-0.0272332791712341,0.0588729912990664));
#9810=CARTESIAN_POINT('',(0.028955408782805,-0.0275968168856601,0.0589570217070294));
#9811=CARTESIAN_POINT('',(0.0297182939462354,-0.0267735504729042,0.0580398732473153));
#9812=CARTESIAN_POINT('',(0.0298717781821289,-0.0266021966688852,0.056917338377755));
#9813=CARTESIAN_POINT('',(0.0298626005158586,-0.0266125023295217,0.0573044026790387));
#9814=CARTESIAN_POINT('',(0.0298115106944048,-0.0266700857576197,0.0576784650895983));
#9815=CARTESIAN_POINT('',(0.0297176953358653,-0.0267742149077184,0.0580395261053103));
#9816=CARTESIAN_POINT('',(0.0298720378595042,-0.0266019050844173,0.0569173522984471));
#9817=CARTESIAN_POINT('',(0.0297532370679629,-0.0267347130894947,0.0558776122625039));
#9818=CARTESIAN_POINT('',(0.029841888074931,-0.0266360528039772,0.0562116402124747));
#9819=CARTESIAN_POINT('',(0.029881245293605,-0.0265915657940855,0.0565582202244558));
#9820=CARTESIAN_POINT('',(0.0298720378595042,-0.0266019050844173,0.0569173522984471));
#9821=CARTESIAN_POINT('',(0.0297532370679628,-0.0267347130894947,0.0558776122625039));
#9822=CARTESIAN_POINT('',(0.0293700505947437,-0.0271551123615776,0.0550462785349706));
#9823=CARTESIAN_POINT('',(0.0295401243772697,-0.0269711663137353,0.0552778354712524));
#9824=CARTESIAN_POINT('',(0.0296696533020565,-0.0268277342967676,0.055560215581163));
#9825=CARTESIAN_POINT('',(0.0297532781338202,-0.0267346673869629,0.0558775880401579));
#9826=CARTESIAN_POINT('',(0.0293701999871295,-0.0271549507956841,0.0550460404633472));
#9827=CARTESIAN_POINT('',(0.0287629750451593,-0.0277973248092607,0.0545133368203379));
#9828=CARTESIAN_POINT('',(0.0289936454171678,-0.0275586411877517,0.0546290490326254));
#9829=CARTESIAN_POINT('',(0.0291954715786053,-0.0273439332151477,0.0548066169136285));
#9830=CARTESIAN_POINT('',(0.0293701999871294,-0.0271549507956841,0.0550460404633472));
#9831=CARTESIAN_POINT('',(0.0287629750451593,-0.0277973248092607,0.054513336820338));
#9832=CARTESIAN_POINT('',(0.0280720458035469,-0.028494916115047,0.0543394340470336));
#9833=CARTESIAN_POINT('',(0.0283118676378927,-0.0282586532851701,0.0543445392063408));
#9834=CARTESIAN_POINT('',(0.0285420372306334,-0.0280259377743337,0.0544025067974422));
#9835=CARTESIAN_POINT('',(0.0287629750451593,-0.0277973248092607,0.0545133368203379));
#9836=CARTESIAN_POINT('',(0.0280720458035469,-0.028494916115047,0.0543394340470337));
#9837=CARTESIAN_POINT('',(0.0229844622001133,-0.0327370508349723,0.0542511821934204));
#9838=CARTESIAN_POINT('',(0.0247937013604413,-0.0314667962448093,0.0542764922220368));
#9839=CARTESIAN_POINT('',(0.0264973294664217,-0.0300462633436156,0.0543059095065746));
#9840=CARTESIAN_POINT('',(0.0280720458035469,-0.028494916115047,0.0543394340470337));
#9841=CARTESIAN_POINT('',(0.0229844622001133,-0.0327370508349724,0.0542511821934204));
#9842=CARTESIAN_POINT('',(0.0151734525472794,-0.0370103544673036,0.0541880799509009));
#9843=CARTESIAN_POINT('',(0.0179252644130143,-0.0358821705478371,0.0541960937651468));
#9844=CARTESIAN_POINT('',(0.0205505318171625,-0.0344458969117508,0.0542171278459866));
#9845=CARTESIAN_POINT('',(0.0229844622001133,-0.0327370508349723,0.0542511821934204));
#9846=CARTESIAN_POINT('',(0.,2.4492935982947E-18,0.0462699149427265));
#9847=CARTESIAN_POINT('',(0.00804070248455603,0.0391835055036536,0.0456873381927274));
#9848=CARTESIAN_POINT('',(0.00794574199343654,0.0392028721418946,0.0468524916927273));
#9849=CARTESIAN_POINT('',(0.,0.,0.0456873381927274));
#9850=CARTESIAN_POINT('',(0.0116165425726759,0.0382760491516198,0.0456873381927274));
#9851=CARTESIAN_POINT('',(0.0116165425726759,0.0382760491516198,0.0528162948329624));
#9852=CARTESIAN_POINT('',(0.0116165425726759,0.0382760491516198,0.0531443205927274));
#9853=CARTESIAN_POINT('',(0.,0.,0.0531443205927274));
#9854=CARTESIAN_POINT('',(0.00725533541948623,0.039336498420052,0.0531443205927274));
#9855=CARTESIAN_POINT('',(0.00540766389487661,0.0396327789992078,0.0531205076515557));
#9856=CARTESIAN_POINT('',(0.00602565228259905,0.0395484580513428,0.0531363830472495));
#9857=CARTESIAN_POINT('',(0.0066417682388097,0.0394496664923765,0.0531443206943067));
#9858=CARTESIAN_POINT('',(0.00725533541948619,0.0393364984200519,0.0531443205927273));
#9859=CARTESIAN_POINT('',(0.00540766389487664,0.0396327789992078,0.0531205076515558));
#9860=CARTESIAN_POINT('',(0.00382806683422836,0.0398164024531685,0.0530472462172593));
#9861=CARTESIAN_POINT('',(0.00435524607735414,0.039765717879677,0.053082581817269));
#9862=CARTESIAN_POINT('',(0.00488191946091385,0.0397045137921056,0.0531070022953678));
#9863=CARTESIAN_POINT('',(0.00540766389487661,0.0396327789992078,0.0531205076515557));
#9864=CARTESIAN_POINT('',(0.00382806683422837,0.0398164024531685,0.0530472462172594));
#9865=CARTESIAN_POINT('',(0.00257130946104766,0.0399172690405484,0.0529397224344957));
#9866=CARTESIAN_POINT('',(0.00299006377456986,0.0398902945767613,0.0529833194286842));
#9867=CARTESIAN_POINT('',(0.00340905394028258,0.0398566875935529,0.0530191606896054));
#9868=CARTESIAN_POINT('',(0.00382806683422836,0.0398164024531685,0.0530472462172593));
#9869=CARTESIAN_POINT('',(0.00257130946104768,0.0399172690405484,0.0529397224344958));
#9870=CARTESIAN_POINT('',(0.00203375963234104,0.0399482643165119,0.0527934266004527));
#9871=CARTESIAN_POINT('',(0.00220510078192625,0.0399395413664827,0.0528713465658274));
#9872=CARTESIAN_POINT('',(0.002384265257733,0.0399293172997626,0.0529203534984621));
#9873=CARTESIAN_POINT('',(0.00257122997940128,0.039917274160356,0.0529404645977316));
#9874=CARTESIAN_POINT('',(0.00203381342686368,0.0399482615760024,0.0527933080028554));
#9875=CARTESIAN_POINT('',(0.00118436230524718,0.0399824622294564,0.0520885902310497));
#9876=CARTESIAN_POINT('',(0.00139989572253122,0.0399760776888174,0.0523944569054976));
#9877=CARTESIAN_POINT('',(0.00169302630812715,0.0399656114528292,0.0526378341696687));
#9878=CARTESIAN_POINT('',(0.00203381342686362,0.0399482615760024,0.0527933080028553));
#9879=CARTESIAN_POINT('',(0.00118436230524722,0.0399824622294565,0.0520885902310498));
#9880=CARTESIAN_POINT('',(0.000756330385140732,0.0399928489110506,0.0510169883902451));
#9881=CARTESIAN_POINT('',(0.000813107303528164,0.0399917751663757,0.0514038268238378));
#9882=CARTESIAN_POINT('',(0.000959311649932843,0.0399891330505227,0.051768938298153));
#9883=CARTESIAN_POINT('',(0.0011851349619832,0.0399824393343114,0.0520880429694502));
#9884=CARTESIAN_POINT('',(0.000756096077380631,0.0399928533455887,0.0510170227922926));
#9885=CARTESIAN_POINT('',(0.000844607631135297,0.0399910819802294,0.0498125734807053));
#9886=CARTESIAN_POINT('',(0.000726926987371023,0.0399935673835953,0.050202288785146));
#9887=CARTESIAN_POINT('',(0.000696538188140622,0.0399939793339258,0.0506135510636622));
#9888=CARTESIAN_POINT('',(0.000756096077380595,0.0399928533455888,0.0510170227922925));
#9889=CARTESIAN_POINT('',(0.000844607631135315,0.0399910819802294,0.0498125734807054));
#9890=CARTESIAN_POINT('',(0.00143701922364483,0.03997417885911,0.0487452837655699));
#9891=CARTESIAN_POINT('',(0.00116373806207068,0.039984002957912,0.049055107599065));
#9892=CARTESIAN_POINT('',(0.000963090735060966,0.0399885788247284,0.0494166877728769));
#9893=CARTESIAN_POINT('',(0.000844879278845067,0.039991076242134,0.0498126546147758));
#9894=CARTESIAN_POINT('',(0.00143684191262162,0.0399741855564899,0.0487451271554164));
#9895=CARTESIAN_POINT('',(0.00166027577620026,0.0399655286996189,0.0484274736643939));
#9896=CARTESIAN_POINT('',(0.00159703293332125,0.0399681559777625,0.0485412675172776));
#9897=CARTESIAN_POINT('',(0.00152249749768086,0.0399711067919832,0.0486470992349586));
#9898=CARTESIAN_POINT('',(0.00143666457587629,0.039974191610293,0.0487449705429779));
#9899=CARTESIAN_POINT('',(0.00166017508344073,0.0399655328834538,0.0484274176061069));
#9900=CARTESIAN_POINT('',(0.00172699994010973,0.0399627009960698,0.0481559434175535));
#9901=CARTESIAN_POINT('',(0.00173019596302332,0.0399625628789946,0.0482509556854143));
#9902=CARTESIAN_POINT('',(0.00170704224604855,0.0399635862304197,0.0483447297111564));
#9903=CARTESIAN_POINT('',(0.00165999113849377,0.0399655405245584,0.048427312631964));
#9904=CARTESIAN_POINT('',(0.00172710245666806,0.0399626965692333,0.0481559399626661));
#9905=CARTESIAN_POINT('',(0.00165627908352731,0.0399656945302085,0.0478297078505843));
#9906=CARTESIAN_POINT('',(0.00170105301439699,0.0399638389856957,0.047933848846044));
#9907=CARTESIAN_POINT('',(0.001724612688795,0.0399628041634551,0.0480425937542642));
#9908=CARTESIAN_POINT('',(0.00172696273156152,0.0399627026078542,0.048155942606696));
#9909=CARTESIAN_POINT('',(0.00165640401707484,0.0399656893563995,0.0478296540450082));
#9910=CARTESIAN_POINT('',(0.0013999579032813,0.0399754939665421,0.0472845576420885));
#9911=CARTESIAN_POINT('',(0.00149221370468318,0.0399722631312107,0.0474630701696769));
#9912=CARTESIAN_POINT('',(0.00157769467019464,0.0399689515165286,0.0476447689706501));
#9913=CARTESIAN_POINT('',(0.00165640401707481,0.0399656893563994,0.0478296540450081));
#9914=CARTESIAN_POINT('',(0.00139995790328134,0.039975493966542,0.0472845576420886));
#9915=CARTESIAN_POINT('',(0.000977147153673862,0.0399880630118548,0.0463332150913677));
#9916=CARTESIAN_POINT('',(0.00109942133508072,0.0399850751234868,0.0466586391123864));
#9917=CARTESIAN_POINT('',(0.00124036675107909,0.0399810829129853,0.04697575329596));
#9918=CARTESIAN_POINT('',(0.0013999579032813,0.0399754939665421,0.0472845576420885));
#9919=CARTESIAN_POINT('',(0.000977147153673898,0.0399880630118548,0.0463332150913678));
#9920=CARTESIAN_POINT('',(0.00106552363558286,0.0399858057238067,0.0459280940157861));
#9921=CARTESIAN_POINT('',(0.000959179286111938,0.0399886395398527,0.0460336664170783));
#9922=CARTESIAN_POINT('',(0.000924153127116112,0.0399893579723583,0.0461921751373454));
#9923=CARTESIAN_POINT('',(0.000977147153673862,0.0399880630118548,0.0463332150913677));
#9924=CARTESIAN_POINT('',(0.00106552363558288,0.0399858057238067,0.0459280940157862));
#9925=CARTESIAN_POINT('',(0.00152830183828717,0.039970793005532,0.0457239914361765));
#9926=CARTESIAN_POINT('',(0.00135455485971543,0.0399774363019688,0.0457324801565694));
#9927=CARTESIAN_POINT('',(0.00118958134424048,0.0399824998901901,0.0458049371222987));
#9928=CARTESIAN_POINT('',(0.00106552363558286,0.0399858057238067,0.0459280940157861));
#9929=CARTESIAN_POINT('',(0.0015283018382872,0.039970793005532,0.0457239914361766));
#9930=CARTESIAN_POINT('',(0.00300603360700969,0.0398868870927969,0.0456881777246625));
#9931=CARTESIAN_POINT('',(0.00251373725926679,0.0399239884931263,0.0456879801303996));
#9932=CARTESIAN_POINT('',(0.00202104696500409,0.039951952666716,0.0456999180342376));
#9933=CARTESIAN_POINT('',(0.00152830183828717,0.039970793005532,0.0457239914361765));
#9934=CARTESIAN_POINT('',(0.00300603360700975,0.0398868870927969,0.0456881777246626));
#9935=CARTESIAN_POINT('',(0.00509229008743826,0.0396745331625386,0.0456890172565977));
#9936=CARTESIAN_POINT('',(0.00439888626981029,0.0397635326568146,0.0456887374126193));
#9937=CARTESIAN_POINT('',(0.00370314879851385,0.039834349734122,0.0456884575686409));
#9938=CARTESIAN_POINT('',(0.00300603360700969,0.0398868870927969,0.0456881777246625));
#9939=CARTESIAN_POINT('',(0.0050922900874383,0.0396745331625386,0.0456890172565978));
#9940=CARTESIAN_POINT('',(0.00570860727504009,0.0395905519408275,0.0468533312246625));
#9941=CARTESIAN_POINT('',(0.00550339001036254,0.0396201424545403,0.0464652265686409));
#9942=CARTESIAN_POINT('',(0.00529794266801213,0.0396481373233432,0.0460771219126193));
#9943=CARTESIAN_POINT('',(0.00509229008743826,0.0396745331625386,0.0456890172565977));
#9944=CARTESIAN_POINT('',(0.00570860727504014,0.0395905519408275,0.0468533312246626));
#9945=CARTESIAN_POINT('',(0.00604354241923282,0.0395408092358633,0.0474120434560293));
#9946=CARTESIAN_POINT('',(0.00592198048095268,0.0395593891472196,0.0472319294488272));
#9947=CARTESIAN_POINT('',(0.00581032153479956,0.0395758856445832,0.0470456920383716));
#9948=CARTESIAN_POINT('',(0.00570860727504009,0.0395905519408275,0.0468533312246625));
#9949=CARTESIAN_POINT('',(0.00604354241923286,0.0395408092358633,0.0474120434560294));
#9950=CARTESIAN_POINT('',(0.00635711000473389,0.0394916086234129,0.0477611440064004));
#9951=CARTESIAN_POINT('',(0.0062365761534792,0.0395110114023432,0.0476595819703077));
#9952=CARTESIAN_POINT('',(0.00613198819275619,0.0395272912047799,0.0475432469253293));
#9953=CARTESIAN_POINT('',(0.00604341108895378,0.0395408293085756,0.0474121342527616));
#9954=CARTESIAN_POINT('',(0.0063569286577031,0.0394916378283397,0.0477613648085194));
#9955=CARTESIAN_POINT('',(0.00669295498569604,0.0394360793513043,0.0479516901333939));
#9956=CARTESIAN_POINT('',(0.00656941535963656,0.0394570460693393,0.0479093210124074));
#9957=CARTESIAN_POINT('',(0.00645732919220148,0.0394754769249296,0.0478459543257252));
#9958=CARTESIAN_POINT('',(0.00635674773127368,0.0394916669473567,0.0477615859815973));
#9959=CARTESIAN_POINT('',(0.00669286844725934,0.0394360940248575,0.0479519497229745));
#9960=CARTESIAN_POINT('',(0.00708871139902656,0.0393668664084544,0.0480177754848632));
#9961=CARTESIAN_POINT('',(0.00695337910398001,0.0393912354189974,0.0480175475955214));
#9962=CARTESIAN_POINT('',(0.00682139196438757,0.0394142820836796,0.0479957075133604));
#9963=CARTESIAN_POINT('',(0.00669276847336626,0.0394361109918551,0.0479522541401986));
#9964=CARTESIAN_POINT('',(0.0070887112330559,0.039366866436819,0.0480178770798038));
#9965=CARTESIAN_POINT('',(0.00750194273781234,0.0392902132236335,0.0479689293161132));
#9966=CARTESIAN_POINT('',(0.00736616423623669,0.0393161383194849,0.048001251059384));
#9967=CARTESIAN_POINT('',(0.00722842405244876,0.0393417086320556,0.048017642817151));
#9968=CARTESIAN_POINT('',(0.0070887119799383,0.0393668663023294,0.0480181089668804));
#9969=CARTESIAN_POINT('',(0.0075019469508992,0.0392902124191904,0.0479689476598604));
#9970=CARTESIAN_POINT('',(0.00773432949489149,0.0392451289622604,0.0478135691480583));
#9971=CARTESIAN_POINT('',(0.00767795759769844,0.0392562385913704,0.0478921175736825));
#9972=CARTESIAN_POINT('',(0.00759519362064521,0.0392724081316075,0.0479475199281266));
#9973=CARTESIAN_POINT('',(0.0075019745993118,0.0392902071400913,0.0479690716121814));
#9974=CARTESIAN_POINT('',(0.00773438122726103,0.0392451187667022,0.0478136077168859));
#9975=CARTESIAN_POINT('',(0.00786641192355608,0.0392188674297191,0.0474989077958836));
#9976=CARTESIAN_POINT('',(0.00784830011394078,0.0392225002463824,0.0476134873972256));
#9977=CARTESIAN_POINT('',(0.007803116828826,0.039231572681212,0.0477210781354997));
#9978=CARTESIAN_POINT('',(0.00773424687144728,0.0392451452453868,0.0478135034254558));
#9979=CARTESIAN_POINT('',(0.00786662089895396,0.0392188255259147,0.0474989421575974));
#9980=CARTESIAN_POINT('',(0.00794574199343649,0.0392028721418947,0.0468524916927273));
#9981=CARTESIAN_POINT('',(0.00792817225095314,0.0392064332238521,0.047069096077228));
#9982=CARTESIAN_POINT('',(0.00790180211542711,0.0392117687798483,0.047284579565518));
#9983=CARTESIAN_POINT('',(0.00786662089895393,0.0392188255259147,0.0474989421575973));
#9984=CARTESIAN_POINT('',(0.,2.4492935982947E-18,0.0513189134427495));
#9985=CARTESIAN_POINT('',(-0.0326142319822241,0.0231584086990013,0.0494935063927397));
#9986=CARTESIAN_POINT('',(-0.0326441870067549,0.0231161643589073,0.0531443205927274));
#9987=CARTESIAN_POINT('',(0.,2.4492935982947E-18,0.0476680991427303));
#9988=CARTESIAN_POINT('',(-0.0325842181103719,0.0232006191756969,0.0458422170934915));
#9989=CARTESIAN_POINT('',(0.,2.4492935982947E-18,0.0457964405254547));
#9990=CARTESIAN_POINT('',(-0.0314200880263363,0.024754355549518,0.0457501890617983));
#9991=CARTESIAN_POINT('',(0.,2.4492935982947E-18,0.0457039374355497));
#9992=CARTESIAN_POINT('',(-0.0301817635546147,0.0262499742615747,0.0456581482466734));
#9993=CARTESIAN_POINT('',(-0.0301817635546147,0.0262499742615747,0.0528162948329624));
#9994=CARTESIAN_POINT('',(-0.0301817635546147,0.0262499742615747,0.0531443205927274));
#9995=CARTESIAN_POINT('',(0.,0.,0.0531443205927274));
#9996=CARTESIAN_POINT('',(-0.0287104507074474,0.0278515712325844,0.0464641075695653));
#9997=CARTESIAN_POINT('',(-0.0287107329145937,0.0278512803228079,0.0466170496844613));
#9998=CARTESIAN_POINT('',(-0.0286944080913608,0.0278681392521701,0.0467662365777377));
#9999=CARTESIAN_POINT('',(-0.0286613858831668,0.0279020601256647,0.0469116682237789));
#10000=CARTESIAN_POINT('',(-0.0287105004024635,0.0278515203824533,0.0464641073811471));
#10001=CARTESIAN_POINT('',(-0.0286615114266996,0.0279019311637236,0.0469117267906888));
#10002=CARTESIAN_POINT('',(-0.0287105497209522,0.0278514691662888,0.0528162948329624));
#10003=CARTESIAN_POINT('',(-0.0287105497209522,0.0278514691662888,0.0456873381927274));
#10004=CARTESIAN_POINT('',(0.,0.,0.0456873381927274));
#10005=CARTESIAN_POINT('',(-0.022540295684848,0.0330444408401719,0.0456873381927274));
#10006=CARTESIAN_POINT('',(-0.022540295684848,0.0330444408401719,0.0528162948329624));
#10007=CARTESIAN_POINT('',(-0.022540295684848,0.0330444408401719,0.0531443205927274));
#10008=CARTESIAN_POINT('',(0.,0.,0.0531443205927274));
#10009=CARTESIAN_POINT('',(-0.0257566307463485,0.0306038555184842,0.0531443205927274));
#10010=CARTESIAN_POINT('',(-0.0257566307463485,0.0306038555184842,0.0528162948329624));
#10011=CARTESIAN_POINT('',(-0.0257566307463485,0.0306038555184842,0.0472408761927274));
#10012=CARTESIAN_POINT('',(0.,0.,0.0472408761927274));
#10013=CARTESIAN_POINT('',(-0.0272683396024091,0.0292649560964593,0.0472408761927274));
#10014=CARTESIAN_POINT('',(-0.0281915600695512,0.0283766795246535,0.0472245603152361));
#10015=CARTESIAN_POINT('',(-0.0278886373292491,0.028677626103771,0.0472354374917434));
#10016=CARTESIAN_POINT('',(-0.0275808460899137,0.0289737705227941,0.0472408761175738));
#10017=CARTESIAN_POINT('',(-0.0272683396024091,0.0292649560964592,0.0472408761927273));
#10018=CARTESIAN_POINT('',(-0.0281915600695512,0.0283766795246535,0.0472245603152362));
#10019=CARTESIAN_POINT('',(-0.0285151752754039,0.0280514666107317,0.047133445493496));
#10020=CARTESIAN_POINT('',(-0.0284115774500866,0.0281567769742884,0.0471900381464543));
#10021=CARTESIAN_POINT('',(-0.0283037523983882,0.0282652189850012,0.0472206403972572));
#10022=CARTESIAN_POINT('',(-0.0281915745847649,0.0283766651041245,0.047225261288804));
#10023=CARTESIAN_POINT('',(-0.028515170196437,0.0280514717736281,0.0471334265886316));
#10024=CARTESIAN_POINT('',(-0.0286616371183711,0.0279018020239286,0.046911784696495));
#10025=CARTESIAN_POINT('',(-0.0286390243056831,0.0279250306394471,0.0470126723492821));
#10026=CARTESIAN_POINT('',(-0.0285845288293865,0.0279809664835256,0.0470953789994224));
#10027=CARTESIAN_POINT('',(-0.0285151980887651,0.0280514434202323,0.0471335296631063));
#10028=CARTESIAN_POINT('',(-0.0212400911672096,0.0338948156380974,0.0464641076669317));
#10029=CARTESIAN_POINT('',(-0.0212404813596112,0.0338945711251231,0.0466179430760091));
#10030=CARTESIAN_POINT('',(-0.0212192198388607,0.0339079235168507,0.0467674861395417));
#10031=CARTESIAN_POINT('',(-0.0211762301008631,0.0339347503116687,0.0469127367906315));
#10032=CARTESIAN_POINT('',(-0.0212401584289449,0.0338947738017762,0.0464641074298307));
#10033=CARTESIAN_POINT('',(-0.0211763969234766,0.0339346462074234,0.0469128053491497));
#10034=CARTESIAN_POINT('',(-0.0212402254098788,0.0338947315159383,0.0528162948329624));
#10035=CARTESIAN_POINT('',(-0.0212402254098788,0.0338947315159383,0.0456873381927274));
#10036=CARTESIAN_POINT('',(0.,0.,0.0456873381927274));
#10037=CARTESIAN_POINT('',(-0.0137181393145596,0.0375740955146805,0.0456873381927274));
#10038=CARTESIAN_POINT('',(-0.0137181393145596,0.0375740955146805,0.0528162948329624));
#10039=CARTESIAN_POINT('',(-0.0137181393145596,0.0375740955146805,0.0531443205927274));
#10040=CARTESIAN_POINT('',(0.,0.,0.0531443205927274));
#10041=CARTESIAN_POINT('',(-0.0174360431647795,0.0359997833154027,0.0531443205927274));
#10042=CARTESIAN_POINT('',(-0.0174360431647795,0.0359997833154027,0.0528162948329624));
#10043=CARTESIAN_POINT('',(-0.0174360431647795,0.0359997833154027,0.0472408761927274));
#10044=CARTESIAN_POINT('',(0.,0.,0.0472408761927274));
#10045=CARTESIAN_POINT('',(-0.0193667562716212,0.0349989821497085,0.0472408761927274));
#10046=CARTESIAN_POINT('',(-0.0205742154748131,0.0343030852489388,0.0472252690392717));
#10047=CARTESIAN_POINT('',(-0.0201758609135985,0.0345420093141745,0.0472356738405861));
#10048=CARTESIAN_POINT('',(-0.0197732940868923,0.0347740236423476,0.0472408762250713));
#10049=CARTESIAN_POINT('',(-0.0193667562716213,0.0349989821497085,0.0472408761927273));
#10050=CARTESIAN_POINT('',(-0.0205742154748131,0.0343030852489388,0.0472252690392718));
#10051=CARTESIAN_POINT('',(-0.0209895697669587,0.0340505207155188,0.0471355885065742));
#10052=CARTESIAN_POINT('',(-0.0208557144572875,0.0341330323864707,0.0471914885061219));
#10053=CARTESIAN_POINT('',(-0.0207172980145123,0.0342172674846887,0.0472216143203563));
#10054=CARTESIAN_POINT('',(-0.0205742313092795,0.0343030757517786,0.0472259760197879));
#10055=CARTESIAN_POINT('',(-0.0209895656992472,0.0340505232229287,0.0471355750651542));
#10056=CARTESIAN_POINT('',(-0.0211765639724169,0.033934541937869,0.0469128731601877));
#10057=CARTESIAN_POINT('',(-0.0211465026568277,0.0339533014476876,0.0470157731724671));
#10058=CARTESIAN_POINT('',(-0.0210768055916467,0.0339967463173029,0.0470989516974842));
#10059=CARTESIAN_POINT('',(-0.0209896016038927,0.0340505010904373,0.0471356926763547));
#10060=CARTESIAN_POINT('',(-0.0110598065987051,0.0384406123505205,0.046464107934259));
#10061=CARTESIAN_POINT('',(-0.0110603734637265,0.0384404492569296,0.0466195834214438));
#10062=CARTESIAN_POINT('',(-0.0110330631132276,0.0384483396024212,0.0467695589357354));
#10063=CARTESIAN_POINT('',(-0.0109778245573825,0.0384641049289767,0.0469140343076293));
#10064=CARTESIAN_POINT('',(-0.0110599005898062,0.0384405855907809,0.0464641075634957));
#10065=CARTESIAN_POINT('',(-0.0109780460533014,0.0384640417101951,0.0469141257864992));
#10066=CARTESIAN_POINT('',(-0.0110599944322905,0.0384405583096513,0.0528162948329624));
#10067=CARTESIAN_POINT('',(-0.0110599944322905,0.0384405583096513,0.0456873381927274));
#10068=CARTESIAN_POINT('',(0.,0.,0.0456873381927274));
#10069=CARTESIAN_POINT('',(-0.00219437979288947,0.0399397633608983,0.0456873381927274));
#10070=CARTESIAN_POINT('',(-0.00219437979288947,0.0399397633608983,0.0528162948329624));
#10071=CARTESIAN_POINT('',(-0.00219437979288947,0.0399397633608983,0.0531443205927274));
#10072=CARTESIAN_POINT('',(0.,0.,0.0531443205927274));
#10073=CARTESIAN_POINT('',(-0.0110599944322905,0.0384405583096513,0.0531443205927274));
#10074=CARTESIAN_POINT('',(-0.0110599944322905,0.0384405583096513,0.0528162948329624));
#10075=CARTESIAN_POINT('',(-0.011059803443059,0.0384406133460998,0.0523675507092045));
#10076=CARTESIAN_POINT('',(-0.0109780639586022,0.0384640365523017,0.0519175228744544));
#10077=CARTESIAN_POINT('',(-0.0110331124044888,0.0384483251134114,0.0520620710256949));
#10078=CARTESIAN_POINT('',(-0.0110602783627582,0.0384404766231964,0.0522120799991864));
#10079=CARTESIAN_POINT('',(-0.0110596124076159,0.0384406682225128,0.0523675498304889));
#10080=CARTESIAN_POINT('',(-0.0109785642342306,0.0384638940888502,0.0519173168690412));
#10081=CARTESIAN_POINT('',(-0.0107461744216736,0.0385294658151776,0.0516924992711635));
#10082=CARTESIAN_POINT('',(-0.0108514170002536,0.0385001128230694,0.051727177853835));
#10083=CARTESIAN_POINT('',(-0.0109379964525444,0.0384754734542122,0.0518107308032494));
#10084=CARTESIAN_POINT('',(-0.0109790636187041,0.0384637512738482,0.0519171088137212));
#10085=CARTESIAN_POINT('',(-0.0107462137332891,0.0385294548415359,0.0516923706798358));
#10086=CARTESIAN_POINT('',(-0.0102244756664893,0.0386711791589556,0.0516051181273385));
#10087=CARTESIAN_POINT('',(-0.0104026809369037,0.0386240625338457,0.0516087364492727));
#10088=CARTESIAN_POINT('',(-0.010576615276728,0.0385767578978034,0.0516376986248929));
#10089=CARTESIAN_POINT('',(-0.0107463214776306,0.0385294247906638,0.0516920078356943));
#10090=CARTESIAN_POINT('',(-0.0102244725781325,0.0386711799729335,0.0516052808307586));
#10091=CARTESIAN_POINT('',(-0.0086514292102996,0.0390532043834968,0.0515907825927273));
#10092=CARTESIAN_POINT('',(-0.00917832456224105,0.0389364816225732,0.0515907823515354));
#10093=CARTESIAN_POINT('',(-0.00970281508712651,0.0388091036855201,0.0515956150975458));
#10094=CARTESIAN_POINT('',(-0.0102244725781326,0.0386711799729335,0.0516052808307585));
#10095=CARTESIAN_POINT('',(-0.00865142921029955,0.0390532043834968,0.0515907825927273));
#10096=CARTESIAN_POINT('',(-0.00708541070952972,0.0393674606125069,0.0515760444884289));
#10097=CARTESIAN_POINT('',(-0.00760939446044695,0.0392731532829864,0.0515858696616896));
#10098=CARTESIAN_POINT('',(-0.00813153972714782,0.0391683751391792,0.0515907823631224));
#10099=CARTESIAN_POINT('',(-0.0086514292102996,0.0390532043834968,0.0515907825927273));
#10100=CARTESIAN_POINT('',(-0.00708541070952967,0.0393674606125069,0.051576044488429));
#10101=CARTESIAN_POINT('',(-0.00654155755988948,0.0394614751965845,0.0514899333145931));
#10102=CARTESIAN_POINT('',(-0.00671920394218403,0.0394320266260661,0.0515436747082524));
#10103=CARTESIAN_POINT('',(-0.00690049308188131,0.0394007422723994,0.0515726083503472));
#10104=CARTESIAN_POINT('',(-0.00708539549534743,0.0393674633507737,0.0515767468286472));
#10105=CARTESIAN_POINT('',(-0.0065415432815603,0.0394614775634671,0.0514899818097038));
#10106=CARTESIAN_POINT('',(-0.00629768714943311,0.039501128259903,0.0512710858379687));
#10107=CARTESIAN_POINT('',(-0.00634316502128723,0.0394938776971526,0.0513758786495569));
#10108=CARTESIAN_POINT('',(-0.00643342068958277,0.0394794009211879,0.0514569570805275));
#10109=CARTESIAN_POINT('',(-0.00654148531225298,0.03946148717306,0.0514901755999375));
#10110=CARTESIAN_POINT('',(-0.00629793157975165,0.0395010893225174,0.0512709770663029));
#10111=CARTESIAN_POINT('',(-0.00620968738481585,0.0395150576689806,0.0508446127437337));
#10112=CARTESIAN_POINT('',(-0.00620900335142822,0.0395151651630284,0.0509920281071099));
#10113=CARTESIAN_POINT('',(-0.00623894411781313,0.0395104944773064,0.0511362038424701));
#10114=CARTESIAN_POINT('',(-0.00629817549887238,0.0395010504339493,0.05127086721062));
#10115=CARTESIAN_POINT('',(-0.00620966612171581,0.039515061009899,0.050844612642633));
#10116=CARTESIAN_POINT('',(-0.00629642886770322,0.0395013288198931,0.0504178395880842));
#10117=CARTESIAN_POINT('',(-0.00623837029960282,0.039510583233735,0.0505530387295185));
#10118=CARTESIAN_POINT('',(-0.00620912254490219,0.0395151464351094,0.0506971847039341));
#10119=CARTESIAN_POINT('',(-0.0062098655920459,0.0395150296637713,0.0508446115725704));
#10120=CARTESIAN_POINT('',(-0.00629588894647842,0.0395014152097111,0.0504176018163059));
#10121=CARTESIAN_POINT('',(-0.00653672042815376,0.0394622767533357,0.0502039972007947));
#10122=CARTESIAN_POINT('',(-0.00642989494683436,0.0394799718374372,0.0502350152668622));
#10123=CARTESIAN_POINT('',(-0.00634019021388962,0.039494354657126,0.050314283309863));
#10124=CARTESIAN_POINT('',(-0.00629534979908085,0.0395015008690457,0.050417361866828));
#10125=CARTESIAN_POINT('',(-0.00653668933382665,0.0394622818973154,0.0502038871781518));
#10126=CARTESIAN_POINT('',(-0.00707432101860568,0.0393694549405857,0.0501291680436022));
#10127=CARTESIAN_POINT('',(-0.00689197798179611,0.0394022202704549,0.0501292696898789));
#10128=CARTESIAN_POINT('',(-0.00671272687284342,0.0394331227881308,0.0501540559568268));
#10129=CARTESIAN_POINT('',(-0.00653659143193702,0.0394622981141738,0.0502035290891902));
#10130=CARTESIAN_POINT('',(-0.00707432110660899,0.03936945492232,0.0501293318005078));
#10131=CARTESIAN_POINT('',(-0.0086516279065239,0.0390531603659301,0.0501455215307133));
#10132=CARTESIAN_POINT('',(-0.00812809684680861,0.039169140631899,0.0501353670561188));
#10133=CARTESIAN_POINT('',(-0.00760218653397274,0.0392746024652155,0.0501299704793836));
#10134=CARTESIAN_POINT('',(-0.00707432110660904,0.03936945492232,0.0501293318005077));
#10135=CARTESIAN_POINT('',(-0.00865162790652387,0.0390531603659302,0.0501455215307133));
#10136=CARTESIAN_POINT('',(0.,2.4492935982947E-18,0.0501690599617205));
#10137=CARTESIAN_POINT('',(-0.0110603852917104,0.0384404458506781,0.0501925983927274));
#10138=CARTESIAN_POINT('',(-0.0110601900114404,0.0384405020377054,0.0493381524927273));
#10139=CARTESIAN_POINT('',(-0.0110602551049113,0.0384404833088617,0.0496229677927273));
#10140=CARTESIAN_POINT('',(-0.0110603201983346,0.0384404645798526,0.0499077830927273));
#10141=CARTESIAN_POINT('',(-0.0110603852917104,0.0384404458506781,0.0501925983927273));
#10142=CARTESIAN_POINT('',(-0.0110601900114403,0.0384405020377055,0.0493381524927274));
#10143=CARTESIAN_POINT('',(-0.0110599944322906,0.0384405583096513,0.0484837065927273));
#10144=CARTESIAN_POINT('',(-0.0110600596253882,0.0384405395525018,0.0487685218927273));
#10145=CARTESIAN_POINT('',(-0.0110601248184382,0.0384405207951866,0.0490533371927273));
#10146=CARTESIAN_POINT('',(-0.0110601900114404,0.0384405020377054,0.0493381524927273));
#10147=CARTESIAN_POINT('',(-0.0110599944322905,0.0384405583096513,0.0484837065927274));
#10148=CARTESIAN_POINT('',(0.,0.,0.0484837065927274));
#10149=CARTESIAN_POINT('',(-0.00865142921029957,0.0390532043834968,0.0484837065927274));
#10150=CARTESIAN_POINT('',(-0.00718930365091898,0.0393486202174216,0.0484677408827013));
#10151=CARTESIAN_POINT('',(-0.00767840252156249,0.0392592579913271,0.0484783845336479));
#10152=CARTESIAN_POINT('',(-0.00816589110788189,0.0391607653016924,0.0484837064369899));
#10153=CARTESIAN_POINT('',(-0.0086514292102996,0.0390532043834968,0.0484837065927273));
#10154=CARTESIAN_POINT('',(-0.00718930365091893,0.0393486202174216,0.0484677408827014));
#10155=CARTESIAN_POINT('',(-0.00659280713740256,0.0394529453158314,0.0483867538929702));
#10156=CARTESIAN_POINT('',(-0.00678894855336075,0.0394201689916124,0.0484361408154907));
#10157=CARTESIAN_POINT('',(-0.00698778396564775,0.0393854393730451,0.0484633460954303));
#10158=CARTESIAN_POINT('',(-0.007189288102914,0.0393486230581618,0.0484683838109307));
#10159=CARTESIAN_POINT('',(-0.00659278515421175,0.0394529489887236,0.0483868436373368));
#10160=CARTESIAN_POINT('',(-0.00631649444058216,0.0394981252464227,0.048197385758149));
#10161=CARTESIAN_POINT('',(-0.00638411804067166,0.0394873109586216,0.0482911602880296));
#10162=CARTESIAN_POINT('',(-0.00648179006617987,0.0394714966526918,0.0483582135773849));
#10163=CARTESIAN_POINT('',(-0.00659272615268105,0.0394529588481746,0.0483870768069462));
#10164=CARTESIAN_POINT('',(-0.00631680845826747,0.0394980750342542,0.0481971535200857));
#10165=CARTESIAN_POINT('',(-0.00620989845957137,0.0395150244822175,0.0478622917064094));
#10166=CARTESIAN_POINT('',(-0.00620840036480996,0.0395152599120692,0.0479827289670519));
#10167=CARTESIAN_POINT('',(-0.00624609179692259,0.0395093851057146,0.0481003101010569));
#10168=CARTESIAN_POINT('',(-0.00631712078395005,0.0394980250772236,0.0481969189362578));
#10169=CARTESIAN_POINT('',(-0.0062096826656212,0.0395150588596012,0.0478622889549919));
#10170=CARTESIAN_POINT('',(-0.00631691848914996,0.0394980573032911,0.0475275110485629));
#10171=CARTESIAN_POINT('',(-0.00624611268429156,0.0395093812652372,0.0476242831517333));
#10172=CARTESIAN_POINT('',(-0.00620851040887879,0.0395152426343892,0.0477418514903644));
#10173=CARTESIAN_POINT('',(-0.00620989054145741,0.0395150257429135,0.047862286435138));
#10174=CARTESIAN_POINT('',(-0.0063164346180826,0.0394981350875268,0.0475271479097552));
#10175=CARTESIAN_POINT('',(-0.00659278074466503,0.0394529497272371,0.0473377087670178));
#10176=CARTESIAN_POINT('',(-0.00648186445819934,0.0394714843808621,0.0473666234455855));
#10177=CARTESIAN_POINT('',(-0.0063840780995281,0.0394873183048738,0.0474333939607783));
#10178=CARTESIAN_POINT('',(-0.00631595018587398,0.0394982122791597,0.0475267851811539));
#10179=CARTESIAN_POINT('',(-0.0065927646457954,0.0394529524157401,0.0473376452886256));
#10180=CARTESIAN_POINT('',(-0.00718930014280307,0.0393486208599772,0.0472566870433469));
#10181=CARTESIAN_POINT('',(-0.00698778975264668,0.0393854383810254,0.047261404736131));
#10182=CARTESIAN_POINT('',(-0.00678891021193634,0.0394201760216504,0.0472882804852666));
#10183=CARTESIAN_POINT('',(-0.00659268513584835,0.0394529657022075,0.0473373182595239));
#10184=CARTESIAN_POINT('',(-0.00718930365091893,0.0393486202174216,0.0472568419027534));
#10185=CARTESIAN_POINT('',(-0.0086514292102996,0.0390532043834968,0.0472408761927273));
#10186=CARTESIAN_POINT('',(-0.00816589110788202,0.0391607653016924,0.0472408763484647));
#10187=CARTESIAN_POINT('',(-0.00767840252156262,0.0392592579913271,0.0472461982518067));
#10188=CARTESIAN_POINT('',(-0.00718930365091898,0.0393486202174216,0.0472568419027533));
#10189=CARTESIAN_POINT('',(-0.00865142921029957,0.0390532043834968,0.0472408761927273));
#10190=CARTESIAN_POINT('',(-0.0102244725781326,0.0386711799729335,0.0472263779546961));
#10191=CARTESIAN_POINT('',(-0.00970281508712651,0.0388091036855201,0.0472360436879088));
#10192=CARTESIAN_POINT('',(-0.00917832456224105,0.0389364816225732,0.0472408764339192));
#10193=CARTESIAN_POINT('',(-0.0086514292102996,0.0390532043834968,0.0472408761927273));
#10194=CARTESIAN_POINT('',(-0.0102244725781325,0.0386711799729335,0.0472263779546962));
#10195=CARTESIAN_POINT('',(-0.0107461497845522,0.0385294726775227,0.0471390697215853));
#10196=CARTESIAN_POINT('',(-0.0105765611479586,0.038576772180058,0.0471937825537709));
#10197=CARTESIAN_POINT('',(-0.0104026876827117,0.0386240606896731,0.0472231191631015));
#10198=CARTESIAN_POINT('',(-0.0102244874386242,0.0386711760438885,0.0472270918138862));
#10199=CARTESIAN_POINT('',(-0.0107461520423635,0.038529472047773,0.0471390772643497));
#10200=CARTESIAN_POINT('',(-0.0109782679281183,0.0384639783550677,0.046914216319374));
#10201=CARTESIAN_POINT('',(-0.0109380168016515,0.0384754667051984,0.0470209019539908));
#10202=CARTESIAN_POINT('',(-0.0108515008562047,0.0385000893560919,0.047104838930972));
#10203=CARTESIAN_POINT('',(-0.0107461980957793,0.038529459203138,0.0471392292672221));
#10204=CARTESIAN_POINT('',(0.0145516906988711,0.0372592042025107,0.0528162948329624));
#10205=CARTESIAN_POINT('',(0.0145516906988711,0.0372592042025107,0.0456873381927274));
#10206=CARTESIAN_POINT('',(0.0145516906988711,0.0372592042025107,0.0531443205927274));
#10207=CARTESIAN_POINT('',(0.,0.,0.0456873381927274));
#10208=CARTESIAN_POINT('',(0.0182336046136214,0.0356024670885898,0.0456873381927274));
#10209=CARTESIAN_POINT('',(0.0182336046136214,0.0356024670885898,0.0528162948329624));
#10210=CARTESIAN_POINT('',(0.0182336046136214,0.0356024670885898,0.0531443205927274));
#10211=CARTESIAN_POINT('',(0.,0.,0.0531443205927274));
#10212=CARTESIAN_POINT('',(0.,2.4492935982947E-18,0.0025));
#10213=CARTESIAN_POINT('',(0.04,2.4492935982947E-18,0.0025));
#10214=CARTESIAN_POINT('',(0.,2.4492935982947E-18,0.1045));
#10215=CARTESIAN_POINT('',(0.04,2.4492935982947E-18,0.1045));
#10216=CARTESIAN_POINT('',(-0.00723573816134997,0.0393401079467302,0.0546978585927249));
#10217=CARTESIAN_POINT('',(-0.0116465014253258,0.0385288461140721,0.0546978572499708));
#10218=CARTESIAN_POINT('',(-0.015918612081747,0.0369690495085339,0.0547039013413443));
#10219=CARTESIAN_POINT('',(-0.0198144423589657,0.0347474873048862,0.0547159908668453));
#10220=CARTESIAN_POINT('',(-0.0072357381613521,0.0393401079467298,0.0546978585927249));
#10221=CARTESIAN_POINT('',(-0.0198144423589648,0.0347474873048867,0.0547159908668478));
#10222=CARTESIAN_POINT('',(0.,0.,0.0546978585927274));
#10223=CARTESIAN_POINT('',(0.0206759797091826,0.0342418437451238,0.0546978585927274));
#10224=CARTESIAN_POINT('',(0.0206759797091826,0.0342418437451238,0.0528162948329624));
#10225=CARTESIAN_POINT('',(0.0206759797091826,0.0342418437451238,0.0456873381927274));
#10226=CARTESIAN_POINT('',(0.,0.,0.0456873381927274));
#10227=CARTESIAN_POINT('',(0.0261979337524082,0.0302269460432978,0.0456873381927274));
#10228=CARTESIAN_POINT('',(0.0261979337524082,0.0302269460432978,0.0528162948329624));
#10229=CARTESIAN_POINT('',(0.0261979336052937,0.0302269465014794,0.0523421397502668));
#10230=CARTESIAN_POINT('',(0.0261880693431206,0.0302354927871269,0.0549263942726938));
#10231=CARTESIAN_POINT('',(0.0261946781667624,0.0302297670495911,0.0540650057586347));
#10232=CARTESIAN_POINT('',(0.0261979659467909,0.0302269178177549,0.0532035726442896));
#10233=CARTESIAN_POINT('',(0.026197933441633,0.0302269463126498,0.0523421397502668));
#10234=CARTESIAN_POINT('',(0.0261880703248681,0.0302354919367912,0.0549263942858782));
#10235=CARTESIAN_POINT('',(0.0261579156286011,0.0302615837319693,0.0571800174073677));
#10236=CARTESIAN_POINT('',(0.0261722862635957,0.0302491618487972,0.0564289106142762));
#10237=CARTESIAN_POINT('',(0.0261823341104814,0.0302404602828022,0.055677702907113));
#10238=CARTESIAN_POINT('',(0.0261880703248681,0.0302354919367912,0.0549263942858782));
#10239=CARTESIAN_POINT('',(0.0261579156286012,0.0302615837319692,0.0571800174073678));
#10240=CARTESIAN_POINT('',(0.026116438280624,0.0302973868763357,0.0591071611003738));
#10241=CARTESIAN_POINT('',(0.0261318000429491,0.0302841449911763,0.0584648372191695));
#10242=CARTESIAN_POINT('',(0.026145624024485,0.0302722085144082,0.0578224559881675));
#10243=CARTESIAN_POINT('',(0.0261579156286013,0.0302615837319691,0.0571800174073679));
#10244=CARTESIAN_POINT('',(0.0261164382806239,0.0302973868763357,0.0591071611003738));
#10245=CARTESIAN_POINT('',(0.0260614264665694,0.0303447203037953,0.0594664259298747));
#10246=CARTESIAN_POINT('',(0.0260953642206227,0.0303155730164634,0.0593508212946164));
#10247=CARTESIAN_POINT('',(0.0261136073673064,0.0302998270992401,0.0592310637814322));
#10248=CARTESIAN_POINT('',(0.0261162287731276,0.0302975674711628,0.0591071533701495));
#10249=CARTESIAN_POINT('',(0.0260615144812768,0.0303446447160318,0.0594664708259962));
#10250=CARTESIAN_POINT('',(0.0257387232955374,0.0306189177326005,0.0597645652509741));
#10251=CARTESIAN_POINT('',(0.0258827958905568,0.0304978081398299,0.0597604081626876));
#10252=CARTESIAN_POINT('',(0.0260101306444242,0.0303887757520275,0.0596429821249241));
#10253=CARTESIAN_POINT('',(0.0260615144812768,0.0303446447160318,0.0594664708259961));
#10254=CARTESIAN_POINT('',(0.0257387232955375,0.0306189177326006,0.0597645652509742));
#10255=CARTESIAN_POINT('',(0.0215457899336022,0.0337013195014244,0.0598621473226607));
#10256=CARTESIAN_POINT('',(0.0230084357089461,0.0327662267783784,0.0598354317789271));
#10257=CARTESIAN_POINT('',(0.0244100212581206,0.031735844672408,0.0598029044216983));
#10258=CARTESIAN_POINT('',(0.0257387232955374,0.0306189177326005,0.0597645652509743));
#10259=CARTESIAN_POINT('',(0.0215457899336024,0.0337013195014242,0.0598621473226607));
#10260=CARTESIAN_POINT('',(0.0141650406024826,0.0374079085853516,0.0599360196080988));
#10261=CARTESIAN_POINT('',(0.0167444444685036,0.0364311803512932,0.0599292122393268));
#10262=CARTESIAN_POINT('',(0.0192222361732968,0.0351868044011137,0.0599045881441808));
#10263=CARTESIAN_POINT('',(0.0215457899336024,0.0337013195014243,0.0598621473226607));
#10264=CARTESIAN_POINT('',(0.0141650406024828,0.0374079085853515,0.0599360196080988));
#10265=CARTESIAN_POINT('',(-0.00422705861273441,0.0397760226202232,0.0599684764347028));
#10266=CARTESIAN_POINT('',(0.00197606651029558,0.040435238191562,0.059962236219441));
#10267=CARTESIAN_POINT('',(0.0083312409542432,0.0396169604144723,0.0599514172772396));
#10268=CARTESIAN_POINT('',(0.0141650406024817,0.0374079085853519,0.0599360196080987));
#10269=CARTESIAN_POINT('',(-0.00422705861273079,0.0397760226202236,0.0599684764347028));
#10270=CARTESIAN_POINT('',(-0.0253371166690546,0.0309520680875885,0.0599707020332438));
#10271=CARTESIAN_POINT('',(-0.0223445619297827,0.0334017495871543,0.0599738349111522));
#10272=CARTESIAN_POINT('',(-0.0156442656635758,0.03742668560689,0.0599765968559707));
#10273=CARTESIAN_POINT('',(-0.00807274362422551,0.0393673358064387,0.0599723511787927));
#10274=CARTESIAN_POINT('',(-0.00422705861273281,0.0397760226202234,0.0599684764347046));
#10275=CARTESIAN_POINT('',(-0.025337116669053,0.0309520680875898,0.0599707020332438));
#10276=CARTESIAN_POINT('',(-0.0301891262754525,0.0262415063349035,0.0598303007257833));
#10277=CARTESIAN_POINT('',(-0.0287091533310723,0.0279441178211474,0.059922075807285));
#10278=CARTESIAN_POINT('',(-0.027084200031416,0.0295219195476769,0.0599688762431042));
#10279=CARTESIAN_POINT('',(-0.025337116669053,0.0309520680875898,0.0599707020332409));
#10280=CARTESIAN_POINT('',(-0.0301891262754525,0.0262415063349036,0.0598303007257833));
#10281=CARTESIAN_POINT('',(-0.0322689957496326,0.0236370876655775,0.0594849315180501));
#10282=CARTESIAN_POINT('',(-0.0316165483318239,0.0245277990446611,0.0596696736012903));
#10283=CARTESIAN_POINT('',(-0.0309229252655243,0.0253973188828055,0.0597847966705347));
#10284=CARTESIAN_POINT('',(-0.0301891262754525,0.0262415063349035,0.0598303007257833));
#10285=CARTESIAN_POINT('',(-0.0322689957496325,0.0236370876655775,0.0594849315180502));
#10286=CARTESIAN_POINT('',(-0.032919478121099,0.0227224109687877,0.0585677832708321));
#10287=CARTESIAN_POINT('',(-0.0328161545778122,0.022872102703846,0.0590417760559375));
#10288=CARTESIAN_POINT('',(-0.0325657614040999,0.0232319476678701,0.0594009011295261));
#10289=CARTESIAN_POINT('',(-0.0322689957496326,0.0236370876655775,0.0594849315180501));
#10290=CARTESIAN_POINT('',(-0.032919478121099,0.0227224109687878,0.0585677832708322));
#10291=CARTESIAN_POINT('',(-0.0330496111303607,0.0225327140731936,0.0574452486613545));
#10292=CARTESIAN_POINT('',(-0.0330418374233775,0.0225441160726154,0.0578323128729584));
#10293=CARTESIAN_POINT('',(-0.0329985907089891,0.0226078007646236,0.0582063751968507));
#10294=CARTESIAN_POINT('',(-0.0329189700854084,0.022723146976508,0.0585674361289076));
#10295=CARTESIAN_POINT('',(-0.0330498310845762,0.0225323914683058,0.0574452625820433));
#10296=CARTESIAN_POINT('',(-0.0329491273826475,0.0226793960396231,0.0564055227869997));
#10297=CARTESIAN_POINT('',(-0.0330243311382959,0.022570138362735,0.0567395506595789));
#10298=CARTESIAN_POINT('',(-0.0330576299794618,0.0225209522848983,0.0570861305912601));
#10299=CARTESIAN_POINT('',(-0.0330498310845762,0.0225323914683058,0.0574452625820433));
#10300=CARTESIAN_POINT('',(-0.0329491273826475,0.0226793960396231,0.0564055227869997));
#10301=CARTESIAN_POINT('',(-0.0326232860120659,0.0231456520556812,0.0555741892520804));
#10302=CARTESIAN_POINT('',(-0.0327682483171267,0.0229413308843618,0.0558057461347105));
#10303=CARTESIAN_POINT('',(-0.0328782222678649,0.0227824088950184,0.0560881261791975));
#10304=CARTESIAN_POINT('',(-0.0329491622193197,0.0226793454280531,0.0564054985646579));
#10305=CARTESIAN_POINT('',(-0.0326234133481198,0.023145472592231,0.0555739511805118));
#10306=CARTESIAN_POINT('',(-0.0321039931535183,0.0238607129733973,0.0550412476609257));
#10307=CARTESIAN_POINT('',(-0.0323019963175099,0.0235943046632916,0.0551569598464036));
#10308=CARTESIAN_POINT('',(-0.0324744839435334,0.02335538774977,0.0553345276862656));
#10309=CARTESIAN_POINT('',(-0.0326234133481199,0.023145472592231,0.0555739511805117));
#10310=CARTESIAN_POINT('',(-0.0321039931535183,0.0238607129733974,0.0550412476609258));
#10311=CARTESIAN_POINT('',(-0.0315086787030402,0.0246414927792247,0.0548673449279133));
#10312=CARTESIAN_POINT('',(-0.031716068912798,0.0243763062686523,0.0548724500860377));
#10313=CARTESIAN_POINT('',(-0.0319143442361449,0.0241158808534065,0.0549304176637085));
#10314=CARTESIAN_POINT('',(-0.0321039931535183,0.0238607129733973,0.0550412476609257));
#10315=CARTESIAN_POINT('',(-0.0315086787030402,0.0246414927792247,0.0548673449279133));
#10316=CARTESIAN_POINT('',(-0.0270099211695747,0.0295036295803306,0.0547790930947471));
#10317=CARTESIAN_POINT('',(-0.0286404623539567,0.0280109051433595,0.0548044031174997));
#10318=CARTESIAN_POINT('',(-0.0301469146570239,0.0263827584638854,0.0548338203952216));
#10319=CARTESIAN_POINT('',(-0.0315086787030402,0.0246414927792247,0.0548673449279131));
#10320=CARTESIAN_POINT('',(-0.0270099211695747,0.0295036295803306,0.0547790930947469));
#10321=CARTESIAN_POINT('',(-0.0198144423589648,0.0347474873048867,0.0547159908668477));
#10322=CARTESIAN_POINT('',(-0.0223980038268914,0.0332742345963412,0.0547240046792369));
#10323=CARTESIAN_POINT('',(-0.0248163893158017,0.0315117595391225,0.0547450387552033));
#10324=CARTESIAN_POINT('',(-0.0270099211695747,0.0295036295803306,0.0547790930947469));
#10325=CARTESIAN_POINT('',(-0.0192299226611619,-0.0350743506632087,0.0522883834768696));
#10326=CARTESIAN_POINT('',(-0.0192299226611619,-0.0350743506632087,0.0451594251849115));
#10327=CARTESIAN_POINT('',(-0.0192299226611619,-0.0350743506632087,0.0526164093126363));
#10328=CARTESIAN_POINT('',(0.,0.,0.0451594251849115));
#10329=CARTESIAN_POINT('',(-0.0226677540662549,-0.0329571377032621,0.0451594251849115));
#10330=CARTESIAN_POINT('',(-0.0226677540662549,-0.0329571377032621,0.0522883834768696));
#10331=CARTESIAN_POINT('',(-0.0226677540662549,-0.0329571377032621,0.0526164093126363));
#10332=CARTESIAN_POINT('',(0.,0.,0.0526164093126363));
#10333=CARTESIAN_POINT('',(0.00601602879973447,-0.0395450047081109,0.0459361951064146));
#10334=CARTESIAN_POINT('',(0.00601661195082805,-0.0395449159926385,0.0460916706296219));
#10335=CARTESIAN_POINT('',(0.0059885127413851,-0.0395492226850462,0.0462416461786615));
#10336=CARTESIAN_POINT('',(0.00593170359401972,-0.0395577412458383,0.0463861215840293));
#10337=CARTESIAN_POINT('',(0.00601612545480643,-0.0395449902785496,0.0459361947356513));
#10338=CARTESIAN_POINT('',(0.00593193138807073,-0.0395577070852098,0.046386213062918));
#10339=CARTESIAN_POINT('',(0.00601622202966137,-0.0395449753127982,0.0522883834768696));
#10340=CARTESIAN_POINT('',(0.00601622202966135,-0.0395449753127982,0.0451594251849115));
#10341=CARTESIAN_POINT('',(0.,0.,0.0451594251849115));
#10342=CARTESIAN_POINT('',(-0.00296865137231497,-0.0398896867502072,0.0451594251849115));
#10343=CARTESIAN_POINT('',(-0.00296865137231497,-0.0398896867502072,0.0522883834768696));
#10344=CARTESIAN_POINT('',(-0.00296865137231497,-0.0398896867502072,0.0526164093126363));
#10345=CARTESIAN_POINT('',(0.,0.,0.0526164093126363));
#10346=CARTESIAN_POINT('',(0.00601622202966135,-0.0395449753127982,0.0526164093126363));
#10347=CARTESIAN_POINT('',(0.00601622202966137,-0.0395449753127982,0.0522883834768696));
#10348=CARTESIAN_POINT('',(0.00601602554213423,-0.039545005288909,0.0518396392491419));
#10349=CARTESIAN_POINT('',(0.00593194980861416,-0.0395577042767151,0.0513896113101249));
#10350=CARTESIAN_POINT('',(0.00598856348837797,-0.0395492146660822,0.0515341594948558));
#10351=CARTESIAN_POINT('',(0.00601651411700667,-0.0395449308807092,0.0516841685031028));
#10352=CARTESIAN_POINT('',(0.00601582902939507,-0.0395450351003648,0.0518396383704261));
#10353=CARTESIAN_POINT('',(0.00593246426756194,-0.0395576274419676,0.0513894053046935));
#10354=CARTESIAN_POINT('',(0.00569356398287385,-0.0395927181420636,0.0511645876547089));
#10355=CARTESIAN_POINT('',(0.00580171084211879,-0.0395771662655684,0.051199266245343));
#10356=CARTESIAN_POINT('',(0.00589074287974456,-0.0395638846961118,0.0512828192141808));
#10357=CARTESIAN_POINT('',(0.00593297788806343,-0.0395575501438064,0.0513891972493557));
#10358=CARTESIAN_POINT('',(0.00569360438053925,-0.0395927123236763,0.0511644590633394));
#10359=CARTESIAN_POINT('',(0.00515795693024653,-0.0396660494693434,0.0510772064906261));
#10360=CARTESIAN_POINT('',(0.00534074682348232,-0.0396422804676604,0.051080824813399));
#10361=CARTESIAN_POINT('',(0.00551932558466331,-0.0396177748709152,0.051109786995729));
#10362=CARTESIAN_POINT('',(0.00569371509821538,-0.0395926964019926,0.0511640962191138));
#10363=CARTESIAN_POINT('',(0.00515795376276761,-0.0396660498787206,0.051077369194084));
#10364=CARTESIAN_POINT('',(0.00354880554715703,-0.0398422637307228,0.0510628709526936));
#10365=CARTESIAN_POINT('',(0.00408634680057733,-0.0397943841876613,0.0510628707115016));
#10366=CARTESIAN_POINT('',(0.00462287578307994,-0.0397356284600803,0.0510677034586317));
#10367=CARTESIAN_POINT('',(0.00515795376276762,-0.0396660498787206,0.0510773691940839));
#10368=CARTESIAN_POINT('',(0.00354880554715701,-0.0398422637307228,0.0510628709526936));
#10369=CARTESIAN_POINT('',(0.00195535307775948,-0.0399521788434786,0.0510481328449805));
#10370=CARTESIAN_POINT('',(0.00248711959387013,-0.039926152946418,0.0510579580205176));
#10371=CARTESIAN_POINT('',(0.00301841171585109,-0.039889506643009,0.0510628707230886));
#10372=CARTESIAN_POINT('',(0.00354880554715702,-0.0398422637307228,0.0510628709526936));
#10373=CARTESIAN_POINT('',(0.00195535307775949,-0.0399521788434786,0.0510481328449805));
#10374=CARTESIAN_POINT('',(0.00140392040078437,-0.039975355001654,0.0509620216511935));
#10375=CARTESIAN_POINT('',(0.00158388019212523,-0.0399690348771079,0.0510157630573048));
#10376=CARTESIAN_POINT('',(0.00176768886590024,-0.039961363496243,0.0510446967061017));
#10377=CARTESIAN_POINT('',(0.00195533763760035,-0.0399521795991531,0.0510488351853627));
#10378=CARTESIAN_POINT('',(0.00140390593654267,-0.0399753555095873,0.0509620701462425));
#10379=CARTESIAN_POINT('',(0.00115697381379575,-0.03998326410927,0.0507431741238584));
#10380=CARTESIAN_POINT('',(0.00120300678197104,-0.0399819320784832,0.050847966959749));
#10381=CARTESIAN_POINT('',(0.00129437533878504,-0.0399792019849441,0.050929045409496));
#10382=CARTESIAN_POINT('',(0.00140384721235217,-0.0399753575719389,0.0509622639364482));
#10383=CARTESIAN_POINT('',(0.00115722122343218,-0.0399832569820015,0.0507430653521702));
#10384=CARTESIAN_POINT('',(0.00106791287517562,-0.0399857419850005,0.0503167008898298));
#10385=CARTESIAN_POINT('',(0.00106722068785534,-0.0399857604714838,0.050464116301022));
#10386=CARTESIAN_POINT('',(0.00109751366673939,-0.0399849854482919,0.0506082920846097));
#10387=CARTESIAN_POINT('',(0.00115746811984114,-0.039983249837295,0.0507429554964644));
#10388=CARTESIAN_POINT('',(0.00106789135846045,-0.0399857425591392,0.0503167007887264));
#10389=CARTESIAN_POINT('',(0.00115570017990449,-0.0399833009157264,0.0498899276762897));
#10390=CARTESIAN_POINT('',(0.00109693320166716,-0.0399849995500504,0.0500251268487092));
#10391=CARTESIAN_POINT('',(0.00106734130644896,-0.0399857572530683,0.0501692728572308));
#10392=CARTESIAN_POINT('',(0.00106809320502664,-0.0399857371684627,0.0503166997596546));
#10393=CARTESIAN_POINT('',(0.00115515362863627,-0.0399833170371172,0.0498896899044882));
#10394=CARTESIAN_POINT('',(0.00139902031565764,-0.0399755267966424,0.0496760852394658));
#10395=CARTESIAN_POINT('',(0.00129080542710189,-0.0399793139844465,0.0497071033126474));
#10396=CARTESIAN_POINT('',(0.00119999531871715,-0.0399820218719257,0.0497863713740789));
#10397=CARTESIAN_POINT('',(0.00115460793884379,-0.0399833325337892,0.0498894499549876));
#10398=CARTESIAN_POINT('',(0.00139898881775856,-0.0399755278924236,0.0496759752167852));
#10399=CARTESIAN_POINT('',(0.00194409887831736,-0.0399527280638559,0.0496012560649237));
#10400=CARTESIAN_POINT('',(0.00175905431869775,-0.0399617323281009,0.0496013577112242));
#10401=CARTESIAN_POINT('',(0.00157731588251657,-0.0399692875782735,0.0496261439839146));
#10402=CARTESIAN_POINT('',(0.00139888964253512,-0.0399755313631728,0.0496756171277406));
#10403=CARTESIAN_POINT('',(0.00194409896794038,-0.0399527280570783,0.0496014198218673));
#10404=CARTESIAN_POINT('',(0.00354900825809965,-0.0398422456744589,0.0496176095558238));
#10405=CARTESIAN_POINT('',(0.00301489891235786,-0.0398898222717786,0.0496074550788766));
#10406=CARTESIAN_POINT('',(0.00247978504228654,-0.0399266615831497,0.049602058500891));
#10407=CARTESIAN_POINT('',(0.00194409896794038,-0.0399527280570783,0.0496014198218672));
#10408=CARTESIAN_POINT('',(0.00354900825809963,-0.039842245674459,0.0496176095558239));
#10409=CARTESIAN_POINT('',(0.,2.4492935982947E-18,0.0496411479922844));
#10410=CARTESIAN_POINT('',(0.00601662411904356,-0.0395449141383585,0.0496646864287452));
#10411=CARTESIAN_POINT('',(0.00601642322801667,-0.0395449447027225,0.0488102403307767));
#10412=CARTESIAN_POINT('',(0.00601649019171817,-0.0395449345147713,0.0490950556967662));
#10413=CARTESIAN_POINT('',(0.0060165571553938,-0.0395449243266499,0.0493798710627557));
#10414=CARTESIAN_POINT('',(0.00601662411904355,-0.0395449141383585,0.0496646864287452));
#10415=CARTESIAN_POINT('',(0.00601642322801668,-0.0395449447027225,0.0488102403307768));
#10416=CARTESIAN_POINT('',(0.00601622202966135,-0.0395449753127982,0.0479557942328083));
#10417=CARTESIAN_POINT('',(0.00601628909580575,-0.0395449651096102,0.0482406095987977));
#10418=CARTESIAN_POINT('',(0.00601635616192418,-0.0395449549062517,0.0485254249647872));
#10419=CARTESIAN_POINT('',(0.00601642322801667,-0.0395449447027225,0.0488102403307767));
#10420=CARTESIAN_POINT('',(0.00601622202966135,-0.0395449753127982,0.0479557942328083));
#10421=CARTESIAN_POINT('',(0.,0.,0.0479557942328083));
#10422=CARTESIAN_POINT('',(0.00354880554715701,-0.0398422637307228,0.0479557942328083));
#10423=CARTESIAN_POINT('',(0.00206080738747237,-0.039946878137243,0.0479398285190831));
#10424=CARTESIAN_POINT('',(0.00255734265100901,-0.0399212625300428,0.0479504721724957));
#10425=CARTESIAN_POINT('',(0.0030534571649873,-0.0398863850963736,0.0479557940770708));
#10426=CARTESIAN_POINT('',(0.00354880554715701,-0.0398422637307228,0.0479557942328082));
#10427=CARTESIAN_POINT('',(0.00206080738747235,-0.039946878137243,0.0479398285190831));
#10428=CARTESIAN_POINT('',(0.00145584178403176,-0.0399734977797145,0.047858841510588));
#10429=CARTESIAN_POINT('',(0.00165457118710139,-0.0399662600200794,0.0479082284445517));
#10430=CARTESIAN_POINT('',(0.0018562237524312,-0.0399574322593273,0.0479354337307928));
#10431=CARTESIAN_POINT('',(0.00206079160307167,-0.0399468789515365,0.0479404714474629));
#10432=CARTESIAN_POINT('',(0.00145581951086398,-0.0399734985902937,0.047858931254975));
#10433=CARTESIAN_POINT('',(0.00117601125096359,-0.0399827087318707,0.0476694733318916));
#10434=CARTESIAN_POINT('',(0.00124446450831025,-0.0399806953164879,0.0477632478834993));
#10435=CARTESIAN_POINT('',(0.0013433599287539,-0.039977594156892,0.0478303011883898));
#10436=CARTESIAN_POINT('',(0.00145575973084234,-0.0399735007674592,0.0478591644246382));
#10437=CARTESIAN_POINT('',(0.0011763291205876,-0.039982699387486,0.0476692410937745));
#10438=CARTESIAN_POINT('',(0.00106812646618843,-0.0399857362638312,0.0473343792025133));
#10439=CARTESIAN_POINT('',(0.00106661052543703,-0.0399857767586823,0.0474548164910602));
#10440=CARTESIAN_POINT('',(0.00110474470650413,-0.0399848060305798,0.0475723976523078));
#10441=CARTESIAN_POINT('',(0.00117664527943963,-0.0399826900781622,0.0476690065098923));
#10442=CARTESIAN_POINT('',(0.00106790804173617,-0.0399857425578151,0.0473343764510953));
#10443=CARTESIAN_POINT('',(0.00117644051879529,-0.0399826959776147,0.0469995984671007));
#10444=CARTESIAN_POINT('',(0.00110476591456641,-0.0399848049126557,0.0470963705926925));
#10445=CARTESIAN_POINT('',(0.00106672187833261,-0.0399857738000166,0.0472139389585632));
#10446=CARTESIAN_POINT('',(0.00106811845164526,-0.0399857364940707,0.0473343739312407));
#10447=CARTESIAN_POINT('',(0.00117595065917617,-0.0399827107850908,0.0469992353282094));
#10448=CARTESIAN_POINT('',(0.00145581504292241,-0.039973498754649,0.04680979614158));
#10449=CARTESIAN_POINT('',(0.00134343528179377,-0.0399775915699358,0.0468387108268465));
#10450=CARTESIAN_POINT('',(0.00124442395361907,-0.0399806974566122,0.0469054813575098));
#10451=CARTESIAN_POINT('',(0.00117546031942536,-0.0399827249326188,0.0469988725995245));
#10452=CARTESIAN_POINT('',(0.00145579873185632,-0.0399734993470152,0.0468097326631731));
#10453=CARTESIAN_POINT('',(0.00206080382581267,-0.0399468783225555,0.0467287743991368));
#10454=CARTESIAN_POINT('',(0.00185622961900424,-0.039957432021011,0.0467334920930143));
#10455=CARTESIAN_POINT('',(0.0016545322595346,-0.0399662620526881,0.0467603678483763));
#10456=CARTESIAN_POINT('',(0.00145571817282703,-0.0399735022809023,0.0468094056339956));
#10457=CARTESIAN_POINT('',(0.00206080738747235,-0.039946878137243,0.0467289292585793));
#10458=CARTESIAN_POINT('',(0.00354880554715702,-0.0398422637307228,0.0467129635448541));
#10459=CARTESIAN_POINT('',(0.00305345716498733,-0.0398863850963736,0.0467129637005916));
#10460=CARTESIAN_POINT('',(0.00255734265100903,-0.0399212625300428,0.0467182856051666));
#10461=CARTESIAN_POINT('',(0.00206080738747235,-0.039946878137243,0.0467289292585793));
#10462=CARTESIAN_POINT('',(0.00354880554715701,-0.0398422637307228,0.0467129635448541));
#10463=CARTESIAN_POINT('',(0.00515795376276763,-0.0396660498787206,0.0466984653034638));
#10464=CARTESIAN_POINT('',(0.00462287578307996,-0.0397356284600803,0.046708131038916));
#10465=CARTESIAN_POINT('',(0.00408634680057734,-0.0397943841876613,0.0467129637860461));
#10466=CARTESIAN_POINT('',(0.00354880554715702,-0.0398422637307228,0.0467129635448541));
#10467=CARTESIAN_POINT('',(0.00515795376276761,-0.0396660498787206,0.0466984653034638));
#10468=CARTESIAN_POINT('',(0.00569353866704603,-0.0395927217736651,0.0466111570501244));
#10469=CARTESIAN_POINT('',(0.00551927006709518,-0.0396177820617136,0.046665869894987));
#10470=CARTESIAN_POINT('',(0.00534075375064466,-0.0396422795077972,0.0466952065111131));
#10471=CARTESIAN_POINT('',(0.00515796900557003,-0.0396660478966279,0.0466991791628203));
#10472=CARTESIAN_POINT('',(0.00569354098714469,-0.0395927214399998,0.0466111645928162));
#10473=CARTESIAN_POINT('',(0.00593215957542629,-0.0395576728381783,0.0463863035958113));
#10474=CARTESIAN_POINT('',(0.00589076392873386,-0.039563880624539,0.0464929892551671));
#10475=CARTESIAN_POINT('',(0.0058017970223086,-0.0395771537958044,0.0465769262515882));
#10476=CARTESIAN_POINT('',(0.00569358831142627,-0.0395927146346395,0.0466113165956495));
#10477=CARTESIAN_POINT('',(0.0166970594243098,-0.0363484278410092,0.0459361948390872));
#10478=CARTESIAN_POINT('',(0.0166974778624506,-0.0363482356267397,0.0460900302838071));
#10479=CARTESIAN_POINT('',(0.0166746735107664,-0.0363587380295993,0.0462395733819878));
#10480=CARTESIAN_POINT('',(0.0166285862822454,-0.0363798037137904,0.046384824066731));
#10481=CARTESIAN_POINT('',(0.0166971315147467,-0.0363483950173802,0.0459361946019862));
#10482=CARTESIAN_POINT('',(0.0166287651250269,-0.0363797219656819,0.0463848926252629));
#10483=CARTESIAN_POINT('',(0.0166972033846249,-0.0363483617118086,0.0522883834768696));
#10484=CARTESIAN_POINT('',(0.0166972033846249,-0.0363483617118086,0.0451594251849115));
#10485=CARTESIAN_POINT('',(0.,0.,0.0451594251849115));
#10486=CARTESIAN_POINT('',(0.00876383377871489,-0.0390281336666136,0.0451594251849115));
#10487=CARTESIAN_POINT('',(0.00876383377871489,-0.0390281336666136,0.0522883834768696));
#10488=CARTESIAN_POINT('',(0.00876383377871489,-0.0390281336666136,0.0526164093126363));
#10489=CARTESIAN_POINT('',(0.,0.,0.0526164093126363));
#10490=CARTESIAN_POINT('',(0.0126535557954477,-0.0379458499144701,0.0526164093126363));
#10491=CARTESIAN_POINT('',(0.0126535557954478,-0.0379458499144701,0.0522883834768696));
#10492=CARTESIAN_POINT('',(0.0126535557954477,-0.0379458499144701,0.0467129635448542));
#10493=CARTESIAN_POINT('',(0.,0.,0.0467129635448542));
#10494=CARTESIAN_POINT('',(0.0146971003347961,-0.0372020865241311,0.0467129635448542));
#10495=CARTESIAN_POINT('',(0.0159841407349902,-0.036667523027388,0.0466973563877824));
#10496=CARTESIAN_POINT('',(0.0155583283532568,-0.0368531435567934,0.0467077611915075));
#10497=CARTESIAN_POINT('',(0.0151292288583765,-0.037031369318136,0.0467129635771981));
#10498=CARTESIAN_POINT('',(0.0146971003347962,-0.0372020865241311,0.0467129635448541));
#10499=CARTESIAN_POINT('',(0.0159841407349902,-0.036667523027388,0.0466973563877825));
#10500=CARTESIAN_POINT('',(0.0164285682904428,-0.0364705654456612,0.0466076758343067));
#10501=CARTESIAN_POINT('',(0.0162851995589191,-0.0365351474714063,0.0466635758468064));
#10502=CARTESIAN_POINT('',(0.0161370856929599,-0.0366008510350758,0.0466937016680195));
#10503=CARTESIAN_POINT('',(0.0159841576608968,-0.0366675156490264,0.0466980633684633));
#10504=CARTESIAN_POINT('',(0.0164285639336083,-0.0364705674082207,0.0466076623928088));
#10505=CARTESIAN_POINT('',(0.0166289442135434,-0.0363796400827952,0.0463849604363143));
#10506=CARTESIAN_POINT('',(0.0165967168714241,-0.0363943710332123,0.0464878604724529));
#10507=CARTESIAN_POINT('',(0.016522004191488,-0.0364284761088417,0.0465710390167367));
#10508=CARTESIAN_POINT('',(0.0164286023900587,-0.0364705500850942,0.0466077800039619));
#10509=CARTESIAN_POINT('',(0.0248836308587238,-0.0313178050832951,0.0459361947417208));
#10510=CARTESIAN_POINT('',(0.024883948187695,-0.0313175529488635,0.0460891368920523));
#10511=CARTESIAN_POINT('',(0.0248655877212631,-0.0313321685870783,0.0462383238198942));
#10512=CARTESIAN_POINT('',(0.0248284711795376,-0.0313615531963401,0.0463837554996308));
#10513=CARTESIAN_POINT('',(0.0248836866898767,-0.0313177610581299,0.0459361945533026));
#10514=CARTESIAN_POINT('',(0.0248286122891067,-0.0313614414803469,0.0463838140665522));
#10515=CARTESIAN_POINT('',(0.0248837421947888,-0.0313177166214795,0.0522883834768696));
#10516=CARTESIAN_POINT('',(0.0248837421947888,-0.0313177166214795,0.0451594251849115));
#10517=CARTESIAN_POINT('',(0.,0.,0.0451594251849115));
#10518=CARTESIAN_POINT('',(0.0180959711922377,-0.0356726201253806,0.0451594251849115));
#10519=CARTESIAN_POINT('',(0.0180959711922377,-0.0356726201253806,0.0522883834768696));
#10520=CARTESIAN_POINT('',(0.0180959711922377,-0.0356726201253806,0.0526164093126363));
#10521=CARTESIAN_POINT('',(0.,0.,0.0526164093126363));
#10522=CARTESIAN_POINT('',(0.0215998897413808,-0.0336666714000685,0.0526164093126363));
#10523=CARTESIAN_POINT('',(0.0215998897413808,-0.0336666714000685,0.0522883834768696));
#10524=CARTESIAN_POINT('',(0.0215998897413808,-0.0336666714000685,0.0467129635448542));
#10525=CARTESIAN_POINT('',(0.,0.,0.0467129635448541));
#10526=CARTESIAN_POINT('',(0.0232714719481232,-0.032533653243491,0.0467129635448541));
#10527=CARTESIAN_POINT('',(0.0243014224448132,-0.0317716991544162,0.0466966476635826));
#10528=CARTESIAN_POINT('',(0.0239622575896216,-0.0320311183433109,0.0467075248426101));
#10529=CARTESIAN_POINT('',(0.0236188833716332,-0.0322851482527923,0.0467129634697006));
#10530=CARTESIAN_POINT('',(0.0232714719481232,-0.0325336532434911,0.0467129635448541));
#10531=CARTESIAN_POINT('',(0.0243014224448133,-0.0317716991544162,0.0466966476635827));
#10532=CARTESIAN_POINT('',(0.0246642331894894,-0.0314908812384552,0.046605532820732));
#10533=CARTESIAN_POINT('',(0.0245479331180962,-0.031581969577936,0.0466621254868026));
#10534=CARTESIAN_POINT('',(0.0244270376408695,-0.0316756189553175,0.0466927277446948));
#10535=CARTESIAN_POINT('',(0.0243014386966491,-0.0317716867237641,0.0466973486373139));
#10536=CARTESIAN_POINT('',(0.024664227487766,-0.0314908857041232,0.0466055139157892));
#10537=CARTESIAN_POINT('',(0.0248287535684901,-0.0313613296070635,0.0463838719723697));
#10538=CARTESIAN_POINT('',(0.0248033370009811,-0.0313814518945796,0.0464847596485481));
#10539=CARTESIAN_POINT('',(0.0247420902756273,-0.0314299020448276,0.0465674663178473));
#10540=CARTESIAN_POINT('',(0.02466425879998,-0.0314908611798346,0.0466056169902138));
#10541=CARTESIAN_POINT('',(0.,2.4492935982947E-18,0.050791001739663));
#10542=CARTESIAN_POINT('',(0.0293594287765611,-0.0271665964591509,0.0489655942667834));
#10543=CARTESIAN_POINT('',(0.0293945758525988,-0.0271285626314004,0.0526164093126363));
#10544=CARTESIAN_POINT('',(0.,2.4492935982947E-18,0.0471401865938549));
#10545=CARTESIAN_POINT('',(0.0293242277054666,-0.0272045891253286,0.0453143041215578));
#10546=CARTESIAN_POINT('',(0.,2.4492935982947E-18,0.045268527542915));
#10547=CARTESIAN_POINT('',(0.027969655016646,-0.0285954270558162,0.0452222760685444));
#10548=CARTESIAN_POINT('',(0.,2.4492935982947E-18,0.0451760244315797));
#10549=CARTESIAN_POINT('',(0.0265489923086312,-0.0299190743071413,0.0451302352320965));
#10550=CARTESIAN_POINT('',(0.0265489923086312,-0.0299190743071413,0.0522883834768696));
#10551=CARTESIAN_POINT('',(0.0265489923086312,-0.0299190743071413,0.0526164093126363));
#10552=CARTESIAN_POINT('',(0.,0.,0.0526164093126363));
#10553=CARTESIAN_POINT('',(0.,2.4492935982947E-18,0.0457420020698847));
#10554=CARTESIAN_POINT('',(-0.0130210511655911,-0.0378213197356076,0.0451594251849115));
#10555=CARTESIAN_POINT('',(-0.0129293764462337,-0.0378527571612899,0.0463245789548685));
#10556=CARTESIAN_POINT('',(0.,0.,0.0451594251849115));
#10557=CARTESIAN_POINT('',(-0.0164502094832723,-0.0364608092060017,0.0451594251849115));
#10558=CARTESIAN_POINT('',(-0.0164502094832723,-0.0364608092060017,0.0522883834768696));
#10559=CARTESIAN_POINT('',(-0.0164502094832723,-0.0364608092060017,0.0526164093126363));
#10560=CARTESIAN_POINT('',(0.,0.,0.0526164093126363));
#10561=CARTESIAN_POINT('',(-0.0122619343149368,-0.0380742034303565,0.0526164093126363));
#10562=CARTESIAN_POINT('',(-0.0104678201751479,-0.0386060194889446,0.0525925963659474));
#10563=CARTESIAN_POINT('',(-0.0110697985847003,-0.0384427961930976,0.0526084717653194));
#10564=CARTESIAN_POINT('',(-0.0116680561609033,-0.0382654640283401,0.0526164094142157));
#10565=CARTESIAN_POINT('',(-0.0122619343149368,-0.0380742034303566,0.0526164093126363));
#10566=CARTESIAN_POINT('',(-0.0104678201751479,-0.0386060194889445,0.0525925963659475));
#10567=CARTESIAN_POINT('',(-0.00892503553042723,-0.0389915855125258,0.0525193349146769));
#10568=CARTESIAN_POINT('',(-0.00944129410817056,-0.0388734157564443,0.0525546705228736));
#10569=CARTESIAN_POINT('',(-0.00995569599211213,-0.0387448792814414,0.0525790910066304));
#10570=CARTESIAN_POINT('',(-0.0104678201751479,-0.0386060194889446,0.0525925963659474));
#10571=CARTESIAN_POINT('',(-0.00892503553042724,-0.0389915855125258,0.052519334914677));
#10572=CARTESIAN_POINT('',(-0.00769174090306334,-0.0392534982120083,0.0524118111070009));
#10573=CARTESIAN_POINT('',(-0.00810353198749017,-0.0391728075609358,0.0524554081112905));
#10574=CARTESIAN_POINT('',(-0.00851470260570497,-0.0390855092625942,0.0524912493805158));
#10575=CARTESIAN_POINT('',(-0.00892503553042723,-0.0389915855125258,0.0525193349146769));
#10576=CARTESIAN_POINT('',(-0.00769174090306335,-0.0392534982120084,0.0524118111070009));
#10577=CARTESIAN_POINT('',(-0.00716266190122398,-0.0393534785582265,0.0522655152390621));
#10578=CARTESIAN_POINT('',(-0.00733145200847936,-0.0393227573484418,0.0523434352224912));
#10579=CARTESIAN_POINT('',(-0.00750780690405612,-0.0392895397828993,0.0523924421664782));
#10580=CARTESIAN_POINT('',(-0.00769166274306196,-0.0392535135274155,0.0524125532704104));
#10581=CARTESIAN_POINT('',(-0.00716271489458065,-0.0393534689111259,0.0522653966414374));
#10582=CARTESIAN_POINT('',(-0.00632474589124087,-0.0394968048000244,0.0515606787063542));
#10583=CARTESIAN_POINT('',(-0.00653766132490593,-0.0394627099910627,0.051866545451736));
#10584=CARTESIAN_POINT('',(-0.00682700170312333,-0.03941457198395,0.0521099227722626));
#10585=CARTESIAN_POINT('',(-0.00716271489458065,-0.0393534689111259,0.0522653966414374));
#10586=CARTESIAN_POINT('',(-0.00632474589124088,-0.0394968048000245,0.0515606787063542));
#10587=CARTESIAN_POINT('',(-0.00590161777150788,-0.0395622409293588,0.0504890766172677));
#10588=CARTESIAN_POINT('',(-0.00595778337876179,-0.0395538625377882,0.0508759151404879));
#10589=CARTESIAN_POINT('',(-0.00610242938270646,-0.0395324094462611,0.0512410266993956));
#10590=CARTESIAN_POINT('',(-0.0063255091619131,-0.0394966825675595,0.0515601314446285));
#10591=CARTESIAN_POINT('',(-0.00590138598695206,-0.039562275508785,0.0504891110193232));
#10592=CARTESIAN_POINT('',(-0.00598893199112355,-0.0395491174820083,0.0492846614286744));
#10593=CARTESIAN_POINT('',(-0.00587255187699099,-0.0395667409495605,0.0496743768235113));
#10594=CARTESIAN_POINT('',(-0.00584246930631964,-0.0395710639333387,0.0500856391973169));
#10595=CARTESIAN_POINT('',(-0.00590138598695206,-0.039562275508785,0.0504891110193231));
#10596=CARTESIAN_POINT('',(-0.00598893199112356,-0.0395491174820084,0.0492846614286744));
#10597=CARTESIAN_POINT('',(-0.00657423096267029,-0.0394560449989442,0.0482173714662556));
#10598=CARTESIAN_POINT('',(-0.00630449193076748,-0.039500989359065,0.0485271953715365));
#10599=CARTESIAN_POINT('',(-0.00610610559352069,-0.0395313730430999,0.048888775629122));
#10600=CARTESIAN_POINT('',(-0.00598920063664585,-0.0395490768000215,0.049284742562765));
#10601=CARTESIAN_POINT('',(-0.00657405599150444,-0.0394560744804539,0.0482172148560662));
#10602=CARTESIAN_POINT('',(-0.00679451335067389,-0.0394187086067087,0.0478995612914462));
#10603=CARTESIAN_POINT('',(-0.00673213580047957,-0.039429460483484,0.048013355170695));
#10604=CARTESIAN_POINT('',(-0.00665860140982621,-0.0394419878311812,0.0481191869128962));
#10605=CARTESIAN_POINT('',(-0.00657388091192986,-0.0394561033270616,0.0482170582435918));
#10606=CARTESIAN_POINT('',(-0.00679441403570052,-0.0394187257262025,0.0478995052331462));
#10607=CARTESIAN_POINT('',(-0.00686031740223244,-0.0394073095356058,0.0476280309816944));
#10608=CARTESIAN_POINT('',(-0.00686346900836217,-0.0394067608805813,0.0477230432715688));
#10609=CARTESIAN_POINT('',(-0.0068406400019251,-0.0394107582011699,0.0478168173190375));
#10610=CARTESIAN_POINT('',(-0.0067942326074405,-0.0394187569981093,0.047899400258979));
#10611=CARTESIAN_POINT('',(-0.00686041849450912,-0.0394072919402062,0.0476280275268061));
#10612=CARTESIAN_POINT('',(-0.00679057131488709,-0.0394193878808627,0.0473017953391387));
#10613=CARTESIAN_POINT('',(-0.00683473322368353,-0.0394117803403298,0.0474059363587272));
#10614=CARTESIAN_POINT('',(-0.00685796332799214,-0.0394077193519865,0.0475146812921428));
#10615=CARTESIAN_POINT('',(-0.00686028071128093,-0.039407315926899,0.0476280301708366));
#10616=CARTESIAN_POINT('',(-0.00679069454118113,-0.0394193666571188,0.0473017415335502));
#10617=CARTESIAN_POINT('',(-0.0065376477966859,-0.0394621231218809,0.046756645004336));
#10618=CARTESIAN_POINT('',(-0.00662871885737575,-0.0394470354765096,0.0469351575732845));
#10619=CARTESIAN_POINT('',(-0.00671306111679041,-0.0394327404100715,0.0471168564163559));
#10620=CARTESIAN_POINT('',(-0.00679069454118112,-0.0394193666571188,0.0473017415335502));
#10621=CARTESIAN_POINT('',(-0.0065376477966859,-0.0394621231218809,0.046756645004336));
#10622=CARTESIAN_POINT('',(-0.00611997846714524,-0.0395290508811137,0.0458053022331965));
#10623=CARTESIAN_POINT('',(-0.00624084912438862,-0.0395103374082843,0.0461307263296133));
#10624=CARTESIAN_POINT('',(-0.00638010609972042,-0.0394882228865811,0.0464478405866598));
#10625=CARTESIAN_POINT('',(-0.0065376477966859,-0.0394621231218809,0.046756645004336));
#10626=CARTESIAN_POINT('',(-0.00611997846714524,-0.0395290508811137,0.0458053022331965));
#10627=CARTESIAN_POINT('',(-0.0062073279316675,-0.0395154283786566,0.0454001810637515));
#10628=CARTESIAN_POINT('',(-0.00610223455102471,-0.0395319370969943,0.0455057534895697));
#10629=CARTESIAN_POINT('',(-0.00606759273254127,-0.0395371613608904,0.045664262246583));
#10630=CARTESIAN_POINT('',(-0.00611997846714524,-0.0395290508811137,0.0458053022331965));
#10631=CARTESIAN_POINT('',(-0.00620732793166751,-0.0395154283786566,0.0454001810637515));
#10632=CARTESIAN_POINT('',(-0.00666431697572196,-0.0394409289855995,0.0451960784368529));
#10633=CARTESIAN_POINT('',(-0.00649287319591789,-0.0394698977680678,0.045204567159217));
#10634=CARTESIAN_POINT('',(-0.00632992630240934,-0.0394961698681885,0.0452770241417934));
#10635=CARTESIAN_POINT('',(-0.0062073279316675,-0.0395154283786566,0.0454001810637515));
#10636=CARTESIAN_POINT('',(-0.00666431697572196,-0.0394409289855995,0.0451960784368529));
#10637=CARTESIAN_POINT('',(-0.0081189298502873,-0.0391673713451147,0.0451602647170412));
#10638=CARTESIAN_POINT('',(-0.00763551387735084,-0.0392675777219532,0.0451600671227324));
#10639=CARTESIAN_POINT('',(-0.00715053024777119,-0.0393587737360636,0.0451720050293364));
#10640=CARTESIAN_POINT('',(-0.00666431697572196,-0.0394409289855995,0.0451960784368529));
#10641=CARTESIAN_POINT('',(-0.00811892985028731,-0.0391673713451148,0.0451602647170412));
#10642=CARTESIAN_POINT('',(-0.0101604521662416,-0.0386880499867532,0.0451611042491709));
#10643=CARTESIAN_POINT('',(-0.00948428925682632,-0.0388656273239427,0.0451608244051276));
#10644=CARTESIAN_POINT('',(-0.0088034700060183,-0.0390254743192685,0.0451605445610844));
#10645=CARTESIAN_POINT('',(-0.0081189298502873,-0.0391673713451147,0.0451602647170412));
#10646=CARTESIAN_POINT('',(-0.0101604521662416,-0.0386880499867533,0.0451611042491709));
#10647=CARTESIAN_POINT('',(-0.0107608170592504,-0.0385253788588425,0.0463254184869982));
#10648=CARTESIAN_POINT('',(-0.0105611210632544,-0.0385811574687882,0.0459373137410557));
#10649=CARTESIAN_POINT('',(-0.0103609913667399,-0.0386353833634725,0.0455492089951133));
#10650=CARTESIAN_POINT('',(-0.0101604521662416,-0.0386880499867532,0.0451611042491709));
#10651=CARTESIAN_POINT('',(-0.0107608170592504,-0.0385253788588425,0.0463254184869982));
#10652=CARTESIAN_POINT('',(-0.0110865544158714,-0.0384329066189889,0.0468841308478142));
#10653=CARTESIAN_POINT('',(-0.0109683985208584,-0.0384669904777146,0.0467040167988812));
#10654=CARTESIAN_POINT('',(-0.0108597947473196,-0.0384977326467659,0.0465177793452758));
#10655=CARTESIAN_POINT('',(-0.0107608170592504,-0.0385253788588425,0.0463254184869982));
#10656=CARTESIAN_POINT('',(-0.0110865544158714,-0.0384329066189889,0.0468841308478143));
#10657=CARTESIAN_POINT('',(-0.0113911720517616,-0.0383437243700228,0.0472332314790692));
#10658=CARTESIAN_POINT('',(-0.011274141674887,-0.0383784918105926,0.047131669419445));
#10659=CARTESIAN_POINT('',(-0.0111725220665153,-0.0384081082567278,0.0470153343475134));
#10660=CARTESIAN_POINT('',(-0.0110864267653064,-0.0384329434414995,0.0468842216445673));
#10661=CARTESIAN_POINT('',(-0.0113909959774723,-0.0383437766914671,0.0472334522812391));
#10662=CARTESIAN_POINT('',(-0.011717066281166,-0.0382453965701192,0.0474237776502108));
#10663=CARTESIAN_POINT('',(-0.0115972566255608,-0.0382821021033793,0.0473814085194073));
#10664=CARTESIAN_POINT('',(-0.0114884783600725,-0.0383148175478112,0.0473180418180444));
#10665=CARTESIAN_POINT('',(-0.011390820309214,-0.0383438288735384,0.0472336734543681));
#10666=CARTESIAN_POINT('',(-0.0117169823538086,-0.038245422268688,0.0474240372398515));
#10667=CARTESIAN_POINT('',(-0.0121006101982195,-0.038125781735599,0.0474898630169915));
#10668=CARTESIAN_POINT('',(-0.0119695443753862,-0.0381673802644741,0.0474896351275968));
#10669=CARTESIAN_POINT('',(-0.0118416255049261,-0.0382072365647222,0.0474677950403758));
#10670=CARTESIAN_POINT('',(-0.0117168853983484,-0.0382454519722538,0.0474243416571461));
#10671=CARTESIAN_POINT('',(-0.0121006100372853,-0.0381257817851064,0.0474899646119559));
#10672=CARTESIAN_POINT('',(-0.0125005250611932,-0.0379965376474552,0.0474410168369242));
#10673=CARTESIAN_POINT('',(-0.0123692171929255,-0.0380397367755769,0.0474733385876839));
#10674=CARTESIAN_POINT('',(-0.0122359182842242,-0.0380828367656968,0.0474897303492482));
#10675=CARTESIAN_POINT('',(-0.0121006107606215,-0.0381257815555292,0.0474901964990863));
#10676=CARTESIAN_POINT('',(-0.012500529135559,-0.0379965363070142,0.0474410351806758));
#10677=CARTESIAN_POINT('',(-0.0127251684111248,-0.0379218945849032,0.0472856566328735));
#10678=CARTESIAN_POINT('',(-0.0126706972017103,-0.0379401730839325,0.0473642050766969));
#10679=CARTESIAN_POINT('',(-0.0125907055619807,-0.0379668689787073,0.047419607443977));
#10680=CARTESIAN_POINT('',(-0.0125005558736217,-0.0379965275104247,0.0474411591330257));
#10681=CARTESIAN_POINT('',(-0.0127252183992018,-0.0379218778104907,0.0472856952017102));
#10682=CARTESIAN_POINT('',(-0.0128527676604406,-0.0378788379241982,0.0469709952077943));
#10683=CARTESIAN_POINT('',(-0.0128352746907337,-0.037884773509545,0.0470855748356835));
#10684=CARTESIAN_POINT('',(-0.012791636466157,-0.0378995905493119,0.0471931655988855));
#10685=CARTESIAN_POINT('',(-0.0127250885734785,-0.0379219213753355,0.0472855909102559));
#10686=CARTESIAN_POINT('',(-0.0128529694971511,-0.0378787694507795,0.046971029569516));
#10687=CARTESIAN_POINT('',(-0.0129293764462337,-0.0378527571612898,0.0463245789548685));
#10688=CARTESIAN_POINT('',(-0.0129124117874379,-0.0378585517843583,0.0465411833895547));
#10689=CARTESIAN_POINT('',(-0.0128869486252527,-0.0378672397019687,0.0467566669277705));
#10690=CARTESIAN_POINT('',(-0.0128529694971511,-0.0378787694507795,0.046971029569516));
#10691=CARTESIAN_POINT('',(0.,2.4492935982947E-18,0.0543972860523033));
#10692=CARTESIAN_POINT('',(0.0299538518153905,0.0265097484224506,0.0544041783035294));
#10693=CARTESIAN_POINT('',(0.0399569441090577,0.00185542918637293,0.0543901897081209));
#10694=CARTESIAN_POINT('',(0.0299538518153906,0.0265097484224507,0.0522358461311703));
#10695=CARTESIAN_POINT('',(0.0299538518091014,0.0265097484295568,0.0500674001358697));
#10696=CARTESIAN_POINT('',(0.,2.4492935982947E-18,0.0500704024336806));
#10697=CARTESIAN_POINT('',(0.0399700692001742,0.00154711883037914,0.050073495000692));
#10698=CARTESIAN_POINT('',(0.,2.4492935982947E-18,0.0500765875007533));
#10699=CARTESIAN_POINT('',(0.031913382796296,-0.0241150575055726,0.05007968));
#10700=CARTESIAN_POINT('',(0.0319133737831636,-0.0241150694333665,0.0520817994265507));
#10701=CARTESIAN_POINT('',(0.0319133767875418,-0.0241150654574358,0.0514144262843671));
#10702=CARTESIAN_POINT('',(0.0319133797919193,-0.0241150614815045,0.0507470531421836));
#10703=CARTESIAN_POINT('',(0.0319133827962961,-0.0241150575055726,0.05007968));
#10704=CARTESIAN_POINT('',(0.0319133737831636,-0.0241150694333665,0.0520817994265507));
#10705=CARTESIAN_POINT('',(0.0319171815238,-0.0241100295225227,0.0533630915207739));
#10706=CARTESIAN_POINT('',(0.0319146288265557,-0.0241134083493429,0.0529360081910556));
#10707=CARTESIAN_POINT('',(0.0319133595099787,-0.0241150882277966,0.0525089037495216));
#10708=CARTESIAN_POINT('',(0.0319133739027848,-0.0241150692750626,0.0520817994265619));
#10709=CARTESIAN_POINT('',(0.0319172283635155,-0.0241099675152221,0.0533630908466611));
#10710=CARTESIAN_POINT('',(0.0319387457057816,-0.0240814559929713,0.0538308517096476));
#10711=CARTESIAN_POINT('',(0.0319252600596396,-0.0240993417313974,0.0536757327416534));
#10712=CARTESIAN_POINT('',(0.0319180958659009,-0.0241088190948299,0.0535198122275969));
#10713=CARTESIAN_POINT('',(0.0319172755817269,-0.0241099050068659,0.0533630901663221));
#10714=CARTESIAN_POINT('',(0.0319387650534628,-0.0240814303323688,0.053830847068856));
#10715=CARTESIAN_POINT('',(0.0319930237983559,-0.0240092987799699,0.0540743737336976));
#10716=CARTESIAN_POINT('',(0.0319645022657824,-0.0240473044742949,0.0540004097625276));
#10717=CARTESIAN_POINT('',(0.0319461068295356,-0.0240716930257011,0.0539179095167972));
#10718=CARTESIAN_POINT('',(0.0319388153121306,-0.0240813636752076,0.0538308354567101));
#10719=CARTESIAN_POINT('',(0.0319929264091187,-0.0240094286404778,0.0540744768777715));
#10720=CARTESIAN_POINT('',(0.0320984800827575,-0.0238681288830276,0.0542299011563162));
#10721=CARTESIAN_POINT('',(0.0320552188291633,-0.0239263077412722,0.0541959898596752));
#10722=CARTESIAN_POINT('',(0.0320185591994455,-0.0239752727686227,0.0541421728650213));
#10723=CARTESIAN_POINT('',(0.0319928290461301,-0.0240095582971677,0.0540745803115621));
#10724=CARTESIAN_POINT('',(0.032098385728758,-0.0238682565515578,0.0542302400781275));
#10725=CARTESIAN_POINT('',(0.0322941191926796,-0.0236027512288081,0.0543052604514747));
#10726=CARTESIAN_POINT('',(0.0322265373715991,-0.0236952190671576,0.0543044362217695));
#10727=CARTESIAN_POINT('',(0.0321601861503595,-0.023785146336725,0.0542791464556072));
#10728=CARTESIAN_POINT('',(0.0320982906948583,-0.0238683835746867,0.0542305790532451));
#10729=CARTESIAN_POINT('',(0.0322941191765134,-0.0236027512509272,0.0543052642584766));
#10730=CARTESIAN_POINT('',(0.,2.4492935982947E-18,0.0543248133249144));
#10731=CARTESIAN_POINT('',(0.0356377695695471,-0.0181645088044754,0.0543444700412525));
#10732=CARTESIAN_POINT('',(0.0386032230679248,-0.0104781281137443,0.0543758888021706));
#10733=CARTESIAN_POINT('',(0.0378825648427221,-0.0131331567525662,0.0543710115721638));
#10734=CARTESIAN_POINT('',(0.0368870575926186,-0.015713474252897,0.0543605386518571));
#10735=CARTESIAN_POINT('',(0.0356377695695475,-0.0181645088044747,0.0543444700412505));
#10736=CARTESIAN_POINT('',(0.0386032230679246,-0.0104781281137451,0.0543758888021706));
#10737=CARTESIAN_POINT('',(0.0399569441090575,0.00185542918637516,0.0543901897081209));
#10738=CARTESIAN_POINT('',(0.0401495674241601,-0.00229274261784753,0.0543880139862846));
#10739=CARTESIAN_POINT('',(0.0396910193017851,-0.00647050001335099,0.0543832470176348));
#10740=CARTESIAN_POINT('',(0.0386032230679251,-0.0104781281137432,0.0543758888021717));
#10741=CARTESIAN_POINT('',(0.,0.,0.));
#10742=CARTESIAN_POINT('',(0.,2.4492935982947E-18,0.));
#10743=CARTESIAN_POINT('',(0.0375,2.4492935982947E-18,0.));
#10744=CARTESIAN_POINT('',(0.,2.4492935982947E-18,0.107));
#10745=CARTESIAN_POINT('',(0.,2.4492935982947E-18,0.1045));
#10746=CARTESIAN_POINT('',(0.035,2.4492935982947E-18,0.1045));
#10747=CARTESIAN_POINT('',(0.,2.4492935982947E-18,0.005));
#10748=CARTESIAN_POINT('',(0.035,2.4492935982947E-18,0.005));
#10749=CARTESIAN_POINT('',(0.,0.,0.005));
#10750=CARTESIAN_POINT('',(0.,2.4492935982947E-18,0.0025));
#10751=CARTESIAN_POINT('',(0.,2.4492935982947E-18,0.1045));
#10752=CARTESIAN_POINT('',(0.,0.,0.0456873381927274));
#10753=CARTESIAN_POINT('',(0.0145516906988711,0.0372592042025107,0.0456873381927274));
#10754=CARTESIAN_POINT('',(0.0148427245128485,0.0380043882865609,0.0456873381927274));
#10755=CARTESIAN_POINT('',(0.,0.,0.0456873381927274));
#10756=CARTESIAN_POINT('',(0.0185982767058939,0.0363145164303617,0.0456873381927274));
#10757=CARTESIAN_POINT('',(0.0182336046136214,0.0356024670885898,0.0456873381927274));
#10758=CARTESIAN_POINT('',(0.0145516906988711,0.0372592042025107,0.0512800749927274));
#10759=CARTESIAN_POINT('',(0.0145516906988711,0.0372592042025107,0.0531443205927274));
#10760=CARTESIAN_POINT('',(0.0148427245128485,0.0380043882865609,0.0531443205927274));
#10761=CARTESIAN_POINT('',(0.0148427245128485,0.0380043882865609,0.0528162948329624));
#10762=CARTESIAN_POINT('',(0.,0.,0.0531443205927274));
#10763=CARTESIAN_POINT('',(0.0182336046136214,0.0356024670885898,0.0531443205927274));
#10764=CARTESIAN_POINT('',(0.0185982767058939,0.0363145164303617,0.0531443205927274));
#10765=CARTESIAN_POINT('',(0.,0.,0.0531443205927274));
#10766=CARTESIAN_POINT('',(0.0182336046136214,0.0356024670885898,0.0512800749927274));
#10767=CARTESIAN_POINT('',(0.0185982767058939,0.0363145164303617,0.0528162948329624));
#10768=CARTESIAN_POINT('',(0.,0.,0.0528162948329624));
#10769=CARTESIAN_POINT('',(0.,0.,0.0456873381927274));
#10770=CARTESIAN_POINT('',(-0.0110599944322905,0.0384405583096513,0.0456873381927274));
#10771=CARTESIAN_POINT('',(-0.0112811943209364,0.0392093694758444,0.0456873381927274));
#10772=CARTESIAN_POINT('',(0.,0.,0.0456873381927274));
#10773=CARTESIAN_POINT('',(-0.00223826738874726,0.0407385586281164,0.0456873381927274));
#10774=CARTESIAN_POINT('',(-0.00219437979288947,0.0399397633608983,0.0456873381927274));
#10775=CARTESIAN_POINT('',(-0.0110599944322905,0.0384405583096513,0.0527559360927274));
#10776=CARTESIAN_POINT('',(-0.0110599945069766,0.0384405585692332,0.0464641071927274));
#10777=CARTESIAN_POINT('',(-0.011133727755567,0.0386968287924374,0.0464641071927274));
#10778=CARTESIAN_POINT('',(-0.0112074610041575,0.0389530990156417,0.0464641071927274));
#10779=CARTESIAN_POINT('',(-0.0112811942527479,0.0392093692388459,0.0464641071927274));
#10780=CARTESIAN_POINT('',(-0.0112811777236071,0.0392093739945574,0.04646410721595));
#10781=CARTESIAN_POINT('',(-0.0112811943209364,0.0392093694758444,0.0528162948329624));
#10782=CARTESIAN_POINT('',(-0.0100784969251098,0.0393888108160443,0.0464663251786086));
#10783=CARTESIAN_POINT('',(-0.0109778246617662,0.0384641052766246,0.0469140342959306));
#10784=CARTESIAN_POINT('',(-0.0110512018300009,0.0387204777629971,0.0469141126283025));
#10785=CARTESIAN_POINT('',(-0.0111245775504869,0.0389768506639171,0.0469141903619079));
#10786=CARTESIAN_POINT('',(-0.01119795182486,0.0392332239788973,0.0469142674924719));
#10787=CARTESIAN_POINT('',(-0.0111978736300537,0.0392332464391966,0.0469142348777772));
#10788=CARTESIAN_POINT('',(-0.0112811612627752,0.0392093789871702,0.0464641072391723));
#10789=CARTESIAN_POINT('',(-0.0112813632127633,0.0392093208829502,0.0466197490102263));
#10790=CARTESIAN_POINT('',(-0.0112536436969106,0.039217328539724,0.0467698024223305));
#10791=CARTESIAN_POINT('',(-0.0111979518617796,0.039233224110456,0.0469142674942684));
#10792=CARTESIAN_POINT('',(-0.0108125994958515,0.03917655291555,0.0467723217553945));
#10793=CARTESIAN_POINT('',(-0.0107461982048506,0.0385294595554261,0.0471392292634964));
#10794=CARTESIAN_POINT('',(-0.010817753068631,0.0387863463283429,0.0471389339995288));
#10795=CARTESIAN_POINT('',(-0.0108893024759938,0.0390432346004496,0.0471386207477426));
#10796=CARTESIAN_POINT('',(-0.010960846725094,0.0393001242858193,0.0471382894134592));
#10797=CARTESIAN_POINT('',(-0.0109609375092849,0.0393000998587625,0.0471386073439996));
#10798=CARTESIAN_POINT('',(-0.0111978711714845,0.0392332471410007,0.0469142338506502));
#10799=CARTESIAN_POINT('',(-0.0111563695756714,0.039245092439496,0.0470216671297878));
#10800=CARTESIAN_POINT('',(-0.0110677892792591,0.0392702987861172,0.0471054516724677));
#10801=CARTESIAN_POINT('',(-0.0109608469098431,0.0393001251272688,0.0471382894265219));
#10802=CARTESIAN_POINT('',(-0.0103595317887448,0.0393002818321081,0.0452624618775116));
#10803=CARTESIAN_POINT('',(-0.0102244877322758,0.0386711770984366,0.0472270918118987));
#10804=CARTESIAN_POINT('',(-0.0102926435519273,0.0389289862278858,0.0472266830865923));
#10805=CARTESIAN_POINT('',(-0.0103607989677646,0.0391867954339321,0.0472262553390402));
#10806=CARTESIAN_POINT('',(-0.0104289541192935,0.0394446046768825,0.0472258085666742));
#10807=CARTESIAN_POINT('',(-0.0104289620296952,0.0394446035723922,0.0472263779546962));
#10808=CARTESIAN_POINT('',(-0.0109610019286025,0.0393000818970884,0.0471388242634662));
#10809=CARTESIAN_POINT('',(-0.0107879875952872,0.039348336515135,0.0471942005705671));
#10810=CARTESIAN_POINT('',(-0.0106106524914921,0.0393965655326216,0.0472231910820314));
#10811=CARTESIAN_POINT('',(-0.0104289543541634,0.0394446056017648,0.0472258085652053));
#10812=CARTESIAN_POINT('',(-0.0104289620296952,0.0394446035723922,0.0472263779546962));
#10813=CARTESIAN_POINT('',(-0.00989687135263999,0.0395852857688093,0.047236043688567));
#10814=CARTESIAN_POINT('',(-0.00936189110522236,0.0397152112435635,0.0472408764339193));
#10815=CARTESIAN_POINT('',(-0.00882445779450558,0.0398342684711668,0.0472408761927273));
#10816=CARTESIAN_POINT('',(-0.0102244725781325,0.0386711799729335,0.0472263779546962));
#10817=CARTESIAN_POINT('',(-0.00970281505160884,0.0388091036949108,0.047236043688567));
#10818=CARTESIAN_POINT('',(-0.00917832461296233,0.0389364816113369,0.0472408764339193));
#10819=CARTESIAN_POINT('',(-0.00865142921029959,0.0390532043834968,0.0472408761927273));
#10820=CARTESIAN_POINT('',(-0.00865142921029959,0.0390532043834968,0.0472408761927273));
#10821=CARTESIAN_POINT('',(-0.00870910540503492,0.0393135590793868,0.0472408761927273));
#10822=CARTESIAN_POINT('',(-0.00876678159977025,0.0395739137752768,0.0472408761927273));
#10823=CARTESIAN_POINT('',(-0.00882445779450558,0.0398342684711668,0.0472408761927273));
#10824=CARTESIAN_POINT('',(-0.00882445779450558,0.0398342684711668,0.0472408761927273));
#10825=CARTESIAN_POINT('',(-0.0104289620296952,0.0394446035723922,0.0472263779546961));
#10826=CARTESIAN_POINT('',(-0.00989687138886904,0.0395852857592305,0.0472360436879088));
#10827=CARTESIAN_POINT('',(-0.00936189105348587,0.0397152112550246,0.0472408764339192));
#10828=CARTESIAN_POINT('',(-0.00882445779450559,0.0398342684711668,0.0472408761927273));
#10829=CARTESIAN_POINT('',(-0.00882445779450556,0.0398342684711668,0.0472408761927273));
#10830=CARTESIAN_POINT('',(-0.0083292088922304,0.0399439806161021,0.0472408763484648));
#10831=CARTESIAN_POINT('',(-0.00783197059303567,0.0400444431473091,0.0472461982513578));
#10832=CARTESIAN_POINT('',(-0.00733308972393731,0.0401355926217701,0.0472568419027533));
#10833=CARTESIAN_POINT('',(-0.00865142921029957,0.0390532043834968,0.0472408761927273));
#10834=CARTESIAN_POINT('',(-0.00816589107081473,0.0391607653099039,0.0472408763484648));
#10835=CARTESIAN_POINT('',(-0.007678402542191,0.0392592579875581,0.0472461982513578));
#10836=CARTESIAN_POINT('',(-0.00718930365091893,0.0393486202174216,0.0472568419027533));
#10837=CARTESIAN_POINT('',(-0.007333091415687,0.0401355922840756,0.0472569292955429));
#10838=CARTESIAN_POINT('',(-0.00728516089060314,0.0398732685104181,0.0472568434894832));
#10839=CARTESIAN_POINT('',(-0.00723723046339282,0.0396109447172237,0.0472567627393968));
#10840=CARTESIAN_POINT('',(-0.00718930015046135,0.0393486209016901,0.0472566870449278));
#10841=CARTESIAN_POINT('',(-0.00733308972393731,0.0401355926217701,0.0472568419027533));
#10842=CARTESIAN_POINT('',(-0.00882445779450559,0.0398342684711668,0.0472408761927273));
#10843=CARTESIAN_POINT('',(-0.00832920893003966,0.0399439806077263,0.0472408763484647));
#10844=CARTESIAN_POINT('',(-0.00783197057199387,0.0400444431511536,0.0472461982518067));
#10845=CARTESIAN_POINT('',(-0.00733308972393736,0.0401355926217701,0.0472568419027533));
#10846=CARTESIAN_POINT('',(-0.00736055164114857,0.0399682982142777,0.0500563045911817));
#10847=CARTESIAN_POINT('',(-0.00659268529852214,0.0394529666320803,0.0473373182591144));
#10848=CARTESIAN_POINT('',(-0.00663672582258678,0.0397159709514846,0.0473376809207735));
#10849=CARTESIAN_POINT('',(-0.00668076644977805,0.0399789752530347,0.0473380440070331));
#10850=CARTESIAN_POINT('',(-0.00672480718050109,0.0402419795366614,0.0473384075177918));
#10851=CARTESIAN_POINT('',(-0.00672475416012127,0.0402419890348754,0.0473381899185721));
#10852=CARTESIAN_POINT('',(-0.00733309142082368,0.0401355923122437,0.0472569292950522));
#10853=CARTESIAN_POINT('',(-0.00712760827041934,0.0401731357155061,0.0472610521094692));
#10854=CARTESIAN_POINT('',(-0.0069248387843269,0.0402085530426709,0.0472882101405219));
#10855=CARTESIAN_POINT('',(-0.00672480728138518,0.0402419801578927,0.0473384075194168));
#10856=CARTESIAN_POINT('',(-0.00681787980267185,0.0400644623701261,0.0478283391360283));
#10857=CARTESIAN_POINT('',(-0.00631595034820231,0.0394982132879343,0.0475267851818855));
#10858=CARTESIAN_POINT('',(-0.0063583162451168,0.0397614928010111,0.0475269762257354));
#10859=CARTESIAN_POINT('',(-0.00640068270952431,0.0400247722224612,0.0475271676942537));
#10860=CARTESIAN_POINT('',(-0.00644304974020004,0.0402880515524763,0.0475273595891133));
#10861=CARTESIAN_POINT('',(-0.00644306935463349,0.040288048324774,0.0475273756474264));
#10862=CARTESIAN_POINT('',(-0.00672471255981928,0.0402419959984492,0.0473380174772608));
#10863=CARTESIAN_POINT('',(-0.00661199244864165,0.0402608322993973,0.0473659710958643));
#10864=CARTESIAN_POINT('',(-0.00651235306476571,0.0402769683981667,0.0474329337247533));
#10865=CARTESIAN_POINT('',(-0.00644304976385666,0.0402880516994861,0.0475273595892209));
#10866=CARTESIAN_POINT('',(-0.00685340775854666,0.0400608530516286,0.0478588182661101));
#10867=CARTESIAN_POINT('',(-0.00620989063902339,0.0395150263689347,0.0478622864151868));
#10868=CARTESIAN_POINT('',(-0.00625105138623319,0.039778496961678,0.0478622885657411));
#10869=CARTESIAN_POINT('',(-0.00629221614054229,0.0400419669284117,0.0478622906692486));
#10870=CARTESIAN_POINT('',(-0.00633338490215197,0.0403054362689794,0.0478622927526495));
#10871=CARTESIAN_POINT('',(-0.00633363650937539,0.0403053969537316,0.047862294963532));
#10872=CARTESIAN_POINT('',(-0.00644318658241699,0.0402880298110148,0.047527465142624));
#10873=CARTESIAN_POINT('',(-0.00637138139028921,0.0402995134763277,0.0476238967899822));
#10874=CARTESIAN_POINT('',(-0.00633279351842437,0.0403055297274638,0.047741517911572));
#10875=CARTESIAN_POINT('',(-0.00633338498325926,0.0403054367877812,0.0478622927608683));
#10876=CARTESIAN_POINT('',(-0.00685115126895167,0.0400620545327209,0.0478674824009034));
#10877=CARTESIAN_POINT('',(-0.0063171208331357,0.0394980255538614,0.0481969189009999));
#10878=CARTESIAN_POINT('',(-0.00635907287322017,0.0397613714142389,0.0481970384937265));
#10879=CARTESIAN_POINT('',(-0.00640102726425495,0.0400247169009056,0.0481971563140379));
#10880=CARTESIAN_POINT('',(-0.00644298399622175,0.0402880620153967,0.0481972723484028));
#10881=CARTESIAN_POINT('',(-0.00644294316297663,0.0402880685075201,0.0481973030338049));
#10882=CARTESIAN_POINT('',(-0.00633388810495392,0.0403053577044173,0.0478622971701149));
#10883=CARTESIAN_POINT('',(-0.00633285421521886,0.0403055201776533,0.0479830717343207));
#10884=CARTESIAN_POINT('',(-0.00637121519237149,0.0402995396930385,0.0481008094393403));
#10885=CARTESIAN_POINT('',(-0.00644298402769672,0.0402880622122589,0.0481972723486343));
#10886=CARTESIAN_POINT('',(-0.00681501273095661,0.0400661051447822,0.0478995807995548));
#10887=CARTESIAN_POINT('',(-0.00659272623298355,0.039452959515375,0.0483870767980853));
#10888=CARTESIAN_POINT('',(-0.00663676596847704,0.0397159639323041,0.0483867157925083));
#10889=CARTESIAN_POINT('',(-0.00668081136552023,0.0399789673704829,0.0483863323980878));
#10890=CARTESIAN_POINT('',(-0.00672486205518843,0.0402419698874978,0.0483859265223199));
#10891=CARTESIAN_POINT('',(-0.00672478167161433,0.040241984437431,0.048386268502321));
#10892=CARTESIAN_POINT('',(-0.00644290237382724,0.0402880752704982,0.0481973337185219));
#10893=CARTESIAN_POINT('',(-0.00651214377391513,0.0402770021284333,0.0482918167549106));
#10894=CARTESIAN_POINT('',(-0.00661198877995546,0.0402608333321011,0.0483585806801547));
#10895=CARTESIAN_POINT('',(-0.0067248623043713,0.0402419709630039,0.0483859265369148));
#10896=CARTESIAN_POINT('',(-0.00735889757168927,0.0399719533154128,0.0456709605927399));
#10897=CARTESIAN_POINT('',(-0.00718928825268011,0.0393486239134297,0.0484683838096009));
#10898=CARTESIAN_POINT('',(-0.00723722460394195,0.0396109461331984,0.0484680238780966));
#10899=CARTESIAN_POINT('',(-0.00728516138053687,0.0398732682508753,0.0484676461875371));
#10900=CARTESIAN_POINT('',(-0.0073330984742148,0.0401355902838326,0.0484672507355687));
#10901=CARTESIAN_POINT('',(-0.00733308972393731,0.0401355926217701,0.0484677408827014));
#10902=CARTESIAN_POINT('',(-0.00672471771365986,0.0402419951302874,0.0483865317565491));
#10903=CARTESIAN_POINT('',(-0.00692480665050026,0.0402085588751136,0.0484365017352683));
#10904=CARTESIAN_POINT('',(-0.00712760877383665,0.0401731356610488,0.0484634031767347));
#10905=CARTESIAN_POINT('',(-0.007333098608668,0.0401355909984586,0.0484672507345603));
#10906=CARTESIAN_POINT('',(-0.00733308972393732,0.0401355926217701,0.0484677408827013));
#10907=CARTESIAN_POINT('',(-0.00783197059303559,0.0400444431473091,0.0484783845340969));
#10908=CARTESIAN_POINT('',(-0.00832920889223032,0.0399439806161021,0.0484837064369899));
#10909=CARTESIAN_POINT('',(-0.00882445779450556,0.0398342684711668,0.0484837065927274));
#10910=CARTESIAN_POINT('',(-0.00718930365091894,0.0393486202174216,0.0484677408827013));
#10911=CARTESIAN_POINT('',(-0.00767840254219092,0.0392592579875581,0.0484783845340968));
#10912=CARTESIAN_POINT('',(-0.00816589107081467,0.0391607653099039,0.0484837064369899));
#10913=CARTESIAN_POINT('',(-0.00865142921029957,0.0390532043834968,0.0484837065927274));
#10914=CARTESIAN_POINT('',(-0.00882445779450556,0.0398342684711668,0.0484837065927274));
#10915=CARTESIAN_POINT('',(-0.00876678159977023,0.0395739137752768,0.0484837065927274));
#10916=CARTESIAN_POINT('',(-0.0087091054050349,0.0393135590793868,0.0484837065927274));
#10917=CARTESIAN_POINT('',(-0.00865142921029957,0.0390532043834968,0.0484837065927274));
#10918=CARTESIAN_POINT('',(-0.00882445779450556,0.0398342684711668,0.0484837065927274));
#10919=CARTESIAN_POINT('',(-0.00733308972393736,0.0401355926217701,0.0484677408827013));
#10920=CARTESIAN_POINT('',(-0.00783197057199374,0.0400444431511536,0.0484783845336479));
#10921=CARTESIAN_POINT('',(-0.00832920893003953,0.0399439806077263,0.0484837064369899));
#10922=CARTESIAN_POINT('',(-0.00882445779450559,0.0398342684711668,0.0484837065927273));
#10923=CARTESIAN_POINT('',(0.,0.,0.0484837065927274));
#10924=CARTESIAN_POINT('',(-0.0110599944322905,0.0384405583096513,0.0484837065927274));
#10925=CARTESIAN_POINT('',(-0.0111337277285058,0.0386968286983823,0.0484837065927274));
#10926=CARTESIAN_POINT('',(-0.0112074610247211,0.0389530990871133,0.0484837065927274));
#10927=CARTESIAN_POINT('',(-0.0112811943209364,0.0392093694758444,0.0484837065927274));
#10928=CARTESIAN_POINT('',(-0.0112811943209364,0.0392093694758444,0.0484837065927274));
#10929=CARTESIAN_POINT('',(0.,0.,0.0484837065927274));
#10930=CARTESIAN_POINT('',(-0.0112813938116691,0.0392093120784596,0.0493381524927274));
#10931=CARTESIAN_POINT('',(-0.0112813938116692,0.0392093120784595,0.0493381524927273));
#10932=CARTESIAN_POINT('',(-0.0112814602069707,0.0392092929750501,0.0496229676260598));
#10933=CARTESIAN_POINT('',(-0.0112815266022236,0.039209273871472,0.0499077827593924));
#10934=CARTESIAN_POINT('',(-0.0112815929974281,0.0392092547677252,0.0501925978927249));
#10935=CARTESIAN_POINT('',(-0.0112813938116691,0.0392093120784596,0.0493381524927274));
#10936=CARTESIAN_POINT('',(-0.011281592997428,0.0392092547677253,0.050192597892725));
#10937=CARTESIAN_POINT('',(-0.0112811943209364,0.0392093694758443,0.0484837065927273));
#10938=CARTESIAN_POINT('',(-0.011281260817896,0.0392093503435519,0.0487685218927273));
#10939=CARTESIAN_POINT('',(-0.0112813273148069,0.0392093312110903,0.0490533371927273));
#10940=CARTESIAN_POINT('',(-0.0112813938116692,0.0392093120784595,0.0493381524927273));
#10941=CARTESIAN_POINT('',(-0.0112814554059492,0.0392087763571584,0.0501928273325379));
#10942=CARTESIAN_POINT('',(-0.00995937403044447,0.0391531702783313,0.0501690599617203));
#10943=CARTESIAN_POINT('',(-0.00865162360491996,0.0390531614601272,0.0501457582513189));
#10944=CARTESIAN_POINT('',(-0.00870930394616472,0.0393135151447694,0.0501456029617336));
#10945=CARTESIAN_POINT('',(-0.00876698428740949,0.0395738688294117,0.0501454476721483));
#10946=CARTESIAN_POINT('',(-0.00882466462865426,0.039834222514054,0.0501452923825631));
#10947=CARTESIAN_POINT('',(-0.00882466046465435,0.0398342235732487,0.0501455215307133));
#10948=CARTESIAN_POINT('',(0.,0.,0.0501690599617205));
#10949=CARTESIAN_POINT('',(-0.00882466046465435,0.0398342235732487,0.0501455215307133));
#10950=CARTESIAN_POINT('',(-0.00829065874921216,0.0399525234521872,0.0501353670554622));
#10951=CARTESIAN_POINT('',(-0.00775423031614888,0.0400600945052663,0.0501299704794447));
#10952=CARTESIAN_POINT('',(-0.00721580752874117,0.0401568440207664,0.0501293318005077));
#10953=CARTESIAN_POINT('',(-0.00865162790652387,0.0390531603659302,0.0501455215307133));
#10954=CARTESIAN_POINT('',(-0.00812809681295405,0.0391691406393989,0.0501353670554622));
#10955=CARTESIAN_POINT('',(-0.00760218658445898,0.0392746024561435,0.0501299704794447));
#10956=CARTESIAN_POINT('',(-0.00707432110660899,0.03936945492232,0.0501293318005077));
#10957=CARTESIAN_POINT('',(-0.0072158071991751,0.0401568440400393,0.0501294416365313));
#10958=CARTESIAN_POINT('',(-0.00716864514982692,0.0398943810237061,0.0501293461798698));
#10959=CARTESIAN_POINT('',(-0.00712148308769704,0.0396319180081204,0.0501292549830307));
#10960=CARTESIAN_POINT('',(-0.00707432102762189,0.0393694549907545,0.0501291680460326));
#10961=CARTESIAN_POINT('',(-0.00721580752874117,0.0401568440207664,0.0501293318005077));
#10962=CARTESIAN_POINT('',(-0.00882466046465438,0.0398342235732487,0.0501455215307133));
#10963=CARTESIAN_POINT('',(-0.00829065878374478,0.039952523444537,0.0501353670561188));
#10964=CARTESIAN_POINT('',(-0.0077542302646522,0.0400600945145198,0.0501299704793836));
#10965=CARTESIAN_POINT('',(-0.00721580752874122,0.0401568440207664,0.0501293318005077));
#10966=CARTESIAN_POINT('',(-0.00718293734514386,0.0400003330924382,0.0521769716136673));
#10967=CARTESIAN_POINT('',(-0.00653659163398801,0.0394622992456202,0.0502035290870338));
#10968=CARTESIAN_POINT('',(-0.00658027897306212,0.0397253623544397,0.0502039262457121));
#10969=CARTESIAN_POINT('',(-0.00662396657012723,0.039988425418988,0.0502043243490038));
#10970=CARTESIAN_POINT('',(-0.00666765442676115,0.0402514884389965,0.0502047233964638));
#10971=CARTESIAN_POINT('',(-0.00666758876360005,0.0402515000972022,0.05020448433325));
#10972=CARTESIAN_POINT('',(-0.00721580720632392,0.0401568440798053,0.0501294416354596));
#10973=CARTESIAN_POINT('',(-0.00702988701073266,0.040190252190375,0.0501288779145333));
#10974=CARTESIAN_POINT('',(-0.00684716129607256,0.0402217539280056,0.0501539710557593));
#10975=CARTESIAN_POINT('',(-0.00666765454676942,0.0402514892003382,0.0502047233993866));
#10976=CARTESIAN_POINT('',(-0.0067413390170637,0.0400773142587734,0.0505728279953281));
#10977=CARTESIAN_POINT('',(-0.00629534993776231,0.0395015017346426,0.0504173618671373));
#10978=CARTESIAN_POINT('',(-0.0063375358672978,0.0397648101757849,0.0504174555581104));
#10979=CARTESIAN_POINT('',(-0.00637972278520156,0.0400281184584191,0.0504175496900246));
#10980=CARTESIAN_POINT('',(-0.00642191068965935,0.0402914265828251,0.050417644267024));
#10981=CARTESIAN_POINT('',(-0.00642207255028172,0.0402914006229203,0.0504177171534104));
#10982=CARTESIAN_POINT('',(-0.00666755034101572,0.0402515064728007,0.0502043410978541));
#10983=CARTESIAN_POINT('',(-0.00655917564217008,0.0402694584409025,0.0502342114419336));
#10984=CARTESIAN_POINT('',(-0.00646765621170221,0.0402841354498349,0.0503136549751438));
#10985=CARTESIAN_POINT('',(-0.0064219107032594,0.040291426667709,0.0504176442670527));
#10986=CARTESIAN_POINT('',(-0.00735228821510932,0.0399819010277611,0.0508433431757357));
#10987=CARTESIAN_POINT('',(-0.00620986564514835,0.0395150300036478,0.0508446115703548));
#10988=CARTESIAN_POINT('',(-0.006251038980829,0.0397784987406167,0.0508446122899842));
#10989=CARTESIAN_POINT('',(-0.00629221648150102,0.0400419668267054,0.0508446129881061));
#10990=CARTESIAN_POINT('',(-0.00633339814719794,0.0403054342617737,0.0508446136853454));
#10991=CARTESIAN_POINT('',(-0.00633355399354251,0.0403054099019803,0.0508446140024186));
#10992=CARTESIAN_POINT('',(-0.00642223466800867,0.0402913750250439,0.0504177895792342));
#10993=CARTESIAN_POINT('',(-0.00636338588658146,0.0403007552133353,0.050552831793291));
#10994=CARTESIAN_POINT('',(-0.00633336768642123,0.0403054395057237,0.0506970075686902));
#10995=CARTESIAN_POINT('',(-0.00633339821699301,0.0403054347082995,0.0508446136862784));
#10996=CARTESIAN_POINT('',(-0.007332005739717,0.0399864575364783,0.0508472510017571));
#10997=CARTESIAN_POINT('',(-0.00629817555884881,0.0395010508212415,0.0512708672074724));
#10998=CARTESIAN_POINT('',(-0.00633996637348116,0.0397644223938954,0.0512709549364841));
#10999=CARTESIAN_POINT('',(-0.00638175880403858,0.0400277937103831,0.0512710419367697));
#11000=CARTESIAN_POINT('',(-0.00642355284819086,0.0402911647710517,0.0512711282030627));
#11001=CARTESIAN_POINT('',(-0.00642362393484343,0.0402911535642569,0.0512710958718301));
#11002=CARTESIAN_POINT('',(-0.00633370986541256,0.0403053857316734,0.0508446143190173));
#11003=CARTESIAN_POINT('',(-0.00633341719878024,0.0403054317221906,0.0509922148097656));
#11004=CARTESIAN_POINT('',(-0.00636381891044037,0.0403006881791583,0.0511364910831104));
#11005=CARTESIAN_POINT('',(-0.00642355286793526,0.0402911648944634,0.0512711282034556));
#11006=CARTESIAN_POINT('',(-0.00675447956948793,0.0400761007886176,0.0511098367730188));
#11007=CARTESIAN_POINT('',(-0.00654148537905727,0.0394614876619086,0.0514901755950518));
#11008=CARTESIAN_POINT('',(-0.00658518561615444,0.039724548837185,0.0514898639317461));
#11009=CARTESIAN_POINT('',(-0.00662889147296227,0.0399876090566338,0.0514895334712543));
#11010=CARTESIAN_POINT('',(-0.00667260262788692,0.0402506683706327,0.0514891841179312));
#11011=CARTESIAN_POINT('',(-0.00667251803982517,0.0402506832612917,0.0514894860732567));
#11012=CARTESIAN_POINT('',(-0.00642362588505526,0.0402911532533986,0.0512710949848155));
#11013=CARTESIAN_POINT('',(-0.00647043376696817,0.0402836906642791,0.0513766232325689));
#11014=CARTESIAN_POINT('',(-0.00656283177545423,0.0402688666330699,0.0514575289488736));
#11015=CARTESIAN_POINT('',(-0.00667260280376518,0.0402506692096316,0.0514891841270436));
#11016=CARTESIAN_POINT('',(-0.00723239490000208,0.039994205520533,0.0494855138175667));
#11017=CARTESIAN_POINT('',(-0.00708539566986142,0.039367464390893,0.0515767468267886));
#11018=CARTESIAN_POINT('',(-0.00713263901559423,0.0396299121828722,0.0515763465854465));
#11019=CARTESIAN_POINT('',(-0.0071798827638322,0.0398923598737309,0.051575927547481));
#11020=CARTESIAN_POINT('',(-0.00722712677822744,0.0401548074853154,0.0515754897103622));
#11021=CARTESIAN_POINT('',(-0.00722711892372026,0.0401548098247571,0.051576044488429));
#11022=CARTESIAN_POINT('',(-0.00667245801666992,0.0402506932157397,0.0514896915708808));
#11023=CARTESIAN_POINT('',(-0.00685368978577389,0.040220649972406,0.0515440823043833));
#11024=CARTESIAN_POINT('',(-0.00703858932871664,0.0401887416842635,0.0515726773163066));
#11025=CARTESIAN_POINT('',(-0.00722712694747917,0.0401548083806288,0.051575489708983));
#11026=CARTESIAN_POINT('',(-0.00722711892372026,0.0401548098247571,0.051576044488429));
#11027=CARTESIAN_POINT('',(-0.00776158238350698,0.0400586163425536,0.051585869662312));
#11028=CARTESIAN_POINT('',(-0.00829417047266487,0.0399517426528235,0.0515907823631225));
#11029=CARTESIAN_POINT('',(-0.00882445779450554,0.0398342684711668,0.0515907825927274));
#11030=CARTESIAN_POINT('',(-0.00708541070952967,0.0393674606125069,0.051576044488429));
#11031=CARTESIAN_POINT('',(-0.00760939449363329,0.0392731532770135,0.051585869662312));
#11032=CARTESIAN_POINT('',(-0.00813153967908396,0.0391683751498268,0.0515907823631225));
#11033=CARTESIAN_POINT('',(-0.00865142921029955,0.0390532043834968,0.0515907825927274));
#11034=CARTESIAN_POINT('',(-0.00865142921029955,0.0390532043834968,0.0515907825927274));
#11035=CARTESIAN_POINT('',(-0.00870910540503488,0.0393135590793868,0.0515907825927274));
#11036=CARTESIAN_POINT('',(-0.00876678159977021,0.0395739137752768,0.0515907825927274));
#11037=CARTESIAN_POINT('',(-0.00882445779450554,0.0398342684711668,0.0515907825927274));
#11038=CARTESIAN_POINT('',(-0.00882445779450554,0.0398342684711668,0.0515907825927274));
#11039=CARTESIAN_POINT('',(-0.00722711892372031,0.040154809824757,0.0515760444884289));
#11040=CARTESIAN_POINT('',(-0.00776158234965589,0.0400586163486461,0.0515858696616896));
#11041=CARTESIAN_POINT('',(-0.00829417052169078,0.0399517426419628,0.0515907823631224));
#11042=CARTESIAN_POINT('',(-0.00882445779450559,0.0398342684711668,0.0515907825927273));
#11043=CARTESIAN_POINT('',(-0.00882445779450554,0.0398342684711668,0.0515907825927273));
#11044=CARTESIAN_POINT('',(-0.00936189110522234,0.0397152112435635,0.0515907823515354));
#11045=CARTESIAN_POINT('',(-0.00989687135263997,0.0395852857688093,0.0515956150968877));
#11046=CARTESIAN_POINT('',(-0.0104289620296952,0.0394446035723922,0.0516052808307585));
#11047=CARTESIAN_POINT('',(-0.00865142921029955,0.0390532043834968,0.0515907825927273));
#11048=CARTESIAN_POINT('',(-0.00917832461296231,0.038936481611337,0.0515907823515354));
#11049=CARTESIAN_POINT('',(-0.00970281505160883,0.0388091036949108,0.0515956150968877));
#11050=CARTESIAN_POINT('',(-0.0102244725781325,0.0386711799729335,0.0516052808307585));
#11051=CARTESIAN_POINT('',(-0.0104289602690046,0.0394446039937785,0.0516053967279888));
#11052=CARTESIAN_POINT('',(-0.0103607988261116,0.0391867957108837,0.0516052985863181));
#11053=CARTESIAN_POINT('',(-0.0102926373030704,0.0389289874471708,0.0516052057203923));
#11054=CARTESIAN_POINT('',(-0.0102244756794722,0.0386711792082517,0.0516051181298382));
#11055=CARTESIAN_POINT('',(-0.0104289620296952,0.0394446035723922,0.0516052808307585));
#11056=CARTESIAN_POINT('',(-0.00882445779450559,0.0398342684711668,0.0515907825927273));
#11057=CARTESIAN_POINT('',(-0.00936189105348587,0.0397152112550246,0.0515907823515354));
#11058=CARTESIAN_POINT('',(-0.00989687138886904,0.0395852857592305,0.0515956150975458));
#11059=CARTESIAN_POINT('',(-0.0104289620296952,0.0394446035723922,0.0516052808307585));
#11060=CARTESIAN_POINT('',(-0.0103569203453816,0.0392984043681895,0.0535717541013874));
#11061=CARTESIAN_POINT('',(-0.0107463217838366,0.0385294259486869,0.0516920078326896));
#11062=CARTESIAN_POINT('',(-0.0108178428242313,0.0387863218681816,0.0516924094821379));
#11063=CARTESIAN_POINT('',(-0.0108893636925961,0.0390432178346657,0.0516928117101009));
#11064=CARTESIAN_POINT('',(-0.0109608843881734,0.0393001138483478,0.0516932145163358));
#11065=CARTESIAN_POINT('',(-0.0109609563585311,0.0393000946016779,0.0516929740218397));
#11066=CARTESIAN_POINT('',(-0.0104289602802513,0.0394446040362402,0.0516053967267448));
#11067=CARTESIAN_POINT('',(-0.0106106505884767,0.0393965660078689,0.0516083315939357));
#11068=CARTESIAN_POINT('',(-0.010787944008696,0.0393483481100093,0.0516376030869963));
#11069=CARTESIAN_POINT('',(-0.0109608846083355,0.0393001146130995,0.0516932145197021));
#11070=CARTESIAN_POINT('',(-0.0108092407720404,0.0391765392730642,0.0520627510007289));
#11071=CARTESIAN_POINT('',(-0.0109790638143666,0.0384637519612118,0.0519171088139227));
#11072=CARTESIAN_POINT('',(-0.0110520719332439,0.0387202296750786,0.0519171834264041));
#11073=CARTESIAN_POINT('',(-0.0111250788145943,0.0389767077410656,0.0519172585554333));
#11074=CARTESIAN_POINT('',(-0.0111980844607304,0.0392331861584978,0.0519173342069713));
#11075=CARTESIAN_POINT('',(-0.011197916602384,0.0392332339178561,0.0519174050899146));
#11076=CARTESIAN_POINT('',(-0.010960998785291,0.0393000827803458,0.0516928284119887));
#11077=CARTESIAN_POINT('',(-0.0110677663759678,0.0392703047404812,0.0517263551206244));
#11078=CARTESIAN_POINT('',(-0.0111561188135593,0.0392451642576274,0.0518100705119272));
#11079=CARTESIAN_POINT('',(-0.0111980844884538,0.0392331862558914,0.0519173342069981));
#11080=CARTESIAN_POINT('',(-0.0100761963933344,0.0393879086516719,0.0523665600727894));
#11081=CARTESIAN_POINT('',(-0.0112811942234007,0.0392093691368454,0.0523675515927274));
#11082=CARTESIAN_POINT('',(-0.0112074609596973,0.038953098861114,0.0523675515927274));
#11083=CARTESIAN_POINT('',(-0.0111337276959939,0.0386968285853827,0.0523675515927274));
#11084=CARTESIAN_POINT('',(-0.0110599944322905,0.0384405583096513,0.0523675515927274));
#11085=CARTESIAN_POINT('',(-0.0112813174098184,0.0392093336940434,0.0523675515790525));
#11086=CARTESIAN_POINT('',(-0.0111977486009259,0.0392332821189816,0.0519174753136225));
#11087=CARTESIAN_POINT('',(-0.0112535443356114,0.0392173572058398,0.0520618904099354));
#11088=CARTESIAN_POINT('',(-0.011281424738503,0.0392093031801098,0.0522119158114297));
#11089=CARTESIAN_POINT('',(-0.0112814406940922,0.0392092985893102,0.0523675515663782));
#11090=CARTESIAN_POINT('',(-0.0110599944322905,0.0384405583096513,0.0527559360927274));
#11091=CARTESIAN_POINT('',(-0.0110599944322905,0.0384405583096513,0.0531443205927274));
#11092=CARTESIAN_POINT('',(-0.0112811943209364,0.0392093694758444,0.0531443205927274));
#11093=CARTESIAN_POINT('',(-0.0112811943209364,0.0392093694758444,0.0528162948329624));
#11094=CARTESIAN_POINT('',(0.,0.,0.0531443205927274));
#11095=CARTESIAN_POINT('',(-0.00219437979288947,0.0399397633608983,0.0531443205927274));
#11096=CARTESIAN_POINT('',(-0.00223826738874726,0.0407385586281164,0.0531443205927274));
#11097=CARTESIAN_POINT('',(0.,0.,0.0531443205927274));
#11098=CARTESIAN_POINT('',(-0.00219437979288947,0.0399397633608983,0.0512800749927274));
#11099=CARTESIAN_POINT('',(-0.00223826738874726,0.0407385586281164,0.0528162948329624));
#11100=CARTESIAN_POINT('',(0.,0.,0.0528162948329624));
#11101=CARTESIAN_POINT('',(0.,0.,0.0456873381927274));
#11102=CARTESIAN_POINT('',(-0.0212402254098788,0.0338947315159383,0.0456873381927274));
#11103=CARTESIAN_POINT('',(-0.0216650299180763,0.0345726261462571,0.0456873381927274));
#11104=CARTESIAN_POINT('',(0.,0.,0.0456873381927274));
#11105=CARTESIAN_POINT('',(-0.0139925021008508,0.0383255774249741,0.0456873381927274));
#11106=CARTESIAN_POINT('',(-0.0137181393145596,0.0375740955146805,0.0456873381927274));
#11107=CARTESIAN_POINT('',(-0.0212402254098788,0.0338947315159383,0.0460757226927274));
#11108=CARTESIAN_POINT('',(-0.0212402255502898,0.0338947317400035,0.0464641071927274));
#11109=CARTESIAN_POINT('',(-0.021381826962214,0.0341206964718663,0.0464641071927274));
#11110=CARTESIAN_POINT('',(-0.0215234283741382,0.0343466612037291,0.0464641071927274));
#11111=CARTESIAN_POINT('',(-0.0216650297860624,0.0345726259355919,0.0464641071927274));
#11112=CARTESIAN_POINT('',(-0.0216650230349341,0.0345726301662048,0.0464641071991957));
#11113=CARTESIAN_POINT('',(-0.0216650299180763,0.0345726261462571,0.0528162948329624));
#11114=CARTESIAN_POINT('',(-0.0204363036786688,0.0351536735451699,0.0464657931359149));
#11115=CARTESIAN_POINT('',(-0.0211762302560519,0.0339347505552612,0.0469127367835384));
#11116=CARTESIAN_POINT('',(-0.0213175613241942,0.034160884585249,0.0469128003279509));
#11117=CARTESIAN_POINT('',(-0.0214588913021563,0.0343870192967124,0.0469128634238396));
#11118=CARTESIAN_POINT('',(-0.0216002201908703,0.0346131546890534,0.0469129260680428));
#11119=CARTESIAN_POINT('',(-0.0216001499328816,0.0346131986801302,0.0469128969208081));
#11120=CARTESIAN_POINT('',(-0.0216650164158942,0.034572634607422,0.0464641072056639));
#11121=CARTESIAN_POINT('',(-0.0216651223359496,0.0345725682323897,0.0466180724055789));
#11122=CARTESIAN_POINT('',(-0.0216435490193035,0.0345861156296447,0.0467676786898845));
#11123=CARTESIAN_POINT('',(-0.021600220256555,0.034613154795082,0.0469129260694721));
#11124=CARTESIAN_POINT('',(-0.0212256886381479,0.0346580249972626,0.0467928545067583));
#11125=CARTESIAN_POINT('',(-0.0209896017315611,0.0340505012846497,0.0471356926736959));
#11126=CARTESIAN_POINT('',(-0.0211294629230218,0.0342775471614498,0.0471354584156165));
#11127=CARTESIAN_POINT('',(-0.0212693192963184,0.034504595990004,0.0471352084030782));
#11128=CARTESIAN_POINT('',(-0.0214091710743987,0.0347316476304129,0.0471349425441524));
#11129=CARTESIAN_POINT('',(-0.0214092458683804,0.0347316021994318,0.0471352000045207));
#11130=CARTESIAN_POINT('',(-0.0216001512166341,0.034613199017323,0.0469128972426288));
#11131=CARTESIAN_POINT('',(-0.0215690891813888,0.0346325830869104,0.0470164946798074));
#11132=CARTESIAN_POINT('',(-0.0214977287027459,0.0346770598941823,0.0470995758866053));
#11133=CARTESIAN_POINT('',(-0.021409171346267,0.034731648136335,0.0471349425550877));
#11134=CARTESIAN_POINT('',(-0.0208785871361091,0.0348694301804654,0.045651443713135));
#11135=CARTESIAN_POINT('',(-0.0205742318879907,0.0343030766781124,0.0472259760175826));
#11136=CARTESIAN_POINT('',(-0.0207113851399902,0.0345317680487672,0.0472255643406548));
#11137=CARTESIAN_POINT('',(-0.0208485379457517,0.0347604596524438,0.047225133442538));
#11138=CARTESIAN_POINT('',(-0.0209856904449724,0.0349891514021217,0.0472246833196391));
#11139=CARTESIAN_POINT('',(-0.0209856997843094,0.0349891469539176,0.0472252690392718));
#11140=CARTESIAN_POINT('',(-0.0214092903767212,0.0347315747671118,0.0471353482771154));
#11141=CARTESIAN_POINT('',(-0.0212727220011187,0.0348157584538337,0.0471919183104953));
#11142=CARTESIAN_POINT('',(-0.0211315521193836,0.034901668068907,0.0472216931635839));
#11143=CARTESIAN_POINT('',(-0.020985690941757,0.0349891522574791,0.0472246833182138));
#11144=CARTESIAN_POINT('',(-0.0209856997843094,0.0349891469539176,0.0472252690392718));
#11145=CARTESIAN_POINT('',(-0.0205793781201532,0.0352328495074858,0.0472356738408862));
#11146=CARTESIAN_POINT('',(-0.0201687599941263,0.0354695041010862,0.0472408762250714));
#11147=CARTESIAN_POINT('',(-0.0197540913970537,0.0356989617927027,0.0472408761927274));
#11148=CARTESIAN_POINT('',(-0.0205742154748131,0.0343030852489388,0.0472252690392718));
#11149=CARTESIAN_POINT('',(-0.0201758609021115,0.0345420093210642,0.0472356738408862));
#11150=CARTESIAN_POINT('',(-0.0197732941118882,0.0347740236285161,0.0472408762250714));
#11151=CARTESIAN_POINT('',(-0.0193667562716213,0.0349989821497085,0.0472408761927274));
#11152=CARTESIAN_POINT('',(-0.0197540913970537,0.0356989617927027,0.0472408761927274));
#11153=CARTESIAN_POINT('',(-0.0196249796885762,0.035465635245038,0.0472408761927274));
#11154=CARTESIAN_POINT('',(-0.0194958679800987,0.0352323086973733,0.0472408761927274));
#11155=CARTESIAN_POINT('',(-0.0193667562716212,0.0349989821497085,0.0472408761927274));
#11156=CARTESIAN_POINT('',(-0.0197540913970537,0.0356989617927027,0.0472408761927274));
#11157=CARTESIAN_POINT('',(-0.0209856997843094,0.0349891469539176,0.0472252690392717));
#11158=CARTESIAN_POINT('',(-0.0205793781318704,0.035232849500458,0.0472356738405861));
#11159=CARTESIAN_POINT('',(-0.0201687599686301,0.0354695041151946,0.0472408762250713));
#11160=CARTESIAN_POINT('',(-0.0197540913970537,0.0356989617927027,0.0472408761927273));
#11161=CARTESIAN_POINT('',(0.,0.,0.0472408761927274));
#11162=CARTESIAN_POINT('',(-0.0174360431647795,0.0359997833154027,0.0472408761927274));
#11163=CARTESIAN_POINT('',(-0.0177847640280751,0.0367197789817107,0.0472408761927274));
#11164=CARTESIAN_POINT('',(0.,0.,0.0472408761927274));
#11165=CARTESIAN_POINT('',(-0.0174360431647795,0.0359997833154027,0.0516684594927273));
#11166=CARTESIAN_POINT('',(-0.0174360431647795,0.0359997833154027,0.0531443205927274));
#11167=CARTESIAN_POINT('',(-0.0177847640280751,0.0367197789817107,0.0531443205927274));
#11168=CARTESIAN_POINT('',(-0.0177847640280751,0.0367197789817107,0.0528162948329624));
#11169=CARTESIAN_POINT('',(0.,0.,0.0531443205927274));
#11170=CARTESIAN_POINT('',(-0.0137181393145596,0.0375740955146805,0.0531443205927274));
#11171=CARTESIAN_POINT('',(-0.0139925021008508,0.0383255774249741,0.0531443205927274));
#11172=CARTESIAN_POINT('',(0.,0.,0.0531443205927274));
#11173=CARTESIAN_POINT('',(-0.0137181393145596,0.0375740955146805,0.0512800749927274));
#11174=CARTESIAN_POINT('',(-0.0139925021008508,0.0383255774249741,0.0528162948329624));
#11175=CARTESIAN_POINT('',(0.,0.,0.0528162948329624));
#11176=CARTESIAN_POINT('',(0.,0.,0.0456873381927274));
#11177=CARTESIAN_POINT('',(-0.0287105497209522,0.0278514691662888,0.0456873381927274));
#11178=CARTESIAN_POINT('',(-0.0292847607153712,0.0284084985496146,0.0456873381927274));
#11179=CARTESIAN_POINT('',(0.,0.,0.0456873381927274));
#11180=CARTESIAN_POINT('',(-0.0229911015985449,0.0337053296569753,0.0456873381927274));
#11181=CARTESIAN_POINT('',(-0.022540295684848,0.0330444408401719,0.0456873381927274));
#11182=CARTESIAN_POINT('',(-0.0287105497209522,0.0278514691662888,0.0460757226927274));
#11183=CARTESIAN_POINT('',(-0.0287105499090871,0.0278514693487944,0.0464641071927274));
#11184=CARTESIAN_POINT('',(-0.0289019535111818,0.0280371457490678,0.0464641071927274));
#11185=CARTESIAN_POINT('',(-0.0290933571132765,0.0282228221493412,0.0464641071927274));
#11186=CARTESIAN_POINT('',(-0.0292847607153712,0.0284084985496146,0.0464641071927274));
#11187=CARTESIAN_POINT('',(-0.0292847581619623,0.0284085010389992,0.0464641071952573));
#11188=CARTESIAN_POINT('',(-0.0292847607153712,0.0284084985496146,0.0528162948329624));
#11189=CARTESIAN_POINT('',(-0.0281715940446275,0.0293260684516415,0.0464655553736856));
#11190=CARTESIAN_POINT('',(-0.0286613860669173,0.0279020603018253,0.0469116682183565));
#11191=CARTESIAN_POINT('',(-0.0288525843966117,0.0280879481005061,0.046911724765462));
#11192=CARTESIAN_POINT('',(-0.029043781901843,0.0282738367473206,0.0469117809275412));
#11193=CARTESIAN_POINT('',(-0.029234978583218,0.0284597262416291,0.0469118367018962));
#11194=CARTESIAN_POINT('',(-0.0292349213380396,0.0284597852126801,0.0469118097421614));
#11195=CARTESIAN_POINT('',(-0.0292847545102744,0.0284085049461066,0.0464641071984603));
#11196=CARTESIAN_POINT('',(-0.029284818348691,0.0284084391386182,0.0466171628686758));
#11197=CARTESIAN_POINT('',(-0.029268256390961,0.0284255421021461,0.0467664060341864));
#11198=CARTESIAN_POINT('',(-0.0292349786663317,0.0284597263229837,0.0469118367031179));
#11199=CARTESIAN_POINT('',(-0.0288857652949044,0.0285887903802816,0.0468014559644659));
#11200=CARTESIAN_POINT('',(-0.0285151982199503,0.0280514435418609,0.0471335296609077));
#11201=CARTESIAN_POINT('',(-0.0287052461961566,0.028238507116383,0.0471333275251284));
#11202=CARTESIAN_POINT('',(-0.0288952902128817,0.0284255746977818,0.0471331107917948));
#11203=CARTESIAN_POINT('',(-0.0290853304361201,0.0286126461147003,0.0471328793710723));
#11204=CARTESIAN_POINT('',(-0.0290853879402379,0.0286125882848653,0.0471331014471226));
#11205=CARTESIAN_POINT('',(-0.0292349247531937,0.0284597852549856,0.046911810518834));
#11206=CARTESIAN_POINT('',(-0.0292115311400383,0.0284838160238117,0.0470133670210531));
#11207=CARTESIAN_POINT('',(-0.0291557359784872,0.0285410780889688,0.0470960053775689));
#11208=CARTESIAN_POINT('',(-0.0290853307302847,0.0286126464401662,0.0471328793800883));
#11209=CARTESIAN_POINT('',(-0.0286223754507016,0.0288536662579577,0.0458282985877211));
#11210=CARTESIAN_POINT('',(-0.0281915753667565,0.0283766658579117,0.0472252612864352));
#11211=CARTESIAN_POINT('',(-0.0283795113145437,0.0285658505160909,0.0472248484921655));
#11212=CARTESIAN_POINT('',(-0.028567446840797,0.0287550355508746,0.0472244163817265));
#11213=CARTESIAN_POINT('',(-0.0287553820684135,0.0289442208362195,0.0472239649507815));
#11214=CARTESIAN_POINT('',(-0.0287553912709422,0.0289442131151466,0.0472245603152361));
#11215=CARTESIAN_POINT('',(-0.0290854166631529,0.0286125590899428,0.0471332092439183));
#11216=CARTESIAN_POINT('',(-0.0289797139763572,0.028720008643064,0.0471904750524463));
#11217=CARTESIAN_POINT('',(-0.0288697448318398,0.0288306056233355,0.0472207238173108));
#11218=CARTESIAN_POINT('',(-0.0287553827668043,0.0289442215638039,0.0472239649494223));
#11219=CARTESIAN_POINT('',(-0.0287553912709422,0.0289442131151466,0.0472245603152362));
#11220=CARTESIAN_POINT('',(-0.0284464100713789,0.0292511786302726,0.0472354374919003));
#11221=CARTESIAN_POINT('',(-0.0281324630276809,0.0295532459183706,0.0472408761175738));
#11222=CARTESIAN_POINT('',(-0.0278137063944573,0.0298502552183884,0.0472408761927274));
#11223=CARTESIAN_POINT('',(-0.0281915600695512,0.0283766795246535,0.0472245603152362));
#11224=CARTESIAN_POINT('',(-0.0278886373248815,0.0286776261081101,0.0472354374919003));
#11225=CARTESIAN_POINT('',(-0.0275808461055694,0.0289737705082066,0.0472408761175738));
#11226=CARTESIAN_POINT('',(-0.0272683396024091,0.0292649560964593,0.0472408761927274));
#11227=CARTESIAN_POINT('',(-0.0278137063944573,0.0298502552183884,0.0472408761927274));
#11228=CARTESIAN_POINT('',(-0.0276319174637746,0.0296551555110787,0.0472408761927274));
#11229=CARTESIAN_POINT('',(-0.0274501285330918,0.029460055803769,0.0472408761927274));
#11230=CARTESIAN_POINT('',(-0.0272683396024091,0.0292649560964593,0.0472408761927274));
#11231=CARTESIAN_POINT('',(-0.0278137063944573,0.0298502552183884,0.0472408761927274));
#11232=CARTESIAN_POINT('',(-0.0287553912709422,0.0289442131151465,0.0472245603152361));
#11233=CARTESIAN_POINT('',(-0.0284464100758341,0.0292511786258464,0.0472354374917434));
#11234=CARTESIAN_POINT('',(-0.028132463011712,0.02955324593325,0.0472408761175738));
#11235=CARTESIAN_POINT('',(-0.0278137063944573,0.0298502552183884,0.0472408761927273));
#11236=CARTESIAN_POINT('',(0.,0.,0.0472408761927274));
#11237=CARTESIAN_POINT('',(-0.0257566307463485,0.0306038555184842,0.0472408761927274));
#11238=CARTESIAN_POINT('',(-0.0262717633612755,0.0312159326288539,0.0472408761927274));
#11239=CARTESIAN_POINT('',(0.,0.,0.0472408761927274));
#11240=CARTESIAN_POINT('',(-0.0257566307463485,0.0306038555184842,0.0516684594927273));
#11241=CARTESIAN_POINT('',(-0.0257566307463485,0.0306038555184842,0.0531443205927274));
#11242=CARTESIAN_POINT('',(-0.0262717633612755,0.0312159326288539,0.0531443205927274));
#11243=CARTESIAN_POINT('',(-0.0262717633612755,0.0312159326288539,0.0528162948329624));
#11244=CARTESIAN_POINT('',(0.,0.,0.0531443205927274));
#11245=CARTESIAN_POINT('',(-0.022540295684848,0.0330444408401719,0.0531443205927274));
#11246=CARTESIAN_POINT('',(-0.0229911015985449,0.0337053296569753,0.0531443205927274));
#11247=CARTESIAN_POINT('',(0.,0.,0.0531443205927274));
#11248=CARTESIAN_POINT('',(-0.022540295684848,0.0330444408401719,0.0512800749927274));
#11249=CARTESIAN_POINT('',(-0.0229911015985449,0.0337053296569753,0.0528162948329624));
#11250=CARTESIAN_POINT('',(0.,0.,0.0528162948329624));
#11251=CARTESIAN_POINT('',(-0.0311181017069587,0.0257647763253998,0.0457039374355497));
#11252=CARTESIAN_POINT('',(-0.0301769140300981,0.0262457564863771,0.045658155603957));
#11253=CARTESIAN_POINT('',(-0.0307853988257069,0.0267749737468062,0.0456576858129213));
#11254=CARTESIAN_POINT('',(-0.0314201018426012,0.0247543388663582,0.0457497276514853));
#11255=CARTESIAN_POINT('',(-0.0316295596049062,0.0249193787089974,0.0457500322347625));
#11256=CARTESIAN_POINT('',(-0.0318390173672112,0.0250844185516365,0.0457503368180398));
#11257=CARTESIAN_POINT('',(-0.0320484751295162,0.0252494583942757,0.045750641401317));
#11258=CARTESIAN_POINT('',(-0.0320484887968804,0.0252494418833466,0.0457501890639641));
#11259=CARTESIAN_POINT('',(0.,0.,0.0457039374355497));
#11260=CARTESIAN_POINT('',(-0.0323317762378046,0.0242242894271646,0.0457964405254528));
#11261=CARTESIAN_POINT('',(-0.0328999423238521,0.0234251037401464,0.0458426726259236));
#11262=CARTESIAN_POINT('',(-0.0332362121913959,0.0236641965671457,0.0458431578019857));
#11263=CARTESIAN_POINT('',(0.,0.,0.0457964405254547));
#11264=CARTESIAN_POINT('',(-0.0329253014664678,0.0234112050809477,0.0476680991427274));
#11265=CARTESIAN_POINT('',(-0.0326143812537404,0.0231581987649284,0.0494935026205861));
#11266=CARTESIAN_POINT('',(-0.0328317098069527,0.0233127280081754,0.0494935050686632));
#11267=CARTESIAN_POINT('',(-0.0330490383601649,0.0234672572514225,0.0494935075167403));
#11268=CARTESIAN_POINT('',(-0.0332663669133772,0.0236217864946695,0.0494935099648174));
#11269=CARTESIAN_POINT('',(-0.033266516184459,0.0236215765612045,0.0494935063926969));
#11270=CARTESIAN_POINT('',(0.,0.,0.0476680991427305));
#11271=CARTESIAN_POINT('',(-0.0329554331232651,0.0233687703497206,0.0513189134427274));
#11272=CARTESIAN_POINT('',(-0.0329704853285513,0.0233475432189283,0.0531443205927274));
#11273=CARTESIAN_POINT('',(-0.0332967699762659,0.0235789123826278,0.0531443205927274));
#11274=CARTESIAN_POINT('',(0.,0.,0.0513189134427498));
#11275=CARTESIAN_POINT('',(0.,0.,0.0531443205927274));
#11276=CARTESIAN_POINT('',(-0.0301817635546147,0.0262499742615747,0.0531443205927274));
#11277=CARTESIAN_POINT('',(-0.0307853988257069,0.0267749737468062,0.0531443205927274));
#11278=CARTESIAN_POINT('',(0.,0.,0.0531443205927274));
#11279=CARTESIAN_POINT('',(-0.0301817635546147,0.0262499742615747,0.0512726619754528));
#11280=CARTESIAN_POINT('',(-0.0307853988257069,0.0267749737468062,0.0528162948329624));
#11281=CARTESIAN_POINT('',(0.,0.,0.0528162948329624));
#11282=CARTESIAN_POINT('',(0.0266387670462364,0.0309033346138624,0.0591071611003739));
#11283=CARTESIAN_POINT('',(0.0266544360438085,0.0308898278909995,0.0584648372191525));
#11284=CARTESIAN_POINT('',(0.0266685365049748,0.0308776526846962,0.0578224559881608));
#11285=CARTESIAN_POINT('',(0.0266810739411732,0.0308668154066086,0.0571800174073679));
#11286=CARTESIAN_POINT('',(0.0261164382806239,0.0302973868763357,0.0591071611003739));
#11287=CARTESIAN_POINT('',(0.0261318000429495,0.030284144991176,0.0584648372191531));
#11288=CARTESIAN_POINT('',(0.0261456240244851,0.0302722085144081,0.057822455988161));
#11289=CARTESIAN_POINT('',(0.0261579156286012,0.0302615837319692,0.0571800174073679));
#11290=CARTESIAN_POINT('',(0.0261162288799007,0.0302975675950798,0.0591071533747793));
#11291=CARTESIAN_POINT('',(0.0262904570582055,0.0304994478303202,0.0591071580383907));
#11292=CARTESIAN_POINT('',(0.0264646822819465,0.0307013306154327,0.0591071625929969));
#11293=CARTESIAN_POINT('',(0.0266389045514656,0.0309032159499715,0.0591071670204144));
#11294=CARTESIAN_POINT('',(0.0266387670462364,0.0309033346138625,0.0591071611003738));
#11295=CARTESIAN_POINT('',(0.0261579156286012,0.0302615837319692,0.0571800174073679));
#11296=CARTESIAN_POINT('',(0.0263323017327919,0.0304633276235157,0.0571800174073679));
#11297=CARTESIAN_POINT('',(0.0265066878369825,0.0306650715150621,0.0571800174073679));
#11298=CARTESIAN_POINT('',(0.0266810739411732,0.0308668154066086,0.0571800174073679));
#11299=CARTESIAN_POINT('',(0.0266810739411732,0.0308668154066086,0.0571800174073678));
#11300=CARTESIAN_POINT('',(0.0266387670462365,0.0309033346138624,0.0591071611003738));
#11301=CARTESIAN_POINT('',(0.0266544360438081,0.0308898278909998,0.0584648372191695));
#11302=CARTESIAN_POINT('',(0.0266685365049747,0.0308776526846963,0.0578224559881675));
#11303=CARTESIAN_POINT('',(0.0266810739411733,0.0308668154066085,0.0571800174073679));
#11304=CARTESIAN_POINT('',(0.0266810739411732,0.0308668154066086,0.0571800174073677));
#11305=CARTESIAN_POINT('',(0.0266957319888681,0.0308541450857727,0.0564289106142478));
#11306=CARTESIAN_POINT('',(0.026705980792691,0.0308452694884583,0.0556777029071212));
#11307=CARTESIAN_POINT('',(0.0267118317313655,0.0308402017755269,0.0549263942858782));
#11308=CARTESIAN_POINT('',(0.0261579156286012,0.0302615837319693,0.0571800174073677));
#11309=CARTESIAN_POINT('',(0.0261722862635962,0.0302491618487968,0.0564289106142489));
#11310=CARTESIAN_POINT('',(0.0261823341104813,0.0302404602828023,0.0556777029071209));
#11311=CARTESIAN_POINT('',(0.0261880703248682,0.0302354919367911,0.0549263942858782));
#11312=CARTESIAN_POINT('',(0.0267118326854016,0.0308402009491985,0.0549263942988167));
#11313=CARTESIAN_POINT('',(0.0265372452238579,0.0306386312853546,0.0549263942944242));
#11314=CARTESIAN_POINT('',(0.0263626574430973,0.0304370618979969,0.0549263942857025));
#11315=CARTESIAN_POINT('',(0.0261880693431205,0.0302354927871269,0.0549263942726938));
#11316=CARTESIAN_POINT('',(0.0267118317313654,0.030840201775527,0.0549263942858782));
#11317=CARTESIAN_POINT('',(0.0266810739411731,0.0308668154066086,0.0571800174073677));
#11318=CARTESIAN_POINT('',(0.0266957319888676,0.0308541450857732,0.0564289106142762));
#11319=CARTESIAN_POINT('',(0.0267059807926911,0.0308452694884582,0.055677702907113));
#11320=CARTESIAN_POINT('',(0.0267118317313654,0.030840201775527,0.0549263942858782));
#11321=CARTESIAN_POINT('',(-0.164814086834611,0.196253812121771,0.0523434788416179));
#11322=CARTESIAN_POINT('',(0.0261979336052937,0.0302269465014794,0.0523421397502668));
#11323=CARTESIAN_POINT('',(0.0263725867083038,0.030428459071491,0.0523421397502461));
#11324=CARTESIAN_POINT('',(0.0265472394922048,0.030629971918078,0.0523421397502466));
#11325=CARTESIAN_POINT('',(0.0267218919569959,0.0308314850412392,0.052342139750226));
#11326=CARTESIAN_POINT('',(0.0267218919569959,0.0308314850412392,0.052342139750226));
#11327=CARTESIAN_POINT('',(0.0267218921206558,0.0308314852300693,0.052342139750226));
#11328=CARTESIAN_POINT('',(0.0267218595250053,0.0308315131585601,0.0532035730923983));
#11329=CARTESIAN_POINT('',(0.0267185066315995,0.0308344188062604,0.0540650062154803));
#11330=CARTESIAN_POINT('',(0.0267118326854016,0.0308402009491985,0.0549263942988167));
#11331=CARTESIAN_POINT('',(0.0261979337524082,0.0302269460432978,0.0490147389714868));
#11332=CARTESIAN_POINT('',(0.0261979337524082,0.0302269460432978,0.0456873381927274));
#11333=CARTESIAN_POINT('',(0.0267218924274563,0.0308314849641637,0.0456873381927274));
#11334=CARTESIAN_POINT('',(0.0267218924274563,0.0308314849641637,0.0528162948329624));
#11335=CARTESIAN_POINT('',(0.,0.,0.0456873381927274));
#11336=CARTESIAN_POINT('',(0.0206759797091826,0.0342418437451238,0.0456873381927274));
#11337=CARTESIAN_POINT('',(0.0210894993033662,0.0349266806200263,0.0456873381927274));
#11338=CARTESIAN_POINT('',(0.,0.,0.0456873381927274));
#11339=CARTESIAN_POINT('',(0.0206759797091826,0.0342418437451238,0.0577272576927274));
#11340=CARTESIAN_POINT('',(0.0206759797091826,0.0342418437451238,0.0546978585927274));
#11341=CARTESIAN_POINT('',(0.0210894993033662,0.0349266806200263,0.0546978585927274));
#11342=CARTESIAN_POINT('',(0.0210894993033662,0.0349266806200263,0.0528162948329624));
#11343=CARTESIAN_POINT('',(0.,0.,0.0546978585927274));
#11344=CARTESIAN_POINT('',(-0.0072357381613521,0.0393401079467298,0.0546978585927274));
#11345=CARTESIAN_POINT('',(-0.00728397641576111,0.0396023753330413,0.0546978585927274));
#11346=CARTESIAN_POINT('',(-0.00733221467017013,0.0398646427193529,0.0546978585927274));
#11347=CARTESIAN_POINT('',(-0.00738045292457914,0.0401269101056644,0.0546978585927274));
#11348=CARTESIAN_POINT('',(-0.00738045292457914,0.0401269101056644,0.0546978585927274));
#11349=CARTESIAN_POINT('',(0.,0.,0.0546978585927274));
#11350=CARTESIAN_POINT('',(-0.0073804529245769,0.0401269101056648,0.0546978585927249));
#11351=CARTESIAN_POINT('',(-0.00962995594217431,0.0397131640414562,0.0546978579213438));
#11352=CARTESIAN_POINT('',(-0.0118445263571221,0.0391098269240822,0.0546993686085028));
#11353=CARTESIAN_POINT('',(-0.0161415127507832,0.0375409500781817,0.0547054126998762));
#11354=CARTESIAN_POINT('',(-0.0182238456366242,0.0365754406908066,0.0547099460671968));
#11355=CARTESIAN_POINT('',(-0.020210731206145,0.0354424370509839,0.0547159908668453));
#11356=CARTESIAN_POINT('',(-0.0072357381613499,0.0393401079467302,0.0546978585927249));
#11357=CARTESIAN_POINT('',(-0.00944113327664147,0.0389344745504473,0.0546978579213438));
#11358=CARTESIAN_POINT('',(-0.0116122807422766,0.0383429675726297,0.0546993686085028));
#11359=CARTESIAN_POINT('',(-0.0158250125007678,0.0368048530178252,0.0547054126998762));
#11360=CARTESIAN_POINT('',(-0.0178665153300271,0.0358582751870634,0.0547099460671968));
#11361=CARTESIAN_POINT('',(-0.0198144423589657,0.0347474873048861,0.0547159908668453));
#11362=CARTESIAN_POINT('',(-0.0198144423589657,0.0347474873048861,0.0547159908668453));
#11363=CARTESIAN_POINT('',(-0.0199465386413588,0.0349791372202521,0.0547159908668453));
#11364=CARTESIAN_POINT('',(-0.0200786349237519,0.035210787135618,0.0547159908668453));
#11365=CARTESIAN_POINT('',(-0.020210731206145,0.0354424370509839,0.0547159908668453));
#11366=CARTESIAN_POINT('',(-0.020210731206145,0.0354424370509839,0.0547159908668453));
#11367=CARTESIAN_POINT('',(-0.00738045292457697,0.0401269101056648,0.0546978585927249));
#11368=CARTESIAN_POINT('',(-0.0118794314538323,0.0392994230363536,0.0546978572499708));
#11369=CARTESIAN_POINT('',(-0.0162369843233819,0.0377084304987046,0.0547039013413443));
#11370=CARTESIAN_POINT('',(-0.020210731206145,0.0354424370509839,0.0547159908668453));
#11371=CARTESIAN_POINT('',(-0.0202107312061441,0.0354424370509844,0.0547159908668478));
#11372=CARTESIAN_POINT('',(-0.0228461502536656,0.0339396130237204,0.0547240052459329));
#11373=CARTESIAN_POINT('',(-0.0253125596274088,0.0321421388945224,0.0547450363583627));
#11374=CARTESIAN_POINT('',(-0.0275501195929662,0.0300937021719373,0.0547790930947469));
#11375=CARTESIAN_POINT('',(-0.0198144423589648,0.0347474873048867,0.0547159908668478));
#11376=CARTESIAN_POINT('',(-0.0223981865222405,0.0332741304159603,0.0547240052459299));
#11377=CARTESIAN_POINT('',(-0.0248162349300763,0.0315119008758439,0.054745036358382));
#11378=CARTESIAN_POINT('',(-0.0270099211695747,0.0295036295803306,0.0547790930947469));
#11379=CARTESIAN_POINT('',(-0.0270099211695747,0.0295036295803306,0.0547790930947469));
#11380=CARTESIAN_POINT('',(-0.0271899873107052,0.0297003204441995,0.0547790930947469));
#11381=CARTESIAN_POINT('',(-0.0273700534518357,0.0298970113080684,0.0547790930947469));
#11382=CARTESIAN_POINT('',(-0.0275501195929662,0.0300937021719373,0.0547790930947469));
#11383=CARTESIAN_POINT('',(-0.0275501195929662,0.0300937021719373,0.0547790930947469));
#11384=CARTESIAN_POINT('',(-0.0202107312061441,0.0354424370509844,0.0547159908668477));
#11385=CARTESIAN_POINT('',(-0.0228459639034292,0.033939719288268,0.0547240046792369));
#11386=CARTESIAN_POINT('',(-0.0253127171021177,0.0321419947299049,0.0547450387552033));
#11387=CARTESIAN_POINT('',(-0.0275501195929662,0.0300937021719372,0.0547790930947469));
#11388=CARTESIAN_POINT('',(-0.0275501195929662,0.0300937021719373,0.0547790930947472));
#11389=CARTESIAN_POINT('',(-0.0292133087327531,0.0285710892529598,0.0548044036825741));
#11390=CARTESIAN_POINT('',(-0.0307498221422073,0.0269104530268,0.0548338196516487));
#11391=CARTESIAN_POINT('',(-0.0321388522771009,0.0251343226348093,0.0548673449279131));
#11392=CARTESIAN_POINT('',(-0.0270099211695747,0.0295036295803306,0.0547790930947472));
#11393=CARTESIAN_POINT('',(-0.0286404987573687,0.0280108718168399,0.0548044036825705));
#11394=CARTESIAN_POINT('',(-0.030146884453404,0.0263827970847663,0.0548338196516551));
#11395=CARTESIAN_POINT('',(-0.0315086787030402,0.0246414927792247,0.0548673449279131));
#11396=CARTESIAN_POINT('',(-0.0315086787030402,0.0246414927792247,0.0548673449279131));
#11397=CARTESIAN_POINT('',(-0.0317187365610604,0.0248057693977529,0.0548673449279131));
#11398=CARTESIAN_POINT('',(-0.0319287944190807,0.0249700460162811,0.0548673449279131));
#11399=CARTESIAN_POINT('',(-0.0321388522771009,0.0251343226348093,0.0548673449279131));
#11400=CARTESIAN_POINT('',(-0.0321388522771009,0.0251343226348093,0.0548673449279131));
#11401=CARTESIAN_POINT('',(-0.0275501195929662,0.0300937021719372,0.0547790930947471));
#11402=CARTESIAN_POINT('',(-0.0292132716010359,0.0285711232462267,0.0548044031174997));
#11403=CARTESIAN_POINT('',(-0.0307498529501644,0.0269104136331631,0.0548338203952216));
#11404=CARTESIAN_POINT('',(-0.032138852277101,0.0251343226348092,0.0548673449279131));
#11405=CARTESIAN_POINT('',(-0.0321388522771009,0.0251343226348093,0.0548673449279133));
#11406=CARTESIAN_POINT('',(-0.0323503907042555,0.0248638318656712,0.0548724500960097));
#11407=CARTESIAN_POINT('',(-0.0325526314343523,0.0245981980486889,0.0549304178433154));
#11408=CARTESIAN_POINT('',(-0.0327460730165886,0.0243379272328654,0.0550412476609258));
#11409=CARTESIAN_POINT('',(-0.0315086787030402,0.0246414927792247,0.0548673449279133));
#11410=CARTESIAN_POINT('',(-0.031716069319924,0.0243763057480669,0.0548724500960596));
#11411=CARTESIAN_POINT('',(-0.031914344540815,0.0241158804434804,0.0549304178417564));
#11412=CARTESIAN_POINT('',(-0.0321039931535183,0.0238607129733974,0.0550412476609258));
#11413=CARTESIAN_POINT('',(-0.0321039931535183,0.0238607129733974,0.0550412476609258));
#11414=CARTESIAN_POINT('',(-0.0323180197745417,0.0240197843932201,0.0550412476609258));
#11415=CARTESIAN_POINT('',(-0.0325320463955651,0.0241788558130427,0.0550412476609258));
#11416=CARTESIAN_POINT('',(-0.0327460730165886,0.0243379272328654,0.0550412476609258));
#11417=CARTESIAN_POINT('',(-0.0327460730165886,0.0243379272328654,0.0550412476609258));
#11418=CARTESIAN_POINT('',(-0.032138852277101,0.0251343226348092,0.0548673449279133));
#11419=CARTESIAN_POINT('',(-0.032350390291054,0.0248638323940254,0.0548724500860377));
#11420=CARTESIAN_POINT('',(-0.0325526311208678,0.0245981984704746,0.0549304176637085));
#11421=CARTESIAN_POINT('',(-0.0327460730165886,0.0243379272328653,0.0550412476609257));
#11422=CARTESIAN_POINT('',(-0.0327460730165886,0.0243379272328654,0.0550412476609258));
#11423=CARTESIAN_POINT('',(-0.0329480375739835,0.0240661889669097,0.0551569606084804));
#11424=CARTESIAN_POINT('',(-0.0331239740903227,0.0238224948452368,0.0553345284237561));
#11425=CARTESIAN_POINT('',(-0.0332758816150822,0.0236083820440756,0.0555739511805118));
#11426=CARTESIAN_POINT('',(-0.0321039931535183,0.0238607129733974,0.0550412476609258));
#11427=CARTESIAN_POINT('',(-0.0323019976290265,0.0235943028986788,0.0551569606128482));
#11428=CARTESIAN_POINT('',(-0.0324744843837348,0.0233553871293086,0.055334528393947));
#11429=CARTESIAN_POINT('',(-0.0326234133481198,0.023145472592231,0.0555739511805118));
#11430=CARTESIAN_POINT('',(-0.0332757425422451,0.0236085779376333,0.0555742168088889));
#11431=CARTESIAN_POINT('',(-0.0330582742628633,0.0234542450595804,0.0555741749682698));
#11432=CARTESIAN_POINT('',(-0.0328407888291426,0.0232999363445817,0.0555741658923437));
#11433=CARTESIAN_POINT('',(-0.0326232860488086,0.0231456520889461,0.0555741892584307));
#11434=CARTESIAN_POINT('',(-0.0332758816150822,0.0236083820440756,0.0555739511805118));
#11435=CARTESIAN_POINT('',(-0.0327460730165886,0.0243379272328653,0.0550412476609257));
#11436=CARTESIAN_POINT('',(-0.0329480362438601,0.0240661907565574,0.0551569598464036));
#11437=CARTESIAN_POINT('',(-0.0331239736224041,0.0238224955047654,0.0553345276862656));
#11438=CARTESIAN_POINT('',(-0.0332758816150823,0.0236083820440756,0.0555739511805117));
#11439=CARTESIAN_POINT('',(-0.0322707279338738,0.0247585381415292,0.0572471952015715));
#11440=CARTESIAN_POINT('',(-0.0329491622096752,0.0226793454214344,0.0564054985646224));
#11441=CARTESIAN_POINT('',(-0.0331688479843541,0.0228305051845966,0.0564054807779633));
#11442=CARTESIAN_POINT('',(-0.0333885213829617,0.0229816829353493,0.056405471598926));
#11443=CARTESIAN_POINT('',(-0.0336081824409939,0.0231328786148375,0.0564054711995436));
#11444=CARTESIAN_POINT('',(-0.0336081099303004,0.0231329839604156,0.0564055227869997));
#11445=CARTESIAN_POINT('',(-0.0332757426024576,0.0236085779803652,0.0555742168089003));
#11446=CARTESIAN_POINT('',(-0.0334230995198569,0.0234008818261053,0.0558045373932412));
#11447=CARTESIAN_POINT('',(-0.0335353539906665,0.0232386861059104,0.0560870373402962));
#11448=CARTESIAN_POINT('',(-0.0336081824410349,0.0231328786148657,0.0564054711995435));
#11449=CARTESIAN_POINT('',(-0.0336081099303004,0.0231329839604156,0.0564055227869997));
#11450=CARTESIAN_POINT('',(-0.0336848177795801,0.0230215411030859,0.0567395507402179));
#11451=CARTESIAN_POINT('',(-0.0337187825807166,0.0229713713281534,0.0570861305160675));
#11452=CARTESIAN_POINT('',(-0.0337108277062678,0.0229830392976719,0.0574452625820433));
#11453=CARTESIAN_POINT('',(-0.0329491273826475,0.0226793960396231,0.0564055227869997));
#11454=CARTESIAN_POINT('',(-0.0330243311559512,0.022570138337085,0.0567395507379976));
#11455=CARTESIAN_POINT('',(-0.0330576299810468,0.0225209522825736,0.0570861305182744));
#11456=CARTESIAN_POINT('',(-0.0330498310845762,0.0225323914683058,0.0574452625820433));
#11457=CARTESIAN_POINT('',(-0.0337108069062727,0.0229830698343134,0.0574452611574943));
#11458=CARTESIAN_POINT('',(-0.0334904110759476,0.0228329473050208,0.0574452571730283));
#11459=CARTESIAN_POINT('',(-0.0332700125347811,0.0226828287555365,0.0574452530029022));
#11460=CARTESIAN_POINT('',(-0.0330496112826251,0.0225327141863868,0.0574452486610781));
#11461=CARTESIAN_POINT('',(-0.0337108277062678,0.0229830392976719,0.0574452625820433));
#11462=CARTESIAN_POINT('',(-0.0336081099303004,0.0231329839604155,0.0564055227869997));
#11463=CARTESIAN_POINT('',(-0.0336848177610618,0.0230215411299897,0.0567395506595789));
#11464=CARTESIAN_POINT('',(-0.033718782579051,0.0229713713305963,0.0570861305912601));
#11465=CARTESIAN_POINT('',(-0.0337108277062678,0.0229830392976719,0.0574452625820433));
#11466=CARTESIAN_POINT('',(-0.0316415050661781,0.0257317518217351,0.0573147861166866));
#11467=CARTESIAN_POINT('',(-0.032918971449347,0.0227231479074561,0.0585674361144544));
#11468=CARTESIAN_POINT('',(-0.0331386755208175,0.0228742802989593,0.0585676016206137));
#11469=CARTESIAN_POINT('',(-0.0333583763767052,0.0230254173674299,0.0585677649235515));
#11470=CARTESIAN_POINT('',(-0.0335780740208768,0.0231765591067767,0.0585679260047834));
#11471=CARTESIAN_POINT('',(-0.0335778676835209,0.0231768591881635,0.0585677832708322));
#11472=CARTESIAN_POINT('',(-0.0337108068932803,0.0229830698253785,0.0574452611574968));
#11473=CARTESIAN_POINT('',(-0.033702391964725,0.0229954125643469,0.0578327074806241));
#11474=CARTESIAN_POINT('',(-0.0336584474331581,0.0230601156836976,0.0582069289167186));
#11475=CARTESIAN_POINT('',(-0.0335780745556012,0.0231765594758688,0.0585679260077544));
#11476=CARTESIAN_POINT('',(-0.0335778676835209,0.0231768591881635,0.0585677832708322));
#11477=CARTESIAN_POINT('',(-0.0335253250061015,0.0232529812828704,0.0588040945590238));
#11478=CARTESIAN_POINT('',(-0.0334367548306662,0.023380835922664,0.0590149767226283));
#11479=CARTESIAN_POINT('',(-0.0332057493787423,0.023707768141366,0.0593359075581061));
#11480=CARTESIAN_POINT('',(-0.0330652092716485,0.0239039136524123,0.0594430598097998));
#11481=CARTESIAN_POINT('',(-0.0329143756646252,0.0241098294188891,0.0594849315180502));
#11482=CARTESIAN_POINT('',(-0.032919478121099,0.0227224109687878,0.0585677832708322));
#11483=CARTESIAN_POINT('',(-0.0328679643818682,0.0227970423718494,0.0588041005703792));
#11484=CARTESIAN_POINT('',(-0.0327811321869276,0.0229223881594745,0.0590149767226283));
#11485=CARTESIAN_POINT('',(-0.0325546562536689,0.0232429099425157,0.0593359075581061));
#11486=CARTESIAN_POINT('',(-0.0324168709494565,0.0234352106720111,0.0594430600605307));
#11487=CARTESIAN_POINT('',(-0.0322689957496325,0.0236370876655775,0.0594849315180502));
#11488=CARTESIAN_POINT('',(-0.0322689957496325,0.0236370876655775,0.0594849315180502));
#11489=CARTESIAN_POINT('',(-0.0324841223879634,0.0237946682500147,0.0594849315180502));
#11490=CARTESIAN_POINT('',(-0.0326992490262943,0.0239522488344519,0.0594849315180502));
#11491=CARTESIAN_POINT('',(-0.0329143756646252,0.0241098294188891,0.0594849315180502));
#11492=CARTESIAN_POINT('',(-0.0329143756646252,0.0241098294188891,0.0594849315180502));
#11493=CARTESIAN_POINT('',(-0.033577867683521,0.0231768591881635,0.0585677832708321));
#11494=CARTESIAN_POINT('',(-0.0334724776693684,0.0233295447579229,0.0590417760559375));
#11495=CARTESIAN_POINT('',(-0.0332170766321819,0.0236965866212275,0.0594009011295261));
#11496=CARTESIAN_POINT('',(-0.0329143756646252,0.0241098294188891,0.0594849315180501));
#11497=CARTESIAN_POINT('',(-0.0329143756646252,0.0241098294188891,0.0594849315180502));
#11498=CARTESIAN_POINT('',(-0.0322488814699774,0.0250183520610321,0.0596696729984763));
#11499=CARTESIAN_POINT('',(-0.0315413884922468,0.0259052598287879,0.0597847963834932));
#11500=CARTESIAN_POINT('',(-0.0307929088009616,0.0267663364616017,0.0598303007257834));
#11501=CARTESIAN_POINT('',(-0.0322689957496325,0.0236370876655775,0.0594849315180502));
#11502=CARTESIAN_POINT('',(-0.0316165504550741,0.0245277961460319,0.0596696730000868));
#11503=CARTESIAN_POINT('',(-0.0309229298983447,0.0253973135530505,0.0597847963832461));
#11504=CARTESIAN_POINT('',(-0.0301891262754525,0.0262415063349036,0.0598303007257834));
#11505=CARTESIAN_POINT('',(-0.0301891262754525,0.0262415063349036,0.0598303007257834));
#11506=CARTESIAN_POINT('',(-0.0303903871172888,0.0264164497104696,0.0598303007257834));
#11507=CARTESIAN_POINT('',(-0.0305916479591252,0.0265913930860356,0.0598303007257834));
#11508=CARTESIAN_POINT('',(-0.0307929088009616,0.0267663364616017,0.0598303007257834));
#11509=CARTESIAN_POINT('',(-0.0307929088009616,0.0267663364616017,0.0598303007257834));
#11510=CARTESIAN_POINT('',(-0.0329143756646252,0.0241098294188891,0.0594849315180501));
#11511=CARTESIAN_POINT('',(-0.0322488792984604,0.0250183550255544,0.0596696736012903));
#11512=CARTESIAN_POINT('',(-0.0315413837708348,0.0259052652604616,0.0597847966705347));
#11513=CARTESIAN_POINT('',(-0.0307929088009616,0.0267663364616016,0.0598303007257833));
#11514=CARTESIAN_POINT('',(-0.0307929088009616,0.0267663364616017,0.0598303007257833));
#11515=CARTESIAN_POINT('',(-0.0292833019855453,0.0285030397664827,0.0599220778993859));
#11516=CARTESIAN_POINT('',(-0.0276259291911672,0.0301123209717317,0.059968876196836));
#11517=CARTESIAN_POINT('',(-0.025843859002434,0.0315711094493416,0.0599707020332409));
#11518=CARTESIAN_POINT('',(-0.0301891262754525,0.0262415063349035,0.0598303007257833));
#11519=CARTESIAN_POINT('',(-0.0287091195983216,0.0279441566284574,0.0599220778990976));
#11520=CARTESIAN_POINT('',(-0.0270842443010426,0.0295218833089127,0.0599688761968402));
#11521=CARTESIAN_POINT('',(-0.025337116669053,0.0309520680875898,0.0599707020332409));
#11522=CARTESIAN_POINT('',(-0.025337116669053,0.0309520680875898,0.0599707020332409));
#11523=CARTESIAN_POINT('',(-0.02550603078018,0.0311584152081738,0.0599707020332409));
#11524=CARTESIAN_POINT('',(-0.025674944891307,0.0313647623287577,0.0599707020332409));
#11525=CARTESIAN_POINT('',(-0.025843859002434,0.0315711094493416,0.0599707020332409));
#11526=CARTESIAN_POINT('',(-0.025843859002434,0.0315711094493416,0.0599707020332409));
#11527=CARTESIAN_POINT('',(-0.0307929088009616,0.0267663364616016,0.0598303007257833));
#11528=CARTESIAN_POINT('',(-0.0292833363976937,0.0285030001775703,0.059922075807285));
#11529=CARTESIAN_POINT('',(-0.0276258840320444,0.0301123579386304,0.0599688762431042));
#11530=CARTESIAN_POINT('',(-0.0258438590024341,0.0315711094493416,0.0599707020332409));
#11531=CARTESIAN_POINT('',(-0.0258438590024357,0.0315711094493402,0.0599707020332438));
#11532=CARTESIAN_POINT('',(-0.024317650927495,0.0328204512363446,0.0599722684774919));
#11533=CARTESIAN_POINT('',(-0.0227007132347491,0.0339589127916434,0.0599733969347775));
#11534=CARTESIAN_POINT('',(-0.0193192488099992,0.035990231518762,0.0599747779071867));
#11535=CARTESIAN_POINT('',(-0.0175547521413376,0.0368830695072276,0.0599750304170166));
#11536=CARTESIAN_POINT('',(-0.0139152246680539,0.0384043833625325,0.0599746594839267));
#11537=CARTESIAN_POINT('',(-0.0120402206695492,0.0390328480245726,0.059974036041007));
#11538=CARTESIAN_POINT('',(-0.00821904383394854,0.0400122163487159,0.059971913202418));
#11539=CARTESIAN_POINT('',(-0.00627290576885952,0.0403631120932288,0.0599704138132958));
#11540=CARTESIAN_POINT('',(-0.00431159978498748,0.0405715430726278,0.0599684764347046));
#11541=CARTESIAN_POINT('',(-0.0253371166690547,0.0309520680875885,0.0599707020332438));
#11542=CARTESIAN_POINT('',(-0.0238408342426423,0.0321769129768083,0.0599722684774919));
#11543=CARTESIAN_POINT('',(-0.0222556012105382,0.0332930517565131,0.0599733969347775));
#11544=CARTESIAN_POINT('',(-0.0189404400098032,0.0352845407046687,0.0599747779071867));
#11545=CARTESIAN_POINT('',(-0.0172105413150369,0.0361598720659095,0.0599750304170166));
#11546=CARTESIAN_POINT('',(-0.0136423771255431,0.037651356237777,0.0599746594839267));
#11547=CARTESIAN_POINT('',(-0.0118041379113228,0.0382674980633064,0.059974036041007));
#11548=CARTESIAN_POINT('',(-0.00805788611171425,0.0392276630869764,0.059971913202418));
#11549=CARTESIAN_POINT('',(-0.00614990761652869,0.0395716785227734,0.0599704138132958));
#11550=CARTESIAN_POINT('',(-0.00422705861273283,0.0397760226202234,0.0599684764347046));
#11551=CARTESIAN_POINT('',(-0.00422705861273283,0.0397760226202234,0.0599684764347046));
#11552=CARTESIAN_POINT('',(-0.00425523900348438,0.0400411961043582,0.0599684764347046));
#11553=CARTESIAN_POINT('',(-0.00428341939423593,0.040306369588493,0.0599684764347046));
#11554=CARTESIAN_POINT('',(-0.00431159978498748,0.0405715430726278,0.0599684764347046));
#11555=CARTESIAN_POINT('',(-0.00431159978498748,0.0405715430726278,0.0599684764347046));
#11556=CARTESIAN_POINT('',(-0.0258438590024357,0.0315711094493403,0.0599707020332438));
#11557=CARTESIAN_POINT('',(-0.0227914531683783,0.0340697845788974,0.0599738349111522));
#11558=CARTESIAN_POINT('',(-0.0159571509768473,0.0381752193190278,0.0599765968559707));
#11559=CARTESIAN_POINT('',(-0.00823419849671002,0.0401546825225674,0.0599723511787927));
#11560=CARTESIAN_POINT('',(-0.00431159978498746,0.0405715430726278,0.0599684764347046));
#11561=CARTESIAN_POINT('',(-0.00431159978498901,0.0405715430726277,0.0599684764347028));
#11562=CARTESIAN_POINT('',(-0.00114793371866589,0.0409077506925084,0.0599653562558115));
#11563=CARTESIAN_POINT('',(0.00205492976423738,0.0408722227693614,0.0599610915377061));
#11564=CARTESIAN_POINT('',(0.0083656416131771,0.040059672625274,0.0599502725955048));
#11565=CARTESIAN_POINT('',(0.0114730356814403,0.0392827089059476,0.059943718618402));
#11566=CARTESIAN_POINT('',(0.0144483414145313,0.038156066757059,0.0599360196080987));
#11567=CARTESIAN_POINT('',(-0.00422705861273432,0.0397760226202232,0.0599684764347028));
#11568=CARTESIAN_POINT('',(-0.00112542521438108,0.0401056379338314,0.0599653562558115));
#11569=CARTESIAN_POINT('',(0.00201463702376214,0.0400708066366288,0.0599610915377061));
#11570=CARTESIAN_POINT('',(0.00820160942468343,0.0392741888483079,0.0599502725955048));
#11571=CARTESIAN_POINT('',(0.0112480741975063,0.0385124597117074,0.059943718618402));
#11572=CARTESIAN_POINT('',(0.0141650406024816,0.037407908585352,0.0599360196080987));
#11573=CARTESIAN_POINT('',(0.0141650406024816,0.037407908585352,0.0599360196080987));
#11574=CARTESIAN_POINT('',(0.0142594742064982,0.0376572946425876,0.0599360196080987));
#11575=CARTESIAN_POINT('',(0.0143539078105147,0.0379066806998233,0.0599360196080987));
#11576=CARTESIAN_POINT('',(0.0144483414145313,0.038156066757059,0.0599360196080987));
#11577=CARTESIAN_POINT('',(0.0144483414145313,0.038156066757059,0.0599360196080987));
#11578=CARTESIAN_POINT('',(-0.0043115997849891,0.0405715430726277,0.0599684764347028));
#11579=CARTESIAN_POINT('',(0.0020155878405015,0.0412439429553932,0.059962236219441));
#11580=CARTESIAN_POINT('',(0.00849786577332807,0.0404092996227618,0.0599514172772396));
#11581=CARTESIAN_POINT('',(0.0144483414145313,0.038156066757059,0.0599360196080987));
#11582=CARTESIAN_POINT('',(0.0144483414145323,0.0381560667570586,0.0599360196080988));
#11583=CARTESIAN_POINT('',(0.0170794727130958,0.0371597511894674,0.0599292118787624));
#11584=CARTESIAN_POINT('',(0.0196065566239589,0.0358906199387174,0.0599045903695752));
#11585=CARTESIAN_POINT('',(0.0219767057322744,0.0343753458914527,0.0598621473226607));
#11586=CARTESIAN_POINT('',(0.0141650406024827,0.0374079085853516,0.0599360196080988));
#11587=CARTESIAN_POINT('',(0.01674458108978,0.0364311286176892,0.0599292118787663));
#11588=CARTESIAN_POINT('',(0.0192221143391852,0.0351868822916004,0.0599045903695392));
#11589=CARTESIAN_POINT('',(0.0215457899336024,0.0337013195014243,0.0598621473226607));
#11590=CARTESIAN_POINT('',(0.0215457899336024,0.0337013195014243,0.0598621473226607));
#11591=CARTESIAN_POINT('',(0.0216894285331597,0.0339259949647671,0.0598621473226607));
#11592=CARTESIAN_POINT('',(0.0218330671327171,0.0341506704281099,0.0598621473226607));
#11593=CARTESIAN_POINT('',(0.0219767057322744,0.0343753458914527,0.0598621473226607));
#11594=CARTESIAN_POINT('',(0.0219767057322744,0.0343753458914528,0.0598621473226607));
#11595=CARTESIAN_POINT('',(0.0144483414145323,0.0381560667570586,0.0599360196080988));
#11596=CARTESIAN_POINT('',(0.0170793333578737,0.037159803958319,0.0599292122393268));
#11597=CARTESIAN_POINT('',(0.0196066808967628,0.035890540489136,0.0599045881441808));
#11598=CARTESIAN_POINT('',(0.0219767057322744,0.0343753458914528,0.0598621473226607));
#11599=CARTESIAN_POINT('',(0.0219767057322743,0.0343753458914529,0.0598621473226607));
#11600=CARTESIAN_POINT('',(0.023468617417709,0.0334215430063015,0.0598354315462321));
#11601=CARTESIAN_POINT('',(0.0248982101882017,0.0323705712287946,0.0598029047468807));
#11602=CARTESIAN_POINT('',(0.0262534977614481,0.0312312960872526,0.0597645652509743));
#11603=CARTESIAN_POINT('',(0.0215457899336023,0.0337013195014243,0.0598621473226607));
#11604=CARTESIAN_POINT('',(0.0230084484485657,0.0327662186337368,0.0598354315462352));
#11605=CARTESIAN_POINT('',(0.0244100099886458,0.0317358541456981,0.0598029047468745));
#11606=CARTESIAN_POINT('',(0.0257387232955373,0.0306189177326006,0.0597645652509743));
#11607=CARTESIAN_POINT('',(0.0257387232955373,0.0306189177326006,0.0597645652509743));
#11608=CARTESIAN_POINT('',(0.0259103147841743,0.0308230438508179,0.0597645652509743));
#11609=CARTESIAN_POINT('',(0.0260819062728112,0.0310271699690353,0.0597645652509743));
#11610=CARTESIAN_POINT('',(0.0262534977614481,0.0312312960872526,0.0597645652509743));
#11611=CARTESIAN_POINT('',(0.0262534977614482,0.0312312960872525,0.0597645652509742));
#11612=CARTESIAN_POINT('',(0.0219767057322742,0.0343753458914529,0.0598621473226607));
#11613=CARTESIAN_POINT('',(0.023468604423125,0.0334215513139459,0.0598354317789271));
#11614=CARTESIAN_POINT('',(0.024898221683283,0.0323705615658561,0.0598029044216983));
#11615=CARTESIAN_POINT('',(0.0262534977614482,0.0312312960872525,0.0597645652509743));
#11616=CARTESIAN_POINT('',(0.0262534977614482,0.0312312960872525,0.0597645652509742));
#11617=CARTESIAN_POINT('',(0.0263268128648712,0.0311696663073606,0.0597624912872824));
#11618=CARTESIAN_POINT('',(0.0263939024595635,0.0311128284290182,0.0597341096589455));
#11619=CARTESIAN_POINT('',(0.0265136007460652,0.0310108876908856,0.0596259053719428));
#11620=CARTESIAN_POINT('',(0.0265565390224911,0.03097404443151,0.0595547264472261));
#11621=CARTESIAN_POINT('',(0.0265827447709024,0.0309515376103525,0.0594664708259962));
#11622=CARTESIAN_POINT('',(0.0257387232955375,0.0306189177326006,0.0597645652509742));
#11623=CARTESIAN_POINT('',(0.0258106007567189,0.0305584964564244,0.0597624912899137));
#11624=CARTESIAN_POINT('',(0.0258763749603563,0.0305027729696256,0.0597341096589455));
#11625=CARTESIAN_POINT('',(0.0259937262216326,0.0304028310694958,0.0596259053719428));
#11626=CARTESIAN_POINT('',(0.0260358225707915,0.0303667102272095,0.0595547264481817));
#11627=CARTESIAN_POINT('',(0.0260615144812768,0.0303446447160318,0.0594664708259962));
#11628=CARTESIAN_POINT('',(0.0265827264103066,0.0309515533829937,0.0594664613191917));
#11629=CARTESIAN_POINT('',(0.0264089629683634,0.0307492729446692,0.0594664511723465));
#11630=CARTESIAN_POINT('',(0.0262351963262779,0.0305469952554221,0.059466439368522));
#11631=CARTESIAN_POINT('',(0.02606142647788,0.0303447203207544,0.0594664259289192));
#11632=CARTESIAN_POINT('',(0.0265827447709024,0.0309515376103525,0.0594664708259962));
#11633=CARTESIAN_POINT('',(0.0262534977614482,0.0312312960872525,0.0597645652509741));
#11634=CARTESIAN_POINT('',(0.0264004518083679,0.0311077643026265,0.0597604081626876));
#11635=CARTESIAN_POINT('',(0.0265303332573127,0.030996551267068,0.0596429821249241));
#11636=CARTESIAN_POINT('',(0.0265827447709024,0.0309515376103525,0.0594664708259961));
#11637=CARTESIAN_POINT('',(-0.0263973991819653,0.0309133599554266,0.0573158055185435));
#11638=CARTESIAN_POINT('',(-0.0271879604626659,0.0304212883523236,0.0574216168452918));
#11639=CARTESIAN_POINT('',(-0.0270102497704007,0.0302224669438774,0.0574216150430168));
#11640=CARTESIAN_POINT('',(-0.0268325390215389,0.0300236455860185,0.0574216132319753));
#11641=CARTESIAN_POINT('',(-0.026654828216076,0.0298248242787509,0.0574216114122208));
#11642=CARTESIAN_POINT('',(-0.0266548033644364,0.02982484649172,0.0574216077595974));
#11643=CARTESIAN_POINT('',(-0.0271879848211301,0.0304212665801895,0.057421620636153));
#11644=CARTESIAN_POINT('',(-0.0266548281305102,0.0298248241830205,0.0574216114122198));
#11645=CARTESIAN_POINT('',(-0.0266610522190508,0.0298192601855076,0.0573488716119711));
#11646=CARTESIAN_POINT('',(-0.0266607956532515,0.0298194887510341,0.0572751381229299));
#11647=CARTESIAN_POINT('',(-0.0266540667235352,0.0298255046909303,0.0572024792909908));
#11648=CARTESIAN_POINT('',(-0.0266541169287743,0.0298254601343953,0.0572024709523291));
#11649=CARTESIAN_POINT('',(-0.0266540668901741,0.029825504877294,0.0572024792909825));
#11650=CARTESIAN_POINT('',(-0.026831815058893,0.0300242927173933,0.0572024703384337));
#11651=CARTESIAN_POINT('',(-0.0270095631764805,0.0302230806032128,0.0572024613944056));
#11652=CARTESIAN_POINT('',(-0.0271873112429323,0.0304218685347561,0.0572024524588524));
#11653=CARTESIAN_POINT('',(-0.0271872806065218,0.030421895928814,0.0572024575362724));
#11654=CARTESIAN_POINT('',(-0.0271873114095712,0.0304218687211198,0.0572024524588439));
#11655=CARTESIAN_POINT('',(-0.0271940050166447,0.0304158843784304,0.0572751278565913));
#11656=CARTESIAN_POINT('',(-0.0271942238356444,0.0304156895713585,0.0573488724023358));
#11657=CARTESIAN_POINT('',(-0.0271879606329479,0.0304212885428338,0.0574216168452934));
#11658=CARTESIAN_POINT('',(-0.026483960517597,0.0308356933620562,0.0573010545366187));
#11659=CARTESIAN_POINT('',(-0.0266541315125372,0.0298254467412036,0.057202468576604));
#11660=CARTESIAN_POINT('',(-0.0266480460446934,0.0298308851462552,0.0571344528694782));
#11661=CARTESIAN_POINT('',(-0.026635697119752,0.0298419212190732,0.0570685481348552));
#11662=CARTESIAN_POINT('',(-0.0266170639166698,0.029858531585728,0.0570047543649619));
#11663=CARTESIAN_POINT('',(-0.0266171050794395,0.0298584948915218,0.0570047327764303));
#11664=CARTESIAN_POINT('',(-0.0266170639341387,0.0298585316048587,0.057004754365738));
#11665=CARTESIAN_POINT('',(-0.0267945517980941,0.0300575520080671,0.0570047331698112));
#11666=CARTESIAN_POINT('',(-0.0269720379219725,0.030256573963186,0.0570047128862151));
#11667=CARTESIAN_POINT('',(-0.0271495223086987,0.0304555974675454,0.0570046935250058));
#11668=CARTESIAN_POINT('',(-0.0271494957104641,0.0304556211885779,0.0570047075558924));
#11669=CARTESIAN_POINT('',(-0.0271872514931335,0.030421922296588,0.0572024624079829));
#11670=CARTESIAN_POINT('',(-0.0271809558466425,0.0304275485460667,0.0571343879036253));
#11671=CARTESIAN_POINT('',(-0.0271683864465604,0.0304387814559699,0.057068464945371));
#11672=CARTESIAN_POINT('',(-0.0271495224824286,0.0304555976624348,0.057004693524859));
#11673=CARTESIAN_POINT('',(-0.0267592276902971,0.0305890062375477,0.0571536331323791));
#11674=CARTESIAN_POINT('',(-0.0266170985175781,0.0298585007410878,0.057004736155526));
#11675=CARTESIAN_POINT('',(-0.0266016008521386,0.0298723159989727,0.056950725612392));
#11676=CARTESIAN_POINT('',(-0.0265780149025957,0.0298933238350666,0.0569023033933122));
#11677=CARTESIAN_POINT('',(-0.0265473000910872,0.0299205758279108,0.0568615344471038));
#11678=CARTESIAN_POINT('',(-0.0265473361613949,0.029920543824167,0.0568614858792921));
#11679=CARTESIAN_POINT('',(-0.026547300091969,0.0299205758289047,0.0568615344471038));
#11680=CARTESIAN_POINT('',(-0.0267242851305878,0.030120043637008,0.056861531025848));
#11681=CARTESIAN_POINT('',(-0.0269012660900111,0.0303195150646192,0.0568615330972664));
#11682=CARTESIAN_POINT('',(-0.0270782430139962,0.0305189900723139,0.0568615407192149));
#11683=CARTESIAN_POINT('',(-0.0270782828846228,0.0305189547006503,0.0568614858792921));
#11684=CARTESIAN_POINT('',(-0.0271494692758594,0.0304556450922359,0.0570047215866088));
#11685=CARTESIAN_POINT('',(-0.0271335499745402,0.0304698362407324,0.0569505518085247));
#11686=CARTESIAN_POINT('',(-0.0271094708208326,0.0304912829293246,0.056902115538699));
#11687=CARTESIAN_POINT('',(-0.0270782430159561,0.0305189900745229,0.0568615407192149));
#11688=CARTESIAN_POINT('',(-0.0270782828846228,0.0305189547006503,0.0568614858792921));
#11689=CARTESIAN_POINT('',(-0.0270049161323324,0.0305840501697557,0.056765326839225));
#11690=CARTESIAN_POINT('',(-0.0269035818684946,0.0306733861658436,0.0567098363077646));
#11691=CARTESIAN_POINT('',(-0.0267987293727697,0.0307647217443138,0.0567089744324169));
#11692=CARTESIAN_POINT('',(-0.0265473361613949,0.029920543824167,0.0568614858792921));
#11693=CARTESIAN_POINT('',(-0.0264754000723744,0.0299843699213323,0.0567653162772388));
#11694=CARTESIAN_POINT('',(-0.0263760665603468,0.0300719420776853,0.0567098363572734));
#11695=CARTESIAN_POINT('',(-0.0262732640909507,0.03016149190619,0.0567089744324169));
#11696=CARTESIAN_POINT('',(-0.0265473361613949,0.0299205438241669,0.0568614858792921));
#11697=CARTESIAN_POINT('',(-0.0264750918695404,0.0299846433777337,0.0567649042483907));
#11698=CARTESIAN_POINT('',(-0.0263768281787075,0.0300712786423224,0.0567098427428962));
#11699=CARTESIAN_POINT('',(-0.0262732640909507,0.0301614919061899,0.0567089744324169));
#11700=CARTESIAN_POINT('',(-0.0262732640909507,0.03016149190619,0.0567089744324107));
#11701=CARTESIAN_POINT('',(-0.0262732640909507,0.03016149190619,0.0567089744324169));
#11702=CARTESIAN_POINT('',(-0.0264484191848903,0.0303625685188979,0.0567089744324169));
#11703=CARTESIAN_POINT('',(-0.02662357427883,0.0305636451316059,0.0567089744324169));
#11704=CARTESIAN_POINT('',(-0.0267987293727697,0.0307647217443138,0.0567089744324169));
#11705=CARTESIAN_POINT('',(-0.0267987293727697,0.0307647217443138,0.0567089744324169));
#11706=CARTESIAN_POINT('',(-0.0270782828846228,0.0305189547006503,0.0568614858792921));
#11707=CARTESIAN_POINT('',(-0.0270045937069313,0.0305843362452883,0.0567649042483907));
#11708=CARTESIAN_POINT('',(-0.0269043647422816,0.0306727042151688,0.0567098427428962));
#11709=CARTESIAN_POINT('',(-0.0267987293727697,0.0307647217443137,0.0567089744324169));
#11710=CARTESIAN_POINT('',(-0.0267987293727969,0.0307647217442901,0.0567089744324107));
#11711=CARTESIAN_POINT('',(-0.0241078816169749,0.0331086825117901,0.0566871087347715));
#11712=CARTESIAN_POINT('',(-0.0211081870919768,0.0350972695767705,0.056665244616236));
#11713=CARTESIAN_POINT('',(-0.0146949365324017,0.0382286899378344,0.0566215148000614));
#11714=CARTESIAN_POINT('',(-0.0112821091317364,0.0393711674612804,0.0565996506815259));
#11715=CARTESIAN_POINT('',(-0.00777898470321642,0.0400515592329079,0.0565777849838867));
#11716=CARTESIAN_POINT('',(-0.0262732640909774,0.0301614919061667,0.0567089744324107));
#11717=CARTESIAN_POINT('',(-0.0236351780560023,0.0324594926584919,0.0566871087347727));
#11718=CARTESIAN_POINT('',(-0.0206943010705655,0.0344090878203632,0.056665244616236));
#11719=CARTESIAN_POINT('',(-0.0144068005219625,0.0374791077821906,0.0566215148000614));
#11720=CARTESIAN_POINT('',(-0.0110608913054358,0.0385991837856055,0.0565996506815247));
#11721=CARTESIAN_POINT('',(-0.00762645559138864,0.0392662345420665,0.0565777849838867));
#11722=CARTESIAN_POINT('',(-0.0262732640909774,0.0301614919061667,0.0567089744324107));
#11723=CARTESIAN_POINT('',(-0.0209972825388692,0.0347573274533242,0.056665244616236));
#11724=CARTESIAN_POINT('',(-0.0144950789906953,0.0379321812023539,0.0566215148000613));
#11725=CARTESIAN_POINT('',(-0.00762645559138857,0.0392662345420665,0.0565777849838866));
#11726=CARTESIAN_POINT('',(-0.00762645559132922,0.039266234542078,0.0565777849838849));
#11727=CARTESIAN_POINT('',(-0.00762645559138864,0.0392662345420665,0.0565777849838867));
#11728=CARTESIAN_POINT('',(-0.00767729862866457,0.0395280094390136,0.0565777849838867));
#11729=CARTESIAN_POINT('',(-0.00772814166594049,0.0397897843359607,0.0565777849838867));
#11730=CARTESIAN_POINT('',(-0.00777898470321642,0.0400515592329079,0.0565777849838867));
#11731=CARTESIAN_POINT('',(-0.00777898470321642,0.0400515592329079,0.0565777849838867));
#11732=CARTESIAN_POINT('',(-0.0267987293727969,0.03076472174429,0.0567089744324107));
#11733=CARTESIAN_POINT('',(-0.0214172281896466,0.0354524740023906,0.056665244616236));
#11734=CARTESIAN_POINT('',(-0.0147849805705092,0.0386908248264009,0.0566215148000613));
#11735=CARTESIAN_POINT('',(-0.00777898470321634,0.0400515592329079,0.0565777849838866));
#11736=CARTESIAN_POINT('',(-0.00777898470315758,0.0400515592329193,0.0565777849838849));
#11737=CARTESIAN_POINT('',(-0.00470329394063982,0.0406489330144025,0.0565588129992036));
#11738=CARTESIAN_POINT('',(-0.00155875602564001,0.0408904235160048,0.0565424005464463));
#11739=CARTESIAN_POINT('',(0.00470283554432362,0.040648982687255,0.0565146922640936));
#11740=CARTESIAN_POINT('',(0.00781946503902475,0.0401660676709433,0.0565033970292672));
#11741=CARTESIAN_POINT('',(0.0108400677972895,0.0393336106930214,0.0564946601368268));
#11742=CARTESIAN_POINT('',(-0.00762645559133096,0.0392662345420777,0.0565777849838849));
#11743=CARTESIAN_POINT('',(-0.00461107249091913,0.0398518951121407,0.0565588129992041));
#11744=CARTESIAN_POINT('',(-0.00152819218200001,0.0400886505058871,0.0565424005464463));
#11745=CARTESIAN_POINT('',(0.00461062308267021,0.0398519438110343,0.0565146922640936));
#11746=CARTESIAN_POINT('',(0.00766614219514232,0.0393784977166056,0.0565033970292671));
#11747=CARTESIAN_POINT('',(0.010627517448323,0.0385623634245308,0.0564946601368268));
#11748=CARTESIAN_POINT('',(-0.00762645559133105,0.0392662345420777,0.0565777849838848));
#11749=CARTESIAN_POINT('',(-0.00159581869684553,0.0404375305677751,0.0565398418280843));
#11750=CARTESIAN_POINT('',(0.00470489437921256,0.040194596887866,0.0565121335457316));
#11751=CARTESIAN_POINT('',(0.0106275174483231,0.0385623634245308,0.0564946601368268));
#11752=CARTESIAN_POINT('',(0.0106275174483239,0.0385623634245306,0.0564946601368258));
#11753=CARTESIAN_POINT('',(0.010627517448323,0.0385623634245308,0.0564946601368268));
#11754=CARTESIAN_POINT('',(0.0106983675646452,0.038819445847361,0.0564946601368268));
#11755=CARTESIAN_POINT('',(0.0107692176809673,0.0390765282701912,0.0564946601368268));
#11756=CARTESIAN_POINT('',(0.0108400677972895,0.0393336106930214,0.0564946601368268));
#11757=CARTESIAN_POINT('',(0.0108400677972895,0.0393336106930214,0.0564946601368268));
#11758=CARTESIAN_POINT('',(-0.00777898470315767,0.0400515592329193,0.0565777849838848));
#11759=CARTESIAN_POINT('',(-0.00162773507078244,0.0412462811791306,0.0565398418280843));
#11760=CARTESIAN_POINT('',(0.00479899226679681,0.0409984888256233,0.0565121335457316));
#11761=CARTESIAN_POINT('',(0.0108400677972895,0.0393336106930214,0.0564946601368268));
#11762=CARTESIAN_POINT('',(0.01084006779729,0.0393336106930212,0.0564946601368257));
#11763=CARTESIAN_POINT('',(0.0142079913631584,0.0384054345315437,0.0564849201027173));
#11764=CARTESIAN_POINT('',(0.0174544899530626,0.0370429867901131,0.0565041202029317));
#11765=CARTESIAN_POINT('',(0.0204758853405276,0.0352899152665683,0.0565522743363861));
#11766=CARTESIAN_POINT('',(0.0106275174483236,0.0385623634245306,0.0564946601368257));
#11767=CARTESIAN_POINT('',(0.0139294032905387,0.0376523867974707,0.056484920102737));
#11768=CARTESIAN_POINT('',(0.0171122450595374,0.0363166537114367,0.0565041202030539));
#11769=CARTESIAN_POINT('',(0.0200743973926741,0.0345979561436943,0.0565522743363861));
#11770=CARTESIAN_POINT('',(0.0106275174483236,0.0385623634245306,0.0564946601368257));
#11771=CARTESIAN_POINT('',(0.0139290022759276,0.0376524973142907,0.0564849212856658));
#11772=CARTESIAN_POINT('',(0.0171126028124573,0.0363164461363345,0.0565041260188526));
#11773=CARTESIAN_POINT('',(0.0200743973926741,0.0345979561436944,0.0565522743363861));
#11774=CARTESIAN_POINT('',(0.0200743973926739,0.0345979561436945,0.0565522743363862));
#11775=CARTESIAN_POINT('',(0.0204758847669506,0.0352899155877589,0.0565523272399154));
#11776=CARTESIAN_POINT('',(0.0203420560882229,0.0350592621874445,0.056552276631817));
#11777=CARTESIAN_POINT('',(0.0202082273800729,0.034828608803606,0.0565522287374719));
#11778=CARTESIAN_POINT('',(0.020074398634793,0.0345979554407793,0.0565521835567542));
#11779=CARTESIAN_POINT('',(0.0204758853405276,0.0352899152665683,0.0565522743363861));
#11780=CARTESIAN_POINT('',(0.0108400677972901,0.0393336106930212,0.0564946601368257));
#11781=CARTESIAN_POINT('',(0.0142075823214462,0.0384055472605765,0.0564849212856658));
#11782=CARTESIAN_POINT('',(0.0174548548687064,0.0370427750590612,0.0565041260188526));
#11783=CARTESIAN_POINT('',(0.0204758853405276,0.0352899152665683,0.0565522743363861));
#11784=CARTESIAN_POINT('',(0.0203786712158877,0.035161447527114,0.0580514352011096));
#11785=CARTESIAN_POINT('',(0.0200743986275969,0.0345979554283455,0.0565521835557339));
#11786=CARTESIAN_POINT('',(0.0201740230172523,0.0345401514429303,0.0565539942771037));
#11787=CARTESIAN_POINT('',(0.0202719119880475,0.0344827793540149,0.0565688811027381));
#11788=CARTESIAN_POINT('',(0.0203680876118934,0.0344258769973146,0.0565968446720271));
#11789=CARTESIAN_POINT('',(0.0203680431326725,0.0344259037360574,0.0565970528174554));
#11790=CARTESIAN_POINT('',(0.0203680878832543,0.0344258774651767,0.0565968446713137));
#11791=CARTESIAN_POINT('',(0.0205038283924014,0.0346554106725371,0.0565970581139414));
#11792=CARTESIAN_POINT('',(0.0206395688295037,0.0348849439221926,0.0565972718904196));
#11793=CARTESIAN_POINT('',(0.0207753091942236,0.0351144772143419,0.0565974860006499));
#11794=CARTESIAN_POINT('',(0.020775337082254,0.0351144609686334,0.0565973578549668));
#11795=CARTESIAN_POINT('',(0.0204758847721674,0.0352899155967415,0.0565523272395716));
#11796=CARTESIAN_POINT('',(0.0205774716861848,0.0352309729240089,0.0565537864948277));
#11797=CARTESIAN_POINT('',(0.0206772722830229,0.035172480528883,0.0565688391932258));
#11798=CARTESIAN_POINT('',(0.0207753093073414,0.0351144774015546,0.0565974860013461));
#11799=CARTESIAN_POINT('',(0.0206103163107648,0.0350263601341174,0.0570022491022943));
#11800=CARTESIAN_POINT('',(0.0203679982998329,0.0344259298627141,0.0565972609432278));
#11801=CARTESIAN_POINT('',(0.0204381191970577,0.0343844430438786,0.0566175738088714));
#11802=CARTESIAN_POINT('',(0.0205011209548249,0.0343468651879098,0.0566619945298654));
#11803=CARTESIAN_POINT('',(0.0205489564270231,0.0343182224155085,0.0567247804104134));
#11804=CARTESIAN_POINT('',(0.0205487529992921,0.0343183447745272,0.0567249943494521));
#11805=CARTESIAN_POINT('',(0.0205489568158948,0.0343182230659408,0.056724780410859));
#11806=CARTESIAN_POINT('',(0.0206857964011189,0.0345471027242093,0.0567249372770016));
#11807=CARTESIAN_POINT('',(0.0208226356778064,0.0347759825667229,0.056725094462265));
#11808=CARTESIAN_POINT('',(0.0209594746466782,0.035004862593048,0.0567252519675939));
#11809=CARTESIAN_POINT('',(0.0209595516396349,0.0350048167408069,0.0567251720928402));
#11810=CARTESIAN_POINT('',(0.0207753148681555,0.035114474118029,0.0565974664764571));
#11811=CARTESIAN_POINT('',(0.0208466151839622,0.0350722896186655,0.0566171547803034));
#11812=CARTESIAN_POINT('',(0.020910820966968,0.0350339946672613,0.0566617300232776));
#11813=CARTESIAN_POINT('',(0.0209594747559552,0.0350048627758269,0.05672525196772));
#11814=CARTESIAN_POINT('',(0.0205798980345153,0.0350460039496265,0.0570428556793912));
#11815=CARTESIAN_POINT('',(0.0205485490892348,0.0343184662693953,0.0567252082613572));
#11816=CARTESIAN_POINT('',(0.0205991446499553,0.0342881716357424,0.0567906444801596));
#11817=CARTESIAN_POINT('',(0.020632827779606,0.0342678662175195,0.0568711105733006));
#11818=CARTESIAN_POINT('',(0.0206460213141307,0.0342599154099431,0.0569578417000674));
#11819=CARTESIAN_POINT('',(0.0206460777689879,0.0342598813884777,0.0569578299925393));
#11820=CARTESIAN_POINT('',(0.0206460213383634,0.0342599154506597,0.0569578416985032));
#11821=CARTESIAN_POINT('',(0.0207837413800706,0.034488266699732,0.0569578249262629));
#11822=CARTESIAN_POINT('',(0.0209214576208686,0.0347166202412139,0.0569578089423663));
#11823=CARTESIAN_POINT('',(0.0210591700659083,0.0349449760718233,0.0569577937804508));
#11824=CARTESIAN_POINT('',(0.021059113498237,0.0349450102112449,0.0569578060335246));
#11825=CARTESIAN_POINT('',(0.0209595315154096,0.0350048287905333,0.0567251936602618));
#11826=CARTESIAN_POINT('',(0.0210109078358788,0.0349740666458457,0.0567903189267398));
#11827=CARTESIAN_POINT('',(0.0210453539019765,0.0349533022667742,0.0568708057118652));
#11828=CARTESIAN_POINT('',(0.021059170088152,0.0349449761081372,0.0569577937820379));
#11829=CARTESIAN_POINT('',(0.0192355462741087,0.0358578928336182,0.0573392448180889));
#11830=CARTESIAN_POINT('',(0.0206460841923031,0.0342598775176493,0.0569578286004536));
#11831=CARTESIAN_POINT('',(0.0206661068244023,0.0342478112471888,0.0570837677955923));
#11832=CARTESIAN_POINT('',(0.020676016876829,0.0342418213031467,0.0572107825604063));
#11833=CARTESIAN_POINT('',(0.0206758302097661,0.03424193401572,0.0573388728959271));
#11834=CARTESIAN_POINT('',(0.0206759049677548,0.0342418888941236,0.0573388730442024));
#11835=CARTESIAN_POINT('',(0.0210894991640815,0.0349266803893544,0.0573388731927274));
#11836=CARTESIAN_POINT('',(0.0209516593457818,0.0346984015079442,0.0573388731927274));
#11837=CARTESIAN_POINT('',(0.0208138195274822,0.034470122626534,0.0573388731927274));
#11838=CARTESIAN_POINT('',(0.0206759797091826,0.0342418437451238,0.0573388731927274));
#11839=CARTESIAN_POINT('',(0.0210895467619651,0.0349266516487036,0.0573388731561878));
#11840=CARTESIAN_POINT('',(0.021059063510834,0.0349450403350949,0.0569578170123561));
#11841=CARTESIAN_POINT('',(0.021079350747841,0.034932814559749,0.057083731479023));
#11842=CARTESIAN_POINT('',(0.0210895224225362,0.0349266666602531,0.0572107501809244));
#11843=CARTESIAN_POINT('',(0.0210895944992165,0.0349266231384973,0.0573388731196988));
#11844=CARTESIAN_POINT('',(0.0206759797091826,0.0342418437451238,0.0577272576927274));
#11845=CARTESIAN_POINT('',(0.0206759797091826,0.0342418437451238,0.0528162948329624));
#11846=CARTESIAN_POINT('',(0.0206759797091826,0.0342418437451238,0.0581156421927274));
#11847=CARTESIAN_POINT('',(0.0206759797091826,0.0342418437451238,0.0581156421927274));
#11848=CARTESIAN_POINT('',(0.0210894993033662,0.0349266806200263,0.0581156421927274));
#11849=CARTESIAN_POINT('',(0.0210894993033662,0.0349266806200263,0.0528162948329624));
#11850=CARTESIAN_POINT('',(0.,0.,0.0581156421927274));
#11851=CARTESIAN_POINT('',(0.,0.,0.0581156421927274));
#11852=CARTESIAN_POINT('',(-0.00359854585437679,0.039837801994261,0.05811564219273));
#11853=CARTESIAN_POINT('',(-0.00359854585437679,0.039837801994261,0.0581156421927274));
#11854=CARTESIAN_POINT('',(-0.00362253616007264,0.0401033873408895,0.0581156421927274));
#11855=CARTESIAN_POINT('',(-0.00364652646576848,0.0403689726875178,0.0581156421927274));
#11856=CARTESIAN_POINT('',(-0.00367051677146433,0.0406345580341462,0.0581156421927274));
#11857=CARTESIAN_POINT('',(-0.00367051677146433,0.0406345580341462,0.0581156421927274));
#11858=CARTESIAN_POINT('',(0.,0.,0.0581156421927274));
#11859=CARTESIAN_POINT('',(-0.00367051677146222,0.0406345580341465,0.05811564219273));
#11860=CARTESIAN_POINT('',(-0.00618772883823725,0.0404071784450622,0.0581156408021756));
#11861=CARTESIAN_POINT('',(-0.00868365541277502,0.0399452382634762,0.0581145194104965));
#11862=CARTESIAN_POINT('',(-0.0135473173637076,0.0385680972242693,0.0581100366248131));
#11863=CARTESIAN_POINT('',(-0.0159149126870745,0.0376529360245066,0.0581066752716148));
#11864=CARTESIAN_POINT('',(-0.0181776601284864,0.0365268760264717,0.0581021938356798));
#11865=CARTESIAN_POINT('',(-0.00359854585437472,0.0398378019942612,0.05811564219273));
#11866=CARTESIAN_POINT('',(-0.00606640082180123,0.0396148808284923,0.0581156408021756));
#11867=CARTESIAN_POINT('',(-0.00851338765958335,0.0391619982975258,0.0581145194104965));
#11868=CARTESIAN_POINT('',(-0.0132816836899094,0.0378118600237935,0.0581100366248131));
#11869=CARTESIAN_POINT('',(-0.0156028555755658,0.0369146431612797,0.0581066752716148));
#11870=CARTESIAN_POINT('',(-0.0178212354200847,0.0358106627710508,0.0581021938356798));
#11871=CARTESIAN_POINT('',(-0.00359854585437464,0.0398378019942612,0.05811564219273));
#11872=CARTESIAN_POINT('',(-0.00853421083443198,0.039391963723487,0.0581156394116465));
#11873=CARTESIAN_POINT('',(-0.0133845161177221,0.0380186034530131,0.0581111566259631));
#11874=CARTESIAN_POINT('',(-0.0178212354200847,0.0358106627710507,0.0581021938356798));
#11875=CARTESIAN_POINT('',(-0.0178212354200865,0.0358106627710498,0.0581021938356767));
#11876=CARTESIAN_POINT('',(-0.0178212354200847,0.0358106627710508,0.0581021938356798));
#11877=CARTESIAN_POINT('',(-0.0179400436562186,0.0360494005228578,0.0581021938356798));
#11878=CARTESIAN_POINT('',(-0.0180588518923525,0.0362881382746647,0.0581021938356798));
#11879=CARTESIAN_POINT('',(-0.0181776601284864,0.0365268760264717,0.0581021938356798));
#11880=CARTESIAN_POINT('',(-0.0181776601284864,0.0365268760264717,0.0581021938356798));
#11881=CARTESIAN_POINT('',(-0.00367051677146213,0.0406345580341464,0.05811564219273));
#11882=CARTESIAN_POINT('',(-0.00870489505112061,0.0401798029979567,0.0581156394116465));
#11883=CARTESIAN_POINT('',(-0.0136522064400766,0.0387789755220734,0.0581111566259631));
#11884=CARTESIAN_POINT('',(-0.0181776601284864,0.0365268760264717,0.0581021938356798));
#11885=CARTESIAN_POINT('',(-0.0181776601284881,0.0365268760264709,0.0581021938356767));
#11886=CARTESIAN_POINT('',(-0.0201099239166446,0.0355652817638178,0.05809836756017));
#11887=CARTESIAN_POINT('',(-0.021965426156739,0.0344502057416571,0.0580762701296046));
#11888=CARTESIAN_POINT('',(-0.0237211479720541,0.0331955891480768,0.0580358990871875));
#11889=CARTESIAN_POINT('',(-0.0178212354200864,0.0358106627710499,0.0581021938356767));
#11890=CARTESIAN_POINT('',(-0.0197156116822973,0.0348679232982028,0.0580983675601714));
#11891=CARTESIAN_POINT('',(-0.021534731527095,0.0337747115107996,0.0580762701295839));
#11892=CARTESIAN_POINT('',(-0.0232560274235824,0.0325446952432126,0.0580358990871875));
#11893=CARTESIAN_POINT('',(-0.0178212354200863,0.0358106627710499,0.0581021938356766));
#11894=CARTESIAN_POINT('',(-0.0197155757372032,0.0348679411863382,0.0580983676327735));
#11895=CARTESIAN_POINT('',(-0.0215347633472991,0.0337746887724843,0.0580762693832771));
#11896=CARTESIAN_POINT('',(-0.0232560274235824,0.0325446952432126,0.0580358990871874));
#11897=CARTESIAN_POINT('',(-0.0232560274235825,0.0325446952432125,0.0580358990871873));
#11898=CARTESIAN_POINT('',(-0.0232560274235824,0.0325446952432126,0.0580358990871875));
#11899=CARTESIAN_POINT('',(-0.0234110676064063,0.0327616598781673,0.0580358990871875));
#11900=CARTESIAN_POINT('',(-0.0235661077892302,0.032978624513122,0.0580358990871875));
#11901=CARTESIAN_POINT('',(-0.0237211479720541,0.0331955891480768,0.0580358990871875));
#11902=CARTESIAN_POINT('',(-0.0237211479720541,0.0331955891480768,0.0580358990871875));
#11903=CARTESIAN_POINT('',(-0.018177660128488,0.0365268760264709,0.0581021938356766));
#11904=CARTESIAN_POINT('',(-0.0201098872519472,0.035565300010065,0.0580983676327735));
#11905=CARTESIAN_POINT('',(-0.0219654586142451,0.034450182547934,0.0580762693832771));
#11906=CARTESIAN_POINT('',(-0.0237211479720541,0.0331955891480768,0.0580358990871874));
#11907=CARTESIAN_POINT('',(-0.0237211479720541,0.0331955891480768,0.0580358990871874));
#11908=CARTESIAN_POINT('',(-0.0247920809815168,0.0324303139703324,0.0580112760589181));
#11909=CARTESIAN_POINT('',(-0.0258257671520586,0.0316133067968635,0.0579784137234306));
#11910=CARTESIAN_POINT('',(-0.0268174284260781,0.0307484232540821,0.0579373115657074));
#11911=CARTESIAN_POINT('',(-0.0232560274235824,0.0325446952432126,0.0580358990871874));
#11912=CARTESIAN_POINT('',(-0.0243059617465098,0.0317944254611641,0.0580112760589198));
#11913=CARTESIAN_POINT('',(-0.0253193795609408,0.0309934380360543,0.0579784137234264));
#11914=CARTESIAN_POINT('',(-0.026291596496155,0.0301455129941982,0.0579373115657074));
#11915=CARTESIAN_POINT('',(-0.0232560274235824,0.0325446952432126,0.0580358990871874));
#11916=CARTESIAN_POINT('',(-0.024305958789643,0.0317944275741037,0.0580112761282641));
#11917=CARTESIAN_POINT('',(-0.025319381981237,0.030993435925178,0.0579784136211041));
#11918=CARTESIAN_POINT('',(-0.0262915964961549,0.0301455129941982,0.0579373115657073));
#11919=CARTESIAN_POINT('',(-0.026291596496155,0.0301455129941981,0.0579373115657074));
#11920=CARTESIAN_POINT('',(-0.026291596496155,0.0301455129941982,0.0579373115657074));
#11921=CARTESIAN_POINT('',(-0.0264668738061294,0.0303464830808261,0.0579373115657074));
#11922=CARTESIAN_POINT('',(-0.0266421511161037,0.0305474531674541,0.0579373115657074));
#11923=CARTESIAN_POINT('',(-0.0268174284260781,0.0307484232540821,0.0579373115657074));
#11924=CARTESIAN_POINT('',(-0.0268174284260782,0.0307484232540821,0.0579373115657074));
#11925=CARTESIAN_POINT('',(-0.0237211479720541,0.0331955891480768,0.0580358990871874));
#11926=CARTESIAN_POINT('',(-0.0247920779654358,0.0324303161255858,0.0580112761282641));
#11927=CARTESIAN_POINT('',(-0.0258257696208617,0.0316133046436815,0.0579784136211041));
#11928=CARTESIAN_POINT('',(-0.026817428426078,0.0307484232540822,0.0579373115657073));
#11929=CARTESIAN_POINT('',(-0.0268174284260782,0.0307484232540821,0.0579373115657074));
#11930=CARTESIAN_POINT('',(-0.0268915221196467,0.0306838019787835,0.0579342406580759));
#11931=CARTESIAN_POINT('',(-0.0269591965079772,0.030624307221493,0.0579044383327367));
#11932=CARTESIAN_POINT('',(-0.0270797288962871,0.0305177776395287,0.0577925675707492));
#11933=CARTESIAN_POINT('',(-0.0271230026295235,0.030479238605491,0.0577192985432872));
#11934=CARTESIAN_POINT('',(-0.0271494742691744,0.0304556406418818,0.0576286959599782));
#11935=CARTESIAN_POINT('',(-0.026291596496155,0.0301455129941981,0.0579373115657074));
#11936=CARTESIAN_POINT('',(-0.0263642372434983,0.0300821589149793,0.0579342406635169));
#11937=CARTESIAN_POINT('',(-0.0264305848117423,0.0300238306093069,0.0579044383327367));
#11938=CARTESIAN_POINT('',(-0.0265487538198893,0.0299193898426752,0.0577925675707492));
#11939=CARTESIAN_POINT('',(-0.0265911790482595,0.0298816064762327,0.0577192985443097));
#11940=CARTESIAN_POINT('',(-0.0266171316364455,0.0298584712175311,0.0576286959599782));
#11941=CARTESIAN_POINT('',(-0.0262915964961551,0.0301455129941981,0.0579373115657073));
#11942=CARTESIAN_POINT('',(-0.0264371922298155,0.0300185307702864,0.0579311564768105));
#11943=CARTESIAN_POINT('',(-0.0265652264433541,0.0299047417498388,0.0578099011870104));
#11944=CARTESIAN_POINT('',(-0.0266171316364455,0.0298584712175311,0.0576286959599781));
#11945=CARTESIAN_POINT('',(-0.0266171316364455,0.0298584712175311,0.0576286959599782));
#11946=CARTESIAN_POINT('',(-0.0271494720569423,0.0304556426141509,0.0576286947985777));
#11947=CARTESIAN_POINT('',(-0.0269720162423974,0.0302565935132123,0.057628690547184));
#11948=CARTESIAN_POINT('',(-0.0267945576247595,0.0300575469113125,0.0576286848241936));
#11949=CARTESIAN_POINT('',(-0.0266170961982177,0.0298585028137949,0.057628677649911));
#11950=CARTESIAN_POINT('',(-0.0271494742691744,0.0304556406418818,0.0576286959599782));
#11951=CARTESIAN_POINT('',(-0.0268174284260782,0.030748423254082,0.0579373115657073));
#11952=CARTESIAN_POINT('',(-0.0269659360744118,0.0306189013856921,0.0579311564768105));
#11953=CARTESIAN_POINT('',(-0.0270965309722211,0.0305028365848356,0.0578099011870104));
#11954=CARTESIAN_POINT('',(-0.0271494742691744,0.0304556406418817,0.0576286959599781));
#11955=CARTESIAN_POINT('',(-0.0264664212342764,0.0308505740255132,0.0573268708390997));
#11956=CARTESIAN_POINT('',(-0.0266170961956854,0.0298585028101432,0.0576286776501191));
#11957=CARTESIAN_POINT('',(-0.0266363386807473,0.0298413492683466,0.0575618342362159));
#11958=CARTESIAN_POINT('',(-0.0266488919129771,0.0298301294354829,0.0574928097536587));
#11959=CARTESIAN_POINT('',(-0.0266547784156663,0.0298248686101336,0.0574216041917686));
#11960=CARTESIAN_POINT('',(-0.0271494721038743,0.0304556404399446,0.0576286953792529));
#11961=CARTESIAN_POINT('',(-0.0271690091162471,0.0304382243040583,0.0575619055727666));
#11962=CARTESIAN_POINT('',(-0.0271818480481788,0.0304267514700356,0.0574928816528184));
#11963=CARTESIAN_POINT('',(-0.0271880116409497,0.030421242956388,0.0574216247821819));
#11964=CARTESIAN_POINT('',(0.0257167337996092,0.0314852141055767,0.0590730328886641));
#11965=CARTESIAN_POINT('',(0.026582726408512,0.0309515533807391,0.0594664613192339));
#11966=CARTESIAN_POINT('',(0.0266171410256344,0.0309219964037382,0.0593509583163516));
#11967=CARTESIAN_POINT('',(0.0266358426571703,0.0309058554692267,0.059231193558928));
#11968=CARTESIAN_POINT('',(0.0266389046175476,0.0309032160264462,0.0591071670184171));
#11969=CARTESIAN_POINT('',(0.,0.,0.0528162948329624));
#11970=CARTESIAN_POINT('',(0.,2.4492935982947E-18,0.107));
#11971=CARTESIAN_POINT('',(0.,0.,0.0456873381927274));
#11972=CARTESIAN_POINT('',(4.77165300879597E-5,-9.73120841207793E-6,0.0456873381927274));
#11973=CARTESIAN_POINT('',(0.00820056243827115,0.0399673713883715,0.0456873381927274));
#11974=CARTESIAN_POINT('',(0.,0.,0.0456873381927274));
#11975=CARTESIAN_POINT('',(0.0118488734241294,0.0390415701346521,0.0456873381927274));
#11976=CARTESIAN_POINT('',(0.0116165425726759,0.0382760491516198,0.0456873381927274));
#11977=CARTESIAN_POINT('',(0.00807292179696668,0.0395851984163244,0.0462699149427274));
#11978=CARTESIAN_POINT('',(0.00794527281950665,0.0392029678242354,0.0468524516663158));
#11979=CARTESIAN_POINT('',(0.00799855720776593,0.0394642565185144,0.0468524783499375));
#11980=CARTESIAN_POINT('',(0.00805184159602521,0.0397255452127933,0.0468525050335592));
#11981=CARTESIAN_POINT('',(0.00810512598428449,0.0399868339070723,0.0468525317171808));
#11982=CARTESIAN_POINT('',(0.00810465705244995,0.0399869295403157,0.0468524890440443));
#11983=CARTESIAN_POINT('',(0.,0.,0.0462699149427265));
#11984=CARTESIAN_POINT('',(0.00810465683330527,0.0399869295847325,0.0468524916927273));
#11985=CARTESIAN_POINT('',(0.00808673569595858,0.0399905618883319,0.0470690960773921));
#11986=CARTESIAN_POINT('',(0.00805983815791993,0.0399960041554084,0.0472845795644169));
#11987=CARTESIAN_POINT('',(0.00802395331693304,0.0400032020364331,0.0474989421575974));
#11988=CARTESIAN_POINT('',(0.00794574199343654,0.0392028721418946,0.0468524916927273));
#11989=CARTESIAN_POINT('',(0.00792817225094022,0.0392064332238547,0.0470690960773867));
#11990=CARTESIAN_POINT('',(0.00790180211560106,0.0392117687798135,0.0472845795644578));
#11991=CARTESIAN_POINT('',(0.00786662089895396,0.0392188255259147,0.0474989421575974));
#11992=CARTESIAN_POINT('',(0.00802387258710422,0.0400032182422515,0.0474989283875683));
#11993=CARTESIAN_POINT('',(0.00797138960007166,0.0397417672059237,0.0474989221804986));
#11994=CARTESIAN_POINT('',(0.00791890271291546,0.0394803169525121,0.0474989153081877));
#11995=CARTESIAN_POINT('',(0.00786641192190767,0.0392188674828891,0.0474989077939372));
#11996=CARTESIAN_POINT('',(0.00802395331693304,0.0400032020364331,0.0474989421575974));
#11997=CARTESIAN_POINT('',(0.00810465683330522,0.0399869295847326,0.0468524916927273));
#11998=CARTESIAN_POINT('',(0.00808673569597221,0.0399905618883291,0.047069096077228));
#11999=CARTESIAN_POINT('',(0.00805983815773565,0.0399960041554453,0.047284579565518));
#12000=CARTESIAN_POINT('',(0.00802395331693301,0.040003202036433,0.0474989421575973));
#12001=CARTESIAN_POINT('',(0.00730956623568563,0.0399830526229471,0.0473833090915904));
#12002=CARTESIAN_POINT('',(0.00773424690185054,0.039245145384458,0.0478135034216836));
#12003=CARTESIAN_POINT('',(0.00778589592470555,0.0395067623082642,0.0478135696012382));
#12004=CARTESIAN_POINT('',(0.00783753967828514,0.0397683802733748,0.0478136317015203));
#12005=CARTESIAN_POINT('',(0.00788917819297653,0.0400299992734535,0.04781368968198));
#12006=CARTESIAN_POINT('',(0.00788907578131558,0.040030019504629,0.0478136125205089));
#12007=CARTESIAN_POINT('',(0.00802387258602684,0.0400032182277105,0.0474989283878698));
#12008=CARTESIAN_POINT('',(0.00800503764517428,0.0400069961528941,0.0476137985820237));
#12009=CARTESIAN_POINT('',(0.00795897620649105,0.0400162436858257,0.0477214768281806));
#12010=CARTESIAN_POINT('',(0.00788917825371228,0.0400299995813284,0.04781368968209));
#12011=CARTESIAN_POINT('',(0.00753936004262981,0.039935567208836,0.047572990305201));
#12012=CARTESIAN_POINT('',(0.00750197466002267,0.0392902074520556,0.0479690716115185));
#12013=CARTESIAN_POINT('',(0.00755191909868025,0.0395521548256919,0.0479687455699279));
#12014=CARTESIAN_POINT('',(0.00760185933872427,0.0398141029764578,0.0479684007259509));
#12015=CARTESIAN_POINT('',(0.0076517956926792,0.0400760518418406,0.0479680370100463));
#12016=CARTESIAN_POINT('',(0.00765187678821005,0.0400760374988754,0.0479684303595905));
#12017=CARTESIAN_POINT('',(0.00788894529950192,0.0400300454916237,0.0478135136636067));
#12018=CARTESIAN_POINT('',(0.00783125407577372,0.0400414150242501,0.0478926494177057));
#12019=CARTESIAN_POINT('',(0.00774658146522852,0.0400579553575933,0.047947833584335));
#12020=CARTESIAN_POINT('',(0.00765179588788383,0.0400760529454956,0.0479680370116416));
#12021=CARTESIAN_POINT('',(0.00720517735861679,0.0399976299286023,0.0461447144871097));
#12022=CARTESIAN_POINT('',(0.00708871206525608,0.0393668667473568,0.0480181089664209));
#12023=CARTESIAN_POINT('',(0.00713596991228024,0.0396293122963968,0.0480178484360949));
#12024=CARTESIAN_POINT('',(0.00718322772143737,0.0398917578412151,0.0480175767842695));
#12025=CARTESIAN_POINT('',(0.00723048555789283,0.0401542033691349,0.0480172940109257));
#12026=CARTESIAN_POINT('',(0.00723048515842526,0.0401542038194482,0.048017469601625));
#12027=CARTESIAN_POINT('',(0.00765195289932703,0.0400760229784951,0.0479687640485931));
#12028=CARTESIAN_POINT('',(0.00751344305149357,0.0401024694857317,0.0480015075686801));
#12029=CARTESIAN_POINT('',(0.00737295738171868,0.0401285491365992,0.0480176826969025));
#12030=CARTESIAN_POINT('',(0.00723048562095361,0.0401542037361617,0.0480172940105228));
#12031=CARTESIAN_POINT('',(0.00719999891933065,0.0399972025906892,0.0467389163964853));
#12032=CARTESIAN_POINT('',(0.00669276863617145,0.0394361118329149,0.0479522541455828));
#12033=CARTESIAN_POINT('',(0.00673749941279491,0.0396989996948701,0.0479519167784685));
#12034=CARTESIAN_POINT('',(0.0067822304333308,0.0399618875143693,0.0479515786680371));
#12035=CARTESIAN_POINT('',(0.00682696169918299,0.0402247752911695,0.0479512398147646));
#12036=CARTESIAN_POINT('',(0.00682689478808154,0.040224787228124,0.0479514425584211));
#12037=CARTESIAN_POINT('',(0.00723048532406906,0.0401542037902662,0.0480175357459274));
#12038=CARTESIAN_POINT('',(0.00709251900117751,0.0401790471037607,0.0480178922126805));
#12039=CARTESIAN_POINT('',(0.00695800480539156,0.0402025351942886,0.0479957939499879));
#12040=CARTESIAN_POINT('',(0.00682696178658767,0.040224775857231,0.0479512398110917));
#12041=CARTESIAN_POINT('',(0.00713140201998669,0.040011518300389,0.0469323463497495));
#12042=CARTESIAN_POINT('',(0.00635674781074023,0.03949166743906,0.0477615859812208));
#12043=CARTESIAN_POINT('',(0.00639929273183327,0.0397549181378781,0.047761384155204));
#12044=CARTESIAN_POINT('',(0.00644183953594966,0.0400181685306077,0.0477611800255646));
#12045=CARTESIAN_POINT('',(0.00648438821376257,0.0402814186186822,0.0477609735845208));
#12046=CARTESIAN_POINT('',(0.00648429802745477,0.040281433428849,0.0477610848672523));
#12047=CARTESIAN_POINT('',(0.00682686722468568,0.0402247919076139,0.0479515279263471));
#12048=CARTESIAN_POINT('',(0.00670103355828746,0.0402461481332687,0.0479097283937994));
#12049=CARTESIAN_POINT('',(0.00658685657231769,0.0402649238461679,0.0478462117259029));
#12050=CARTESIAN_POINT('',(0.00648438825982978,0.0402814189037052,0.0477609735842968));
#12051=CARTESIAN_POINT('',(0.00752518085256004,0.0399538349613482,0.0464406105267393));
#12052=CARTESIAN_POINT('',(0.00604341109544609,0.0395408293509903,0.0474121342527552));
#12053=CARTESIAN_POINT('',(0.00608375897752347,0.0398044259191816,0.0474120941434814));
#12054=CARTESIAN_POINT('',(0.00612412180751737,0.0400680201977707,0.0474120436992791));
#12055=CARTESIAN_POINT('',(0.00616449950257699,0.0403316121968753,0.0474119827991216));
#12056=CARTESIAN_POINT('',(0.00616441326761751,0.0403316254205806,0.0474120434560294));
#12057=CARTESIAN_POINT('',(0.00648424469778227,0.0402814420136529,0.0477611512093602));
#12058=CARTESIAN_POINT('',(0.00636154185001193,0.0403011939204935,0.0476599595357228));
#12059=CARTESIAN_POINT('',(0.0062549382472951,0.0403177890982024,0.0475435716707787));
#12060=CARTESIAN_POINT('',(0.00616449950904106,0.0403316122390741,0.0474119827991118));
#12061=CARTESIAN_POINT('',(0.00616441326761751,0.0403316254205806,0.0474120434560294));
#12062=CARTESIAN_POINT('',(0.00604042005920714,0.040350576934958,0.0472319294032666));
#12063=CARTESIAN_POINT('',(0.00592652795247273,0.0403674033593526,0.0470456920142259));
#12064=CARTESIAN_POINT('',(0.00582277942054091,0.0403823629796441,0.0468533312246626));
#12065=CARTESIAN_POINT('',(0.00604354241923286,0.0395408092358633,0.0474120434560294));
#12066=CARTESIAN_POINT('',(0.005921980450896,0.0395593891518136,0.0472319294042933));
#12067=CARTESIAN_POINT('',(0.0058103215225315,0.0395758856463522,0.0470456920151704));
#12068=CARTESIAN_POINT('',(0.00570860727504011,0.0395905519408275,0.0468533312246626));
#12069=CARTESIAN_POINT('',(0.00570860727504011,0.0395905519408275,0.0468533312246626));
#12070=CARTESIAN_POINT('',(0.00574666465687371,0.0398544889537664,0.0468533312246626));
#12071=CARTESIAN_POINT('',(0.00578472203870731,0.0401184259667052,0.0468533312246626));
#12072=CARTESIAN_POINT('',(0.00582277942054091,0.0403823629796441,0.0468533312246626));
#12073=CARTESIAN_POINT('',(0.00582277942054091,0.0403823629796441,0.0468533312246626));
#12074=CARTESIAN_POINT('',(0.00616441326761747,0.0403316254205806,0.0474120434560293));
#12075=CARTESIAN_POINT('',(0.00604042009057174,0.040350576930164,0.0472319294488272));
#12076=CARTESIAN_POINT('',(0.00592652796549555,0.0403674033574749,0.0470456920383716));
#12077=CARTESIAN_POINT('',(0.00582277942054089,0.040382362979644,0.0468533312246625));
#12078=CARTESIAN_POINT('',(0.00582277942054094,0.0403823629796441,0.0468533312246626));
#12079=CARTESIAN_POINT('',(0.00561345781048374,0.0404125453036435,0.0464652265684813));
#12080=CARTESIAN_POINT('',(0.00540390152145871,0.040441100069799,0.046077121912779));
#12081=CARTESIAN_POINT('',(0.00519413588918706,0.0404680238257894,0.0456890172565978));
#12082=CARTESIAN_POINT('',(0.00570860727504014,0.0395905519408275,0.0468533312246626));
#12083=CARTESIAN_POINT('',(0.00550339001028074,0.0396201424545521,0.0464652265684862));
#12084=CARTESIAN_POINT('',(0.0052979426680942,0.0396481373233327,0.0460771219127742));
#12085=CARTESIAN_POINT('',(0.0050922900874383,0.0396745331625386,0.0456890172565978));
#12086=CARTESIAN_POINT('',(0.00519413588756747,0.0404680238259543,0.0456890213641405));
#12087=CARTESIAN_POINT('',(0.00516018728807692,0.0402035269380928,0.0456890185937258));
#12088=CARTESIAN_POINT('',(0.00512623868858636,0.0399390300502314,0.0456890158233111));
#12089=CARTESIAN_POINT('',(0.0050922900890958,0.0396745331623699,0.0456890130528965));
#12090=CARTESIAN_POINT('',(0.00519413615948852,0.0404680237910958,0.0456890177567047));
#12091=CARTESIAN_POINT('',(0.00582277942054089,0.0403823629796441,0.0468533312246625));
#12092=CARTESIAN_POINT('',(0.00561345790047957,0.0404125452906669,0.0464652267353432));
#12093=CARTESIAN_POINT('',(0.00540390170139352,0.0404411000452799,0.046077122246024));
#12094=CARTESIAN_POINT('',(0.0051941361594885,0.0404680237910958,0.0456890177567047));
#12095=CARTESIAN_POINT('',(0.00409105914887688,0.0401923272659964,0.0456885974906302));
#12096=CARTESIAN_POINT('',(0.00300603360535221,0.0398868870929656,0.0456881819283638));
#12097=CARTESIAN_POINT('',(0.0030260738304913,0.0401527996734731,0.0456881791579492));
#12098=CARTESIAN_POINT('',(0.0030461140556304,0.0404187122539805,0.0456881763875345));
#12099=CARTESIAN_POINT('',(0.00306615428076949,0.040684624834488,0.0456881736171198));
#12100=CARTESIAN_POINT('',(0.00306615427914995,0.0406846248346528,0.0456881777246626));
#12101=CARTESIAN_POINT('',(0.00519413588918703,0.0404680238257894,0.0456890172565977));
#12102=CARTESIAN_POINT('',(0.0044868639952065,0.0405588033099508,0.0456887374126193));
#12103=CARTESIAN_POINT('',(0.00377721177448413,0.0406310367288045,0.0456884575686409));
#12104=CARTESIAN_POINT('',(0.00306615427914989,0.0406846248346528,0.0456881777246625));
#12105=CARTESIAN_POINT('',(0.0030661542791499,0.0406846248346528,0.0456881777246626));
#12106=CARTESIAN_POINT('',(0.00256401193176774,0.0407224682684666,0.045687980130371));
#12107=CARTESIAN_POINT('',(0.00206146788926307,0.0407509917206255,0.0456999180349581));
#12108=CARTESIAN_POINT('',(0.00155886787505295,0.0407702088656427,0.0457239914361765));
#12109=CARTESIAN_POINT('',(0.00300603360700971,0.0398868870927969,0.0456881777246626));
#12110=CARTESIAN_POINT('',(0.00251373718800531,0.0399239884984968,0.045687980130371));
#12111=CARTESIAN_POINT('',(0.00202104695026093,0.0399519526672798,0.0456999180349579));
#12112=CARTESIAN_POINT('',(0.0015283018382872,0.039970793005532,0.0457239914361765));
#12113=CARTESIAN_POINT('',(0.0015283018382872,0.039970793005532,0.0457239914361765));
#12114=CARTESIAN_POINT('',(0.00153849051720912,0.0402372649589022,0.0457239914361765));
#12115=CARTESIAN_POINT('',(0.00154867919613103,0.0405037369122725,0.0457239914361765));
#12116=CARTESIAN_POINT('',(0.00155886787505295,0.0407702088656427,0.0457239914361765));
#12117=CARTESIAN_POINT('',(0.00155886787505295,0.0407702088656427,0.0457239914361765));
#12118=CARTESIAN_POINT('',(0.00306615427914989,0.0406846248346528,0.0456881777246625));
#12119=CARTESIAN_POINT('',(0.00256401200445212,0.0407224682629888,0.0456879801303996));
#12120=CARTESIAN_POINT('',(0.00206146790430417,0.0407509917200503,0.0456999180342376));
#12121=CARTESIAN_POINT('',(0.00155886787505291,0.0407702088656427,0.0457239914361765));
#12122=CARTESIAN_POINT('',(0.00155886787505295,0.0407702088656427,0.0457239914361766));
#12123=CARTESIAN_POINT('',(0.00147050954000716,0.0407735872876285,0.0457282236959808));
#12124=CARTESIAN_POINT('',(0.00138483497904091,0.0407765721754529,0.0457480975813283));
#12125=CARTESIAN_POINT('',(0.00122235968879711,0.0407817660614434,0.0458182005928022));
#12126=CARTESIAN_POINT('',(0.0011501035138856,0.0407838358638265,0.0458665155941765));
#12127=CARTESIAN_POINT('',(0.00108683410829453,0.0407855218382829,0.0459280940157862));
#12128=CARTESIAN_POINT('',(0.0015283018382872,0.039970793005532,0.0457239914361766));
#12129=CARTESIAN_POINT('',(0.00144167619910881,0.0399741051770864,0.0457282236872113));
#12130=CARTESIAN_POINT('',(0.00135768135200089,0.0399770315445617,0.0457480975813283));
#12131=CARTESIAN_POINT('',(0.00119839185176187,0.0399821235896504,0.0458182005928022));
#12132=CARTESIAN_POINT('',(0.00112755246508152,0.0399841528076601,0.0458665155936923));
#12133=CARTESIAN_POINT('',(0.00106552363558288,0.0399858057238067,0.0459280940157862));
#12134=CARTESIAN_POINT('',(0.00106552363558288,0.0399858057238067,0.0459280940157862));
#12135=CARTESIAN_POINT('',(0.00107262712648676,0.0402523777619654,0.0459280940157862));
#12136=CARTESIAN_POINT('',(0.00107973061739065,0.0405189498001242,0.0459280940157862));
#12137=CARTESIAN_POINT('',(0.00108683410829453,0.0407855218382829,0.0459280940157862));
#12138=CARTESIAN_POINT('',(0.00108683410829453,0.0407855218382829,0.0459280940157862));
#12139=CARTESIAN_POINT('',(0.00155886787505291,0.0407702088656427,0.0457239914361765));
#12140=CARTESIAN_POINT('',(0.00138164595690974,0.0407769850280082,0.0457324801565694));
#12141=CARTESIAN_POINT('',(0.00121337297112529,0.0407821498879939,0.0458049371222987));
#12142=CARTESIAN_POINT('',(0.00108683410829452,0.0407855218382829,0.0459280940157861));
#12143=CARTESIAN_POINT('',(0.00108683410829453,0.0407855218382829,0.0459280940157862));
#12144=CARTESIAN_POINT('',(0.00103274940244422,0.0407869630630216,0.0459807333371041));
#12145=CARTESIAN_POINT('',(0.000997165635790417,0.0407878159506493,0.0460443755593485));
#12146=CARTESIAN_POINT('',(0.000964352613406712,0.0407886049450855,0.0461908232125505));
#12147=CARTESIAN_POINT('',(0.00096966314336664,0.0407884847019447,0.046262695114784));
#12148=CARTESIAN_POINT('',(0.000996690096747376,0.0407878242720919,0.0463332150913678));
#12149=CARTESIAN_POINT('',(0.00106552363558288,0.0399858057238067,0.0459280940157862));
#12150=CARTESIAN_POINT('',(0.00101250132837366,0.0399872186382278,0.0459807314367866));
#12151=CARTESIAN_POINT('',(0.000977613368421977,0.0399880548535777,0.0460443755593485));
#12152=CARTESIAN_POINT('',(0.000945443738634031,0.0399888283775348,0.0461908232125505));
#12153=CARTESIAN_POINT('',(0.000950650140550065,0.0399887104921028,0.0462626951147695));
#12154=CARTESIAN_POINT('',(0.000977147153673898,0.0399880630118548,0.0463332150913678));
#12155=CARTESIAN_POINT('',(0.000977147153673898,0.0399880630118548,0.0463332150913678));
#12156=CARTESIAN_POINT('',(0.000983661468031724,0.0402546500986005,0.0463332150913678));
#12157=CARTESIAN_POINT('',(0.00099017578238955,0.0405212371853462,0.0463332150913678));
#12158=CARTESIAN_POINT('',(0.000996690096747376,0.0407878242720919,0.0463332150913678));
#12159=CARTESIAN_POINT('',(0.000996690096747375,0.0407878242720919,0.0463332150913678));
#12160=CARTESIAN_POINT('',(0.00108683410829452,0.0407855218382829,0.0459280940157861));
#12161=CARTESIAN_POINT('',(0.000978362871834177,0.0407884123306498,0.0460336664170783));
#12162=CARTESIAN_POINT('',(0.000942636189658435,0.0407891451318055,0.0461921751373454));
#12163=CARTESIAN_POINT('',(0.000996690096747339,0.0407878242720919,0.0463332150913677));
#12164=CARTESIAN_POINT('',(0.000996690096747376,0.0407878242720919,0.0463332150913678));
#12165=CARTESIAN_POINT('',(0.00112140974513703,0.0407847766263633,0.0466586390689548));
#12166=CARTESIAN_POINT('',(0.00126517402044068,0.0407807045735444,0.046975753171401));
#12167=CARTESIAN_POINT('',(0.00142795706134696,0.0407750038458729,0.0472845576420886));
#12168=CARTESIAN_POINT('',(0.000977147153673898,0.0399880630118548,0.0463332150913678));
#12169=CARTESIAN_POINT('',(0.00109942131950337,0.0399850751238675,0.0466586390709285));
#12170=CARTESIAN_POINT('',(0.0012403666884734,0.0399810829151777,0.0469757531748198));
#12171=CARTESIAN_POINT('',(0.00139995790328134,0.039975493966542,0.0472845576420886));
#12172=CARTESIAN_POINT('',(0.00139995790328134,0.039975493966542,0.0472845576420886));
#12173=CARTESIAN_POINT('',(0.00140929095596988,0.0402419972596523,0.0472845576420886));
#12174=CARTESIAN_POINT('',(0.00141862400865842,0.0405085005527626,0.0472845576420886));
#12175=CARTESIAN_POINT('',(0.00142795706134696,0.0407750038458729,0.0472845576420886));
#12176=CARTESIAN_POINT('',(0.00142795706134696,0.0407750038458729,0.0472845576420886));
#12177=CARTESIAN_POINT('',(0.000996690096747339,0.0407878242720919,0.0463332150913677));
#12178=CARTESIAN_POINT('',(0.00112140976178234,0.0407847766259566,0.0466586391123864));
#12179=CARTESIAN_POINT('',(0.00126517408610067,0.040780704571245,0.04697575329596));
#12180=CARTESIAN_POINT('',(0.00142795706134693,0.0407750038458729,0.0472845576420885));
#12181=CARTESIAN_POINT('',(0.00142795706134698,0.0407750038458729,0.0472845576420886));
#12182=CARTESIAN_POINT('',(0.00152205798676895,0.040771708393555,0.0474630701848381));
#12183=CARTESIAN_POINT('',(0.00160924856724897,0.0407683305467079,0.0476447689790566));
#12184=CARTESIAN_POINT('',(0.00168953209741634,0.0407650031435275,0.0478296540450082));
#12185=CARTESIAN_POINT('',(0.00139995790328136,0.039975493966542,0.0472845576420886));
#12186=CARTESIAN_POINT('',(0.00149221371229783,0.0399722631309441,0.047463070184411));
#12187=CARTESIAN_POINT('',(0.00157769467363762,0.039968951516386,0.0476447689787374));
#12188=CARTESIAN_POINT('',(0.00165640401707484,0.0399656893563995,0.0478296540450082));
#12189=CARTESIAN_POINT('',(0.00168949390225912,0.040765004730797,0.0478296707433104));
#12190=CARTESIAN_POINT('',(0.00167842628025437,0.0404985678391297,0.0478296813793419));
#12191=CARTESIAN_POINT('',(0.00166735467626572,0.0402321311129409,0.0478296937562321));
#12192=CARTESIAN_POINT('',(0.00165627908083888,0.0399656945527646,0.047829707852142));
#12193=CARTESIAN_POINT('',(0.00168953209741634,0.0407650031435275,0.0478296540450082));
#12194=CARTESIAN_POINT('',(0.00142795706134693,0.0407750038458729,0.0472845576420885));
#12195=CARTESIAN_POINT('',(0.00152205797877685,0.0407717083938349,0.0474630701696769));
#12196=CARTESIAN_POINT('',(0.00160924856359853,0.0407683305468592,0.0476447689706501));
#12197=CARTESIAN_POINT('',(0.0016895320974163,0.0407650031435274,0.0478296540450081));
#12198=CARTESIAN_POINT('',(0.000884950787865522,0.0406387035928333,0.048177476529868));
#12199=CARTESIAN_POINT('',(0.00172696273873811,0.0399627027748282,0.048155942599974));
#12200=CARTESIAN_POINT('',(0.0017386358642994,0.0402291136976548,0.0481559390010802));
#12201=CARTESIAN_POINT('',(0.00175030537556329,0.0404955247788474,0.0481559354772629));
#12202=CARTESIAN_POINT('',(0.00176197127294497,0.0407619360182897,0.0481559320465827));
#12203=CARTESIAN_POINT('',(0.00176182788210614,0.0407619422972964,0.048155936458367));
#12204=CARTESIAN_POINT('',(0.00168949390240616,0.0407650047261557,0.0478296707431622));
#12205=CARTESIAN_POINT('',(0.00173489461218716,0.0407631231067899,0.0479336977195059));
#12206=CARTESIAN_POINT('',(0.00175905219189469,0.0407620625572755,0.0480424514771854));
#12207=CARTESIAN_POINT('',(0.00176197128871468,0.0407619363766952,0.0481559320495065));
#12208=CARTESIAN_POINT('',(0.00124250070395526,0.040624221666273,0.0481719981268227));
#12209=CARTESIAN_POINT('',(0.00165999115661199,0.0399655407879055,0.0484273126197174));
#12210=CARTESIAN_POINT('',(0.00167120332898734,0.0402319714916711,0.0484273944053245));
#12211=CARTESIAN_POINT('',(0.00168241435108723,0.0404984022440452,0.0484274755344191));
#12212=CARTESIAN_POINT('',(0.00169362422550261,0.0407648330449069,0.0484275560024733));
#12213=CARTESIAN_POINT('',(0.00169359270818911,0.0407648343763879,0.0484275380770572));
#12214=CARTESIAN_POINT('',(0.0017616845067514,0.0407619487646036,0.04815594086846));
#12215=CARTESIAN_POINT('',(0.00176460688687606,0.0407618224626984,0.0482511348104695));
#12216=CARTESIAN_POINT('',(0.00174108591840384,0.0407628614835132,0.048345009388868));
#12217=CARTESIAN_POINT('',(0.0016936242375875,0.040764833336368,0.0484275560028705));
#12218=CARTESIAN_POINT('',(9.62504015783678E-5,0.0406695091769301,0.0475267584778518));
#12219=CARTESIAN_POINT('',(0.0014366645874271,0.0399741919316178,0.0487449705429794));
#12220=CARTESIAN_POINT('',(0.00144624438749992,0.0402406863544309,0.0487449717952262));
#12221=CARTESIAN_POINT('',(0.00145579871559657,0.0405071816930021,0.0487449506797401));
#12222=CARTESIAN_POINT('',(0.00146532780850607,0.0407736779301907,0.0487449069290276));
#12223=CARTESIAN_POINT('',(0.0014655050266723,0.0407736715624141,0.0487450639040189));
#12224=CARTESIAN_POINT('',(0.00169356120120654,0.0407648359551086,0.0484275201514708));
#12225=CARTESIAN_POINT('',(0.00162885072621645,0.0407675243297135,0.0485414955580054));
#12226=CARTESIAN_POINT('',(0.00155277545576566,0.040770535253801,0.0486472895531876));
#12227=CARTESIAN_POINT('',(0.00146533049331863,0.0407736778638542,0.0487449039331882));
#12228=CARTESIAN_POINT('',(0.00357219653821467,0.0405463966985117,0.0506410051147675));
#12229=CARTESIAN_POINT('',(0.000844879284158633,0.0399910764975838,0.049812654614247));
#12230=CARTESIAN_POINT('',(0.000850280925882361,0.040257688361017,0.0498125851736908));
#12231=CARTESIAN_POINT('',(0.000855710173546512,0.0405242996672923,0.0498125239780929));
#12232=CARTESIAN_POINT('',(0.000861166961882004,0.0407909104115594,0.0498124712425941));
#12233=CARTESIAN_POINT('',(0.000861499783758021,0.040790903619834,0.0498125734807054));
#12234=CARTESIAN_POINT('',(0.0014656809071759,0.0407736652691212,0.0487452223800879));
#12235=CARTESIAN_POINT('',(0.0011879739139985,0.040783647934035,0.0490538246185604));
#12236=CARTESIAN_POINT('',(0.000983060420538596,0.0407883372650321,0.0494154931992277));
#12237=CARTESIAN_POINT('',(0.000861166966492912,0.0407909106475428,0.0498124712432604));
#12238=CARTESIAN_POINT('',(0.000861499783758021,0.040790903619834,0.0498125734807054));
#12239=CARTESIAN_POINT('',(0.000741743353398249,0.0407934328636041,0.0502013867663706));
#12240=CARTESIAN_POINT('',(0.000710673179995449,0.040793855059513,0.0506149074678419));
#12241=CARTESIAN_POINT('',(0.000771217998928243,0.0407927104125006,0.0510170227922926));
#12242=CARTESIAN_POINT('',(0.000844607631135315,0.0399910819802294,0.0498125734807054));
#12243=CARTESIAN_POINT('',(0.000727202977501737,0.0399935615547115,0.0502013748066501));
#12244=CARTESIAN_POINT('',(0.000696740053593424,0.039993975517502,0.0506149185903528));
#12245=CARTESIAN_POINT('',(0.000756096077380631,0.0399928533455887,0.0510170227922926));
#12246=CARTESIAN_POINT('',(0.000771008922336452,0.0407927142567728,0.0510170546768036));
#12247=CARTESIAN_POINT('',(0.000766103496389217,0.0405260927553915,0.0510170344761048));
#12248=CARTESIAN_POINT('',(0.000761210649417247,0.0402594710227218,0.0510170123570924));
#12249=CARTESIAN_POINT('',(0.000756330391900346,0.0399928490597803,0.0510169883896656));
#12250=CARTESIAN_POINT('',(0.000771217998928243,0.0407927104125006,0.0510170227922926));
#12251=CARTESIAN_POINT('',(0.000861499783758003,0.040790903619834,0.0498125734807053));
#12252=CARTESIAN_POINT('',(0.000741465527118443,0.0407934387312672,0.050202288785146));
#12253=CARTESIAN_POINT('',(0.000710468951903435,0.0407938589206043,0.0506135510636622));
#12254=CARTESIAN_POINT('',(0.000771217998928207,0.0407927104125005,0.0510170227922925));
#12255=CARTESIAN_POINT('',(0.00321479711586012,0.0405837857771175,0.0506467513642894));
#12256=CARTESIAN_POINT('',(0.00118513499734295,0.0399824407574326,0.0520880429635388));
#12257=CARTESIAN_POINT('',(0.00119270574534729,0.0402489995470651,0.0520882737473055));
#12258=CARTESIAN_POINT('',(0.00120029317516298,0.0405155578731336,0.052088492715999));
#12259=CARTESIAN_POINT('',(0.00120789720316145,0.0407821157349778,0.0520886997524464));
#12260=CARTESIAN_POINT('',(0.00120804955135216,0.0407821114740455,0.0520885902310498));
#12261=CARTESIAN_POINT('',(0.000771008921042566,0.0407927143614873,0.0510170546773027));
#12262=CARTESIAN_POINT('',(0.000830118548284489,0.0407915971509599,0.0514047894679636));
#12263=CARTESIAN_POINT('',(0.000979115748145995,0.0407888921058793,0.0517701929099439));
#12264=CARTESIAN_POINT('',(0.00120789721053822,0.0407821159864073,0.0520886997529259));
#12265=CARTESIAN_POINT('',(0.00120804955135218,0.0407821114740455,0.0520885902310498));
#12266=CARTESIAN_POINT('',(0.0013178173134714,0.0407788599284294,0.0522413089192275));
#12267=CARTESIAN_POINT('',(0.00144676885779523,0.0407746053728494,0.052378063045141));
#12268=CARTESIAN_POINT('',(0.0017403707189125,0.0407631290899047,0.0526169747114005));
#12269=CARTESIAN_POINT('',(0.00190068798100812,0.0407560752591546,0.052715570959309));
#12270=CARTESIAN_POINT('',(0.00207448969540095,0.0407472268075224,0.0527933080028554));
#12271=CARTESIAN_POINT('',(0.00118436230524723,0.0399824622294565,0.0520885902310498));
#12272=CARTESIAN_POINT('',(0.00129197852530206,0.0399792744169166,0.052241310007684));
#12273=CARTESIAN_POINT('',(0.00141840084097572,0.0399751033067151,0.052378063045141));
#12274=CARTESIAN_POINT('',(0.00170624580285539,0.0399638520489261,0.0526169747114005));
#12275=CARTESIAN_POINT('',(0.00186341959108123,0.0399569365284884,0.0527155709601565));
#12276=CARTESIAN_POINT('',(0.00203381342686368,0.0399482615760024,0.0527933080028554));
#12277=CARTESIAN_POINT('',(0.00207454057188907,0.0407472241754597,0.0527931946076244));
#12278=CARTESIAN_POINT('',(0.00206094492864096,0.040480904338165,0.0527932763742117));
#12279=CARTESIAN_POINT('',(0.0020473512769809,0.0402145843978368,0.0527933537018806));
#12280=CARTESIAN_POINT('',(0.00203375963498611,0.0399482643537326,0.0527934265988032));
#12281=CARTESIAN_POINT('',(0.00207448969540095,0.0407472268075224,0.0527933080028554));
#12282=CARTESIAN_POINT('',(0.00120804955135212,0.0407821114740456,0.0520885902310497));
#12283=CARTESIAN_POINT('',(0.00142789363698185,0.0407755992425937,0.0523944569054976));
#12284=CARTESIAN_POINT('',(0.0017268868342897,0.0407649236818858,0.0526378341696687));
#12285=CARTESIAN_POINT('',(0.0020744896954009,0.0407472268075224,0.0527933080028553));
#12286=CARTESIAN_POINT('',(0.00278562584158923,0.0405490796487935,0.0511935600091023));
#12287=CARTESIAN_POINT('',(0.00257123003918939,0.0399172753967035,0.0529404645935413));
#12288=CARTESIAN_POINT('',(0.00258841704964637,0.0401833868476925,0.0529400247668738));
#12289=CARTESIAN_POINT('',(0.00260560712721942,0.0404494980532192,0.0529395562794739));
#12290=CARTESIAN_POINT('',(0.00262279998744695,0.0407156090253631,0.0529390591022255));
#12291=CARTESIAN_POINT('',(0.00262273565026863,0.0407156144213594,0.0529397224344958));
#12292=CARTESIAN_POINT('',(0.00207454057343235,0.0407472242188715,0.0527931946091068));
#12293=CARTESIAN_POINT('',(0.00224939670790149,0.040738321866566,0.052871853098648));
#12294=CARTESIAN_POINT('',(0.00243215765279321,0.0407278909901395,0.0529204686300074));
#12295=CARTESIAN_POINT('',(0.00262280008420937,0.0407156102707337,0.0529390591014799));
#12296=CARTESIAN_POINT('',(0.00262273565026863,0.0407156144213594,0.0529397224344958));
#12297=CARTESIAN_POINT('',(0.00304986499215818,0.0406881004720265,0.0529833194227741));
#12298=CARTESIAN_POINT('',(0.00347723493469742,0.0406538213535375,0.0530191606840598));
#12299=CARTESIAN_POINT('',(0.00390462817091298,0.0406127305022318,0.0530472462172594));
#12300=CARTESIAN_POINT('',(0.00257130946104768,0.0399172690405484,0.0529397224344958));
#12301=CARTESIAN_POINT('',(0.00299006371784998,0.039890294580415,0.0529833194227791));
#12302=CARTESIAN_POINT('',(0.00340905385753622,0.0398566876015084,0.0530191606840591));
#12303=CARTESIAN_POINT('',(0.00382806683422841,0.0398164024531685,0.0530472462172594));
#12304=CARTESIAN_POINT('',(0.00382806683422841,0.0398164024531685,0.0530472462172594));
#12305=CARTESIAN_POINT('',(0.00385358727978993,0.0400818451361896,0.0530472462172594));
#12306=CARTESIAN_POINT('',(0.00387910772535145,0.0403472878192107,0.0530472462172594));
#12307=CARTESIAN_POINT('',(0.00390462817091298,0.0406127305022318,0.0530472462172594));
#12308=CARTESIAN_POINT('',(0.00390462817091298,0.0406127305022318,0.0530472462172594));
#12309=CARTESIAN_POINT('',(0.00262273565026861,0.0407156144213594,0.0529397224344957));
#12310=CARTESIAN_POINT('',(0.00304986505006125,0.0406881004682966,0.0529833194286842));
#12311=CARTESIAN_POINT('',(0.00347723501908823,0.0406538213454239,0.0530191606896054));
#12312=CARTESIAN_POINT('',(0.00390462817091292,0.0406127305022319,0.0530472462172593));
#12313=CARTESIAN_POINT('',(0.00390462817091298,0.0406127305022318,0.0530472462172594));
#12314=CARTESIAN_POINT('',(0.00444235095388917,0.0405610322415981,0.0530825818143112));
#12315=CARTESIAN_POINT('',(0.00497955772292142,0.0404986040853049,0.0531070022921641));
#12316=CARTESIAN_POINT('',(0.00551581717277418,0.040425434579192,0.0531205076515558));
#12317=CARTESIAN_POINT('',(0.00382806683422841,0.0398164024531685,0.0530472462172594));
#12318=CARTESIAN_POINT('',(0.00435524603324703,0.0397657178839176,0.0530825818143127));
#12319=CARTESIAN_POINT('',(0.00488191933618606,0.039704513809124,0.0531070022921638));
#12320=CARTESIAN_POINT('',(0.00540766389487664,0.0396327789992078,0.0531205076515558));
#12321=CARTESIAN_POINT('',(0.00540766389487664,0.0396327789992078,0.0531205076515558));
#12322=CARTESIAN_POINT('',(0.00544371498750915,0.0398969975258692,0.0531205076515558));
#12323=CARTESIAN_POINT('',(0.00547976608014167,0.0401612160525306,0.0531205076515558));
#12324=CARTESIAN_POINT('',(0.00551581717277418,0.040425434579192,0.0531205076515558));
#12325=CARTESIAN_POINT('',(0.00551581717277418,0.040425434579192,0.0531205076515558));
#12326=CARTESIAN_POINT('',(0.00390462817091292,0.0406127305022319,0.0530472462172593));
#12327=CARTESIAN_POINT('',(0.00444235099890122,0.0405610322372706,0.053082581817269));
#12328=CARTESIAN_POINT('',(0.00497955785013212,0.0404986040679477,0.0531070022953678));
#12329=CARTESIAN_POINT('',(0.00551581717277414,0.040425434579192,0.0531205076515557));
#12330=CARTESIAN_POINT('',(0.00551581717277416,0.040425434579192,0.0531205076515558));
#12331=CARTESIAN_POINT('',(0.0061461653966752,0.0403394272030336,0.0531363830489728));
#12332=CARTESIAN_POINT('',(0.00677460348808097,0.0402386598435282,0.0531443206943068));
#12333=CARTESIAN_POINT('',(0.00740044212787594,0.040123228388453,0.0531443205927274));
#12334=CARTESIAN_POINT('',(0.00540766389487663,0.0396327789992078,0.0531205076515558));
#12335=CARTESIAN_POINT('',(0.00602565234967771,0.0395484580421903,0.0531363830489727));
#12336=CARTESIAN_POINT('',(0.00664176812557245,0.0394496665132624,0.0531443206943068));
#12337=CARTESIAN_POINT('',(0.00725533541948621,0.039336498420052,0.0531443205927274));
#12338=CARTESIAN_POINT('',(0.00740044212787595,0.040123228388453,0.0531443205927274));
#12339=CARTESIAN_POINT('',(0.00735207322507938,0.0398609850656527,0.0531443205927274));
#12340=CARTESIAN_POINT('',(0.0073037043222828,0.0395987417428523,0.0531443205927274));
#12341=CARTESIAN_POINT('',(0.00725533541948623,0.039336498420052,0.0531443205927274));
#12342=CARTESIAN_POINT('',(0.00740044212787594,0.040123228388453,0.0531443205927274));
#12343=CARTESIAN_POINT('',(0.00551581717277414,0.040425434579192,0.0531205076515557));
#12344=CARTESIAN_POINT('',(0.00614616532825103,0.0403394272123696,0.0531363830472495));
#12345=CARTESIAN_POINT('',(0.00677460360358589,0.0402386598222241,0.0531443206943067));
#12346=CARTESIAN_POINT('',(0.00740044212787592,0.040123228388453,0.0531443205927273));
#12347=CARTESIAN_POINT('',(0.,0.,0.0531443205927274));
#12348=CARTESIAN_POINT('',(0.0116165425726759,0.0382760491516198,0.0531443205927274));
#12349=CARTESIAN_POINT('',(0.0118488734241294,0.0390415701346521,0.0531443205927274));
#12350=CARTESIAN_POINT('',(0.,0.,0.0531443205927274));
#12351=CARTESIAN_POINT('',(0.00547124398104312,0.040274982847648,0.0506391945425801));
#12352=CARTESIAN_POINT('',(0.00482115880766183,0.0405141505630594,0.0503615699142561));
#12353=CARTESIAN_POINT('',(0.00478966768815681,0.0402493500577085,0.0503615785493539));
#12354=CARTESIAN_POINT('',(0.00475818427896485,0.0399845486355216,0.0503615903989246));
#12355=CARTESIAN_POINT('',(0.00472670860643164,0.0397197462938968,0.0503616053982726));
#12356=CARTESIAN_POINT('',(0.00472712273983559,0.0397196970778404,0.050361778768353));
#12357=CARTESIAN_POINT('',(0.00482115293351796,0.0405141512615506,0.0503615673027891));
#12358=CARTESIAN_POINT('',(0.00472670857706829,0.0397197460468653,0.0503616053982866));
#12359=CARTESIAN_POINT('',(0.00478625864617888,0.0397126595004886,0.0502132665863546));
#12360=CARTESIAN_POINT('',(0.00489260658619902,0.0396998913429013,0.0500887974166078));
#12361=CARTESIAN_POINT('',(0.00502925186327286,0.0396825733250222,0.0500073788814905));
#12362=CARTESIAN_POINT('',(0.00502923890232178,0.0396825752445404,0.0500073565584936));
#12363=CARTESIAN_POINT('',(0.00502925189591,0.0396825735819177,0.050007378881627));
#12364=CARTESIAN_POINT('',(0.0050628601056911,0.0399471137394152,0.0500075195073366));
#12365=CARTESIAN_POINT('',(0.00509648015354098,0.0402116523822257,0.0500076803231408));
#12366=CARTESIAN_POINT('',(0.00513011175949378,0.0404761895416714,0.0500078614929113));
#12367=CARTESIAN_POINT('',(0.00512998232037169,0.0404762063609676,0.0500076334795169));
#12368=CARTESIAN_POINT('',(0.00482115884986804,0.0405141509479313,0.0503615699127783));
#12369=CARTESIAN_POINT('',(0.00488245998930735,0.0405068561503359,0.0502124508857489));
#12370=CARTESIAN_POINT('',(0.00499116096621096,0.0404938011269143,0.0500880488848428));
#12371=CARTESIAN_POINT('',(0.00513011183176929,0.0404761899466037,0.0500078614813802));
#12372=CARTESIAN_POINT('',(0.00592924094624549,0.0402114166615178,0.0514247519967159));
#12373=CARTESIAN_POINT('',(0.00502921030207563,0.0396825785923432,0.0500073076235089));
#12374=CARTESIAN_POINT('',(0.00521558640529465,0.0396589580351209,0.0498967634102132));
#12375=CARTESIAN_POINT('',(0.00541569180660252,0.0396322708155879,0.0498264560943796));
#12376=CARTESIAN_POINT('',(0.00562943137961308,0.0396018876108479,0.0497963559885221));
#12377=CARTESIAN_POINT('',(0.00562955963333806,0.0396018693792944,0.0497972854239549));
#12378=CARTESIAN_POINT('',(0.00562943163062134,0.0396018896715637,0.0497963559989446));
#12379=CARTESIAN_POINT('',(0.00566703892933896,0.039865889796288,0.0497969405810539));
#12380=CARTESIAN_POINT('',(0.00570465150029486,0.0401298890852044,0.0497975634447894));
#12381=CARTESIAN_POINT('',(0.00574226889105712,0.0403938875913106,0.0497982246508597));
#12382=CARTESIAN_POINT('',(0.00574215082600482,0.0403939067668803,0.0497972854239549));
#12383=CARTESIAN_POINT('',(0.00512995283098718,0.0404762100990735,0.05000758237499));
#12384=CARTESIAN_POINT('',(0.00531920101927692,0.0404522247932136,0.049896624059919));
#12385=CARTESIAN_POINT('',(0.00552553080229551,0.0404247007930621,0.049826098688708));
#12386=CARTESIAN_POINT('',(0.00574226923158531,0.0403938899348898,0.049798224655901));
#12387=CARTESIAN_POINT('',(0.00574215082600482,0.0403939067668803,0.0497972854239549));
#12388=CARTESIAN_POINT('',(0.00605826678953665,0.040348969654172,0.0497545713163912));
#12389=CARTESIAN_POINT('',(0.00637531907594048,0.0403001135474964,0.0497325744504099));
#12390=CARTESIAN_POINT('',(0.00669320359285323,0.0402472486719853,0.0497312948582062));
#12391=CARTESIAN_POINT('',(0.00562955963333806,0.0396018693792944,0.0497972854239549));
#12392=CARTESIAN_POINT('',(0.00593947724477289,0.0395578133864248,0.0497545713163734));
#12393=CARTESIAN_POINT('',(0.00625031281945419,0.0395099152426594,0.0497325744504103));
#12394=CARTESIAN_POINT('',(0.00656196430671886,0.0394580869333188,0.0497312948582062));
#12395=CARTESIAN_POINT('',(0.00562955963333802,0.0396018693792943,0.0497972854239549));
#12396=CARTESIAN_POINT('',(0.00593947732517364,0.0395578133749955,0.0497545713052922));
#12397=CARTESIAN_POINT('',(0.00625031290900042,0.0395099152277677,0.0497325744500426));
#12398=CARTESIAN_POINT('',(0.00656196430671884,0.0394580869333189,0.0497312948582061));
#12399=CARTESIAN_POINT('',(0.00656196430671886,0.0394580869333188,0.0497312948582062));
#12400=CARTESIAN_POINT('',(0.00669320416893806,0.0402472485284473,0.0497314080223268));
#12401=CARTESIAN_POINT('',(0.00664945737067758,0.0399841947212735,0.0497312970655351));
#12402=CARTESIAN_POINT('',(0.00660571059673482,0.0397211409080407,0.0497311908856325));
#12403=CARTESIAN_POINT('',(0.00656196383379211,0.0394580870911371,0.0497310894826705));
#12404=CARTESIAN_POINT('',(0.00669320359285323,0.0402472486719853,0.0497312948582062));
#12405=CARTESIAN_POINT('',(0.00574215082600478,0.0403939067668802,0.0497972854239549));
#12406=CARTESIAN_POINT('',(0.00605826687167711,0.0403489696424955,0.0497545713052922));
#12407=CARTESIAN_POINT('',(0.00637531916718043,0.040300113532323,0.0497325744500426));
#12408=CARTESIAN_POINT('',(0.00669320359285321,0.0402472486719852,0.0497312948582061));
#12409=CARTESIAN_POINT('',(0.0066834532396776,0.040086925676992,0.0533039928149134));
#12410=CARTESIAN_POINT('',(0.00656196382132756,0.0394580870162177,0.0497310894804939));
#12411=CARTESIAN_POINT('',(0.00682156988563065,0.0394149139753894,0.0497304584991485));
#12412=CARTESIAN_POINT('',(0.00707766241987963,0.0393696929624305,0.0497585576408444));
#12413=CARTESIAN_POINT('',(0.00733027243638644,0.0393226029912613,0.0498153917835661));
#12414=CARTESIAN_POINT('',(0.00733008668311311,0.0393226376177647,0.0498162460445373));
#12415=CARTESIAN_POINT('',(0.00733027271863133,0.0393226045595455,0.0498153917843421));
#12416=CARTESIAN_POINT('',(0.00737903644393531,0.0395847738726798,0.049815865801823));
#12417=CARTESIAN_POINT('',(0.00742779989180815,0.0398469432351131,0.0498163410932454));
#12418=CARTESIAN_POINT('',(0.00747656306039403,0.0401091126471785,0.0498168176581909));
#12419=CARTESIAN_POINT('',(0.00747668841677537,0.04010909037012,0.0498162460445373));
#12420=CARTESIAN_POINT('',(0.00669320417676642,0.0402472485755406,0.0497314080216943));
#12421=CARTESIAN_POINT('',(0.00695793704502344,0.0402032229290118,0.0497300045031336));
#12422=CARTESIAN_POINT('',(0.00721904606086523,0.0401571163473348,0.0497584726891367));
#12423=CARTESIAN_POINT('',(0.00747656326055871,0.0401091137001413,0.0498168176610513));
#12424=CARTESIAN_POINT('',(0.00747668841677537,0.04010909037012,0.0498162460445373));
#12425=CARTESIAN_POINT('',(0.00766135579810972,0.0400746667405079,0.0498576266360659));
#12426=CARTESIAN_POINT('',(0.0078316575898106,0.0400415144631199,0.0499537192715624));
#12427=CARTESIAN_POINT('',(0.00796229231449029,0.0400155207525607,0.0500904498514438));
#12428=CARTESIAN_POINT('',(0.00733008668311311,0.0393226376177647,0.0498162460445373));
#12429=CARTESIAN_POINT('',(0.00751113665789805,0.0392888883046579,0.0498576274411796));
#12430=CARTESIAN_POINT('',(0.0076780880050368,0.0392563882549747,0.0499537110817638));
#12431=CARTESIAN_POINT('',(0.0078061689357748,0.0392309026985889,0.0500904498514438));
#12432=CARTESIAN_POINT('',(0.00733008668311307,0.0393226376177648,0.0498162460445373));
#12433=CARTESIAN_POINT('',(0.00751170818525968,0.0392887817669138,0.0498577580714128));
#12434=CARTESIAN_POINT('',(0.00767739403921395,0.0392565263403634,0.0499529702061919));
#12435=CARTESIAN_POINT('',(0.00780616893577476,0.0392309026985888,0.0500904498514437));
#12436=CARTESIAN_POINT('',(0.0078061689357748,0.0392309026985889,0.0500904498514438));
#12437=CARTESIAN_POINT('',(0.00796228470518994,0.040015522266696,0.0500904574253148));
#12438=CARTESIAN_POINT('',(0.00791024288498379,0.039753983054528,0.0500904579443356));
#12439=CARTESIAN_POINT('',(0.0078581930000155,0.0394924454471253,0.0500904664905679));
#12440=CARTESIAN_POINT('',(0.00780613497114431,0.0392309094612452,0.0500904829803067));
#12441=CARTESIAN_POINT('',(0.00796229231449029,0.0400155207525607,0.0500904498514438));
#12442=CARTESIAN_POINT('',(0.00747668841677534,0.0401090903701201,0.0498162460445373));
#12443=CARTESIAN_POINT('',(0.00766194234896488,0.0400745574022521,0.0498577580714128));
#12444=CARTESIAN_POINT('',(0.00783094191999823,0.0400416568671706,0.0499529702061919));
#12445=CARTESIAN_POINT('',(0.00796229231449026,0.0400155207525606,0.0500904498514437));
#12446=CARTESIAN_POINT('',(0.00745875361242436,0.0399534055664734,0.0505588290627907));
#12447=CARTESIAN_POINT('',(0.00780613497030453,0.0392309094570262,0.0500904829803069));
#12448=CARTESIAN_POINT('',(0.00791936358406127,0.039208379318069,0.0502111672196803));
#12449=CARTESIAN_POINT('',(0.00798472663702878,0.0391949506525144,0.0503718335895642));
#12450=CARTESIAN_POINT('',(0.00798866085880778,0.0391941487684444,0.0505387973341688));
#12451=CARTESIAN_POINT('',(0.00798862845815073,0.0391941557172977,0.0505387985941487));
#12452=CARTESIAN_POINT('',(0.00798866091904154,0.039194149062271,0.0505387973339465));
#12453=CARTESIAN_POINT('',(0.00804221769758254,0.0394553820327811,0.0505387880835969));
#12454=CARTESIAN_POINT('',(0.00809576864816292,0.0397166161981178,0.0505387789763121));
#12455=CARTESIAN_POINT('',(0.0081493137719061,0.0399778515577814,0.0505387700554554));
#12456=CARTESIAN_POINT('',(0.00814889973603779,0.0399779368350314,0.0505387831910734));
#12457=CARTESIAN_POINT('',(0.0079622847051878,0.0400155222666488,0.0500904574253068));
#12458=CARTESIAN_POINT('',(0.00807714272037715,0.039992667830025,0.0502104216879702));
#12459=CARTESIAN_POINT('',(0.00814416771782839,0.0399789014327308,0.0503712035704945));
#12460=CARTESIAN_POINT('',(0.00814931394419222,0.0399778523965332,0.0505387700669315));
#12461=CARTESIAN_POINT('',(0.00661249224389819,0.0401277464072088,0.0505812654106293));
#12462=CARTESIAN_POINT('',(0.00798848877577475,0.0391941838400316,0.0505388027723805));
#12463=CARTESIAN_POINT('',(0.00799443311902413,0.0391929722745728,0.050745682745302));
#12464=CARTESIAN_POINT('',(0.00796002580802943,0.0392000464592292,0.0509488098242308));
#12465=CARTESIAN_POINT('',(0.00788631338876317,0.0392148704082293,0.0511416383939627));
#12466=CARTESIAN_POINT('',(0.00788690762956259,0.0392147508986446,0.0511418747379082));
#12467=CARTESIAN_POINT('',(0.0078863135369793,0.0392148711352843,0.0511416383912741));
#12468=CARTESIAN_POINT('',(0.00793916885717295,0.0394762469629752,0.0511417483886502));
#12469=CARTESIAN_POINT('',(0.00799202276772128,0.03973762307596,0.0511418578252301));
#12470=CARTESIAN_POINT('',(0.00804487526997529,0.0399989994739488,0.0511419666974831));
#12471=CARTESIAN_POINT('',(0.00804464578215384,0.0399990459166175,0.0511418747379082));
#12472=CARTESIAN_POINT('',(0.00814848550023579,0.039978021240617,0.0505387947124289));
#12473=CARTESIAN_POINT('',(0.008154015732332,0.0399768940458572,0.0507458850693371));
#12474=CARTESIAN_POINT('',(0.00811912258525375,0.0399840666278372,0.0509491387530215));
#12475=CARTESIAN_POINT('',(0.00804487532560189,0.0399989997499378,0.0511419666980489));
#12476=CARTESIAN_POINT('',(0.00804464578215384,0.0399990459166175,0.0511418747379082));
#12477=CARTESIAN_POINT('',(0.00800342093674398,0.0400073370963481,0.0512493076884543));
#12478=CARTESIAN_POINT('',(0.00793721241358087,0.0400206086037844,0.0513396147497397));
#12479=CARTESIAN_POINT('',(0.00775675516489185,0.040055975874113,0.0514834651339404));
#12480=CARTESIAN_POINT('',(0.0076542561800124,0.0400757534207398,0.0515275456500292));
#12481=CARTESIAN_POINT('',(0.00753943544746267,0.0400973429685004,0.0515437815433678));
#12482=CARTESIAN_POINT('',(0.00788690762956259,0.0392147508986446,0.0511418747379082));
#12483=CARTESIAN_POINT('',(0.00784649050434393,0.0392228796289297,0.0512493093102175));
#12484=CARTESIAN_POINT('',(0.00778158079762831,0.0392358907880239,0.0513396147497397));
#12485=CARTESIAN_POINT('',(0.00760466192636456,0.0392705645824638,0.0514834651339404));
#12486=CARTESIAN_POINT('',(0.0075041727254082,0.0392899543340764,0.0515275456500427));
#12487=CARTESIAN_POINT('',(0.00739160337986536,0.0393111205573533,0.0515437815433678));
#12488=CARTESIAN_POINT('',(0.00788690762956257,0.0392147508986446,0.0511418747379081));
#12489=CARTESIAN_POINT('',(0.00780591890230188,0.039231039427739,0.0513571545042961));
#12490=CARTESIAN_POINT('',(0.00761674182495255,0.0392687881570541,0.0515113097921981));
#12491=CARTESIAN_POINT('',(0.00739160337986534,0.0393111205573533,0.0515437815433677));
#12492=CARTESIAN_POINT('',(0.00739160337986536,0.0393111205573533,0.0515437815433678));
#12493=CARTESIAN_POINT('',(0.00739160337986536,0.0393111205573533,0.0515437815433678));
#12494=CARTESIAN_POINT('',(0.00744088073573113,0.0395731946944023,0.0515437815433678));
#12495=CARTESIAN_POINT('',(0.0074901580915969,0.0398352688314513,0.0515437815433678));
#12496=CARTESIAN_POINT('',(0.00753943544746267,0.0400973429685004,0.0515437815433678));
#12497=CARTESIAN_POINT('',(0.00753943544746267,0.0400973429685004,0.0515437815433678));
#12498=CARTESIAN_POINT('',(0.00804464578215382,0.0399990459166175,0.0511418747379081));
#12499=CARTESIAN_POINT('',(0.00796203728034791,0.0400156602162938,0.0513571545042961));
#12500=CARTESIAN_POINT('',(0.0077690766614516,0.0400541639201952,0.0515113097921981));
#12501=CARTESIAN_POINT('',(0.00753943544746265,0.0400973429685003,0.0515437815433677));
#12502=CARTESIAN_POINT('',(0.00753943544746267,0.0400973429685004,0.0515437815433677));
#12503=CARTESIAN_POINT('',(0.00714912810505144,0.0401707317966601,0.0515989721216789));
#12504=CARTESIAN_POINT('',(0.00675658171232456,0.0402386408972617,0.0516090482897869));
#12505=CARTESIAN_POINT('',(0.00636194679273871,0.0403009383638441,0.0515740099750642));
#12506=CARTESIAN_POINT('',(0.00739160337986536,0.0393111205573533,0.0515437815433677));
#12507=CARTESIAN_POINT('',(0.00700894912253142,0.0393830703888953,0.0515989721216887));
#12508=CARTESIAN_POINT('',(0.00662409971801541,0.039449647938484,0.0516090482897914));
#12509=CARTESIAN_POINT('',(0.00623720273797913,0.0395107238861217,0.0515740099750642));
#12510=CARTESIAN_POINT('',(0.00739160337986534,0.0393111205573533,0.0515437815433677));
#12511=CARTESIAN_POINT('',(0.00700894902688208,0.0393830704068801,0.0515989721354842));
#12512=CARTESIAN_POINT('',(0.00662409960308531,0.0394496479566269,0.0516090482793831));
#12513=CARTESIAN_POINT('',(0.00623720273797908,0.0395107238861217,0.0515740099750641));
#12514=CARTESIAN_POINT('',(0.00623720273797913,0.0395107238861217,0.0515740099750642));
#12515=CARTESIAN_POINT('',(0.00623720273797913,0.0395107238861217,0.0515740099750642));
#12516=CARTESIAN_POINT('',(0.00627878408956566,0.0397741287120292,0.0515740099750642));
#12517=CARTESIAN_POINT('',(0.00632036544115218,0.0400375335379366,0.0515740099750642));
#12518=CARTESIAN_POINT('',(0.00636194679273871,0.0403009383638441,0.0515740099750642));
#12519=CARTESIAN_POINT('',(0.00636194679273871,0.0403009383638441,0.0515740099750642));
#12520=CARTESIAN_POINT('',(0.00753943544746265,0.0400973429685003,0.0515437815433677));
#12521=CARTESIAN_POINT('',(0.00714912800741972,0.0401707318150177,0.0515989721354842));
#12522=CARTESIAN_POINT('',(0.00675658159514702,0.0402386409157595,0.0516090482793831));
#12523=CARTESIAN_POINT('',(0.00636194679273866,0.0403009383638441,0.0515740099750641));
#12524=CARTESIAN_POINT('',(0.00636194679273871,0.0403009383638441,0.0515740099750642));
#12525=CARTESIAN_POINT('',(0.00596731744856158,0.0403632349502869,0.0515389729248684));
#12526=CARTESIAN_POINT('',(0.00558100011068113,0.0404182814943956,0.0514597442005612));
#12527=CARTESIAN_POINT('',(0.00520326710854564,0.0404668507719236,0.051336324253801));
#12528=CARTESIAN_POINT('',(0.00623720273797913,0.0395107238861217,0.0515740099750642));
#12529=CARTESIAN_POINT('',(0.00585031122051723,0.0395717989714319,0.0515389729245458));
#12530=CARTESIAN_POINT('',(0.0054715687417335,0.039625766170234,0.0514597442024848));
#12531=CARTESIAN_POINT('',(0.00510124226328004,0.0396733831097289,0.051336324253801));
#12532=CARTESIAN_POINT('',(0.00623720273797908,0.0395107238861217,0.0515740099750641));
#12533=CARTESIAN_POINT('',(0.00585031207625548,0.0395717988363442,0.0515389730020417));
#12534=CARTESIAN_POINT('',(0.00547156941926322,0.0396257660831165,0.0514597444282873));
#12535=CARTESIAN_POINT('',(0.00510124226327999,0.0396733831097289,0.0513363242538009));
#12536=CARTESIAN_POINT('',(0.00510124226328004,0.0396733831097289,0.051336324253801));
#12537=CARTESIAN_POINT('',(0.00520336503733555,0.040466837845654,0.051336011511141));
#12538=CARTESIAN_POINT('',(0.00516927419482209,0.0402023594906711,0.0513362680912909));
#12539=CARTESIAN_POINT('',(0.00513519018465082,0.0399378802338422,0.0513365028518707));
#12540=CARTESIAN_POINT('',(0.00510111332401642,0.0396734000383408,0.0513367158963073));
#12541=CARTESIAN_POINT('',(0.00520326710854564,0.0404668507719236,0.051336324253801));
#12542=CARTESIAN_POINT('',(0.00636194679273866,0.0403009383638441,0.0515740099750641));
#12543=CARTESIAN_POINT('',(0.00596731831778059,0.0403632348130711,0.0515389730020417));
#12544=CARTESIAN_POINT('',(0.00558100080764849,0.0404182814047788,0.0514597444282873));
#12545=CARTESIAN_POINT('',(0.00520326710854559,0.0404668507719235,0.0513363242538009));
#12546=CARTESIAN_POINT('',(0.00537534693010491,0.0402842068256085,0.0507283536931906));
#12547=CARTESIAN_POINT('',(0.00510111327047645,0.0396733997458301,0.0513367159438856));
#12548=CARTESIAN_POINT('',(0.00488681008924065,0.0397009543493859,0.0512649705239477));
#12549=CARTESIAN_POINT('',(0.00472132666221848,0.0397204092657942,0.0510749353801984));
#12550=CARTESIAN_POINT('',(0.00467875259986191,0.0397254235233469,0.0508513401281491));
#12551=CARTESIAN_POINT('',(0.0046792447623693,0.0397253656756764,0.0508512429194484));
#12552=CARTESIAN_POINT('',(0.00467875265203913,0.0397254239639519,0.0508513401280961));
#12553=CARTESIAN_POINT('',(0.00471011265228556,0.0399902401466639,0.050851308252851));
#12554=CARTESIAN_POINT('',(0.00474147587499608,0.0402550559476911,0.0508512757554671));
#12555=CARTESIAN_POINT('',(0.00477284231666684,0.0405198713673639,0.0508512426178659));
#12556=CARTESIAN_POINT('',(0.00477295416090999,0.0405198582184567,0.0508512199984037));
#12557=CARTESIAN_POINT('',(0.00520336507435088,0.0404668382070023,0.051336011540808));
#12558=CARTESIAN_POINT('',(0.00498621067117947,0.0404947606661631,0.0512668601155987));
#12559=CARTESIAN_POINT('',(0.00481702595824444,0.0405146669762627,0.0510764943905607));
#12560=CARTESIAN_POINT('',(0.00477284231752094,0.0405198713745747,0.050851242617865));
#12561=CARTESIAN_POINT('',(0.00557463571105381,0.0402646098980196,0.0506854420263427));
#12562=CARTESIAN_POINT('',(0.00467973683529,0.039725307534369,0.0508511457217061));
#12563=CARTESIAN_POINT('',(0.00464699944716869,0.0397291640774794,0.0506868507935461));
#12564=CARTESIAN_POINT('',(0.00466363487534617,0.0397272532534713,0.0505166714532653));
#12565=CARTESIAN_POINT('',(0.00472753689414465,0.0397196474671478,0.0503619519786688));
#12566=CARTESIAN_POINT('',(0.00477306598619295,0.0405198450151601,0.0508511973814438));
#12567=CARTESIAN_POINT('',(0.00474028351105413,0.0405237066517723,0.0506867307185298));
#12568=CARTESIAN_POINT('',(0.00475697917991789,0.0405217880934548,0.0505163649522544));
#12569=CARTESIAN_POINT('',(0.00482103469135576,0.040514165726382,0.0503615176766109));
#12570=CARTESIAN_POINT('',(0.0116165425726759,0.0382760491516198,0.0512800749927274));
#12571=CARTESIAN_POINT('',(0.0118488734241294,0.0390415701346521,0.0528162948329624));
#12572=CARTESIAN_POINT('',(0.,0.,0.0528162948329624));
#12573=CARTESIAN_POINT('',(0.,2.4492935982947E-18,0.107));
#12574=CARTESIAN_POINT('',(0.,0.,0.0451594251849115));
#12575=CARTESIAN_POINT('',(-0.0192299226611619,-0.0350743506632087,0.0451594251849115));
#12576=CARTESIAN_POINT('',(-0.0196145211143851,-0.035775837676473,0.0451594251849115));
#12577=CARTESIAN_POINT('',(0.,0.,0.0451594251849115));
#12578=CARTESIAN_POINT('',(-0.02312110914758,-0.0336162804573274,0.0451594251849115));
#12579=CARTESIAN_POINT('',(-0.0226677540662549,-0.0329571377032621,0.0451594251849115));
#12580=CARTESIAN_POINT('',(-0.0192299226611619,-0.0350743506632087,0.0507521632807051));
#12581=CARTESIAN_POINT('',(-0.0192299226611619,-0.0350743506632087,0.0526164093126363));
#12582=CARTESIAN_POINT('',(-0.0196145211143851,-0.035775837676473,0.0526164093126363));
#12583=CARTESIAN_POINT('',(-0.0196145211143851,-0.035775837676473,0.0522883834768696));
#12584=CARTESIAN_POINT('',(0.,0.,0.0526164093126363));
#12585=CARTESIAN_POINT('',(-0.0226677540662549,-0.0329571377032621,0.0526164093126363));
#12586=CARTESIAN_POINT('',(-0.02312110914758,-0.0336162804573274,0.0526164093126363));
#12587=CARTESIAN_POINT('',(0.,0.,0.0526164093126363));
#12588=CARTESIAN_POINT('',(-0.0226677540662549,-0.0329571377032621,0.0507521632807051));
#12589=CARTESIAN_POINT('',(-0.02312110914758,-0.0336162804573274,0.0522883834768696));
#12590=CARTESIAN_POINT('',(0.,0.,0.0522883834768696));
#12591=CARTESIAN_POINT('',(0.,0.,0.0451594251849115));
#12592=CARTESIAN_POINT('',(0.00601622202966135,-0.0395449753127982,0.0451594251849115));
#12593=CARTESIAN_POINT('',(0.0061365464702546,-0.0403358748190541,0.0451594251849115));
#12594=CARTESIAN_POINT('',(0.,0.,0.0451594251849115));
#12595=CARTESIAN_POINT('',(-0.00302802439976127,-0.0406874804852113,0.0451594251849115));
#12596=CARTESIAN_POINT('',(-0.00296865137231497,-0.0398896867502072,0.0451594251849115));
#12597=CARTESIAN_POINT('',(0.00601622202966137,-0.0395449753127982,0.0522280247226507));
#12598=CARTESIAN_POINT('',(0.00601622207028779,-0.039544975579838,0.0459361943648829));
#12599=CARTESIAN_POINT('',(0.00605633019124607,-0.0398086085783075,0.0459361943648829));
#12600=CARTESIAN_POINT('',(0.00609643831220436,-0.0400722415767771,0.0459361943648829));
#12601=CARTESIAN_POINT('',(0.00613654643316264,-0.0403358745752466,0.0459361943648829));
#12602=CARTESIAN_POINT('',(0.00613652942912713,-0.0403358771621759,0.0459361943881054));
#12603=CARTESIAN_POINT('',(0.0061365464702546,-0.0403358748190541,0.0522883834768696));
#12604=CARTESIAN_POINT('',(0.00492075421857662,-0.0403588986019375,0.0459384123512783));
#12605=CARTESIAN_POINT('',(0.00593170365275238,-0.039557741604036,0.0463861215723307));
#12606=CARTESIAN_POINT('',(0.00597144548700332,-0.0398214301460648,0.0463861999047207));
#12607=CARTESIAN_POINT('',(0.00601118583216757,-0.0400851189126992,0.046386277638344));
#12608=CARTESIAN_POINT('',(0.00605092468993002,-0.0403488079036667,0.046386354768926));
#12609=CARTESIAN_POINT('',(0.00605084425337916,-0.040348820104369,0.0463863221542238));
#12610=CARTESIAN_POINT('',(0.0061365124623156,-0.0403358799928318,0.0459361944113277));
#12611=CARTESIAN_POINT('',(0.00613672021445509,-0.0403358483863913,0.0460918362184427));
#12612=CARTESIAN_POINT('',(0.00610820013716037,-0.0403402187070871,0.0462418896653131));
#12613=CARTESIAN_POINT('',(0.00605092470959562,-0.0403488080388852,0.0463863547707224));
#12614=CARTESIAN_POINT('',(0.00567608262293202,-0.0402429707192251,0.0462444089995221));
#12615=CARTESIAN_POINT('',(0.00569358837420973,-0.0395927149980425,0.0466113165919237));
#12616=CARTESIAN_POINT('',(0.00573145683866884,-0.0398566788062239,0.046611021327886));
#12617=CARTESIAN_POINT('',(0.00576931969905214,-0.0401206433982498,0.0466107080760254));
#12618=CARTESIAN_POINT('',(0.00580717726209923,-0.0403846087273153,0.0466103767416636));
#12619=CARTESIAN_POINT('',(0.00580727043652008,-0.0403845961979103,0.0466106946723545));
#12620=CARTESIAN_POINT('',(0.00605084172487864,-0.0403488204836334,0.0463863211270916));
#12621=CARTESIAN_POINT('',(0.0060081600468,-0.04035522116835,0.0464937544311418));
#12622=CARTESIAN_POINT('',(0.00591707079973286,-0.040368807258051,0.0465775389932246));
#12623=CARTESIAN_POINT('',(0.00580717733691987,-0.0403846095855533,0.0466103767547262));
#12624=CARTESIAN_POINT('',(0.00521085148705904,-0.0403073079955487,0.0447345487713396));
#12625=CARTESIAN_POINT('',(0.00515796916093613,-0.039666048980217,0.0466991791608329));
#12626=CARTESIAN_POINT('',(0.00519234808687167,-0.0399304896208741,0.0466987704354318));
#12627=CARTESIAN_POINT('',(0.0052267266024905,-0.0401949302854736,0.0466983426877806));
#12628=CARTESIAN_POINT('',(0.00526110485124904,-0.0404593709526235,0.0466978959153112));
#12629=CARTESIAN_POINT('',(0.00526111283802297,-0.040459370876295,0.0466984653034638));
#12630=CARTESIAN_POINT('',(0.00580733663288673,-0.0403845866838949,0.046610911591948));
#12631=CARTESIAN_POINT('',(0.00562954784408614,-0.0404101528573016,0.0466662879118799));
#12632=CARTESIAN_POINT('',(0.00544747757803323,-0.0404351370730278,0.0466952784300596));
#12633=CARTESIAN_POINT('',(0.00526110496502578,-0.0404593719000553,0.0466978959138423));
#12634=CARTESIAN_POINT('',(0.00526111283802298,-0.040459370876295,0.0466984653034638));
#12635=CARTESIAN_POINT('',(0.00471533326158048,-0.0405303410341141,0.0467081310395741));
#12636=CARTESIAN_POINT('',(0.00416807378937077,-0.0405902718667131,0.0467129637860461));
#12637=CARTESIAN_POINT('',(0.00361978165810016,-0.0406391090053373,0.0467129635448541));
#12638=CARTESIAN_POINT('',(0.00515795376276763,-0.0396660498787206,0.0466984653034638));
#12639=CARTESIAN_POINT('',(0.00462287574664856,-0.0397356284648177,0.0467081310395741));
#12640=CARTESIAN_POINT('',(0.00408634685232351,-0.0397943841830522,0.0467129637860461));
#12641=CARTESIAN_POINT('',(0.00354880554715702,-0.0398422637307228,0.0467129635448541));
#12642=CARTESIAN_POINT('',(0.00354880554715702,-0.0398422637307228,0.0467129635448541));
#12643=CARTESIAN_POINT('',(0.00357246425080474,-0.0401078788222609,0.0467129635448541));
#12644=CARTESIAN_POINT('',(0.00359612295445245,-0.0403734939137991,0.0467129635448541));
#12645=CARTESIAN_POINT('',(0.00361978165810016,-0.0406391090053373,0.0467129635448541));
#12646=CARTESIAN_POINT('',(0.00361978165810016,-0.0406391090053373,0.0467129635448541));
#12647=CARTESIAN_POINT('',(0.00526111283802298,-0.040459370876295,0.0466984653034638));
#12648=CARTESIAN_POINT('',(0.00471533329874156,-0.0405303410292819,0.046708131038916));
#12649=CARTESIAN_POINT('',(0.00416807373658889,-0.0405902718714145,0.0467129637860461));
#12650=CARTESIAN_POINT('',(0.00361978165810016,-0.0406391090053372,0.0467129635448541));
#12651=CARTESIAN_POINT('',(0.00361978165810015,-0.0406391090053373,0.0467129635448541));
#12652=CARTESIAN_POINT('',(0.00311452626971386,-0.0406841128017368,0.0467129637005916));
#12653=CARTESIAN_POINT('',(0.00260848952539099,-0.0407196877795416,0.0467182856047177));
#12654=CARTESIAN_POINT('',(0.0021020235352218,-0.0407458156999878,0.0467289292585793));
#12655=CARTESIAN_POINT('',(0.00354880554715701,-0.0398422637307228,0.0467129635448541));
#12656=CARTESIAN_POINT('',(0.00305345712717108,-0.039886385099742,0.0467129637005916));
#12657=CARTESIAN_POINT('',(0.0025573426719511,-0.0399212625289624,0.0467182856047177));
#12658=CARTESIAN_POINT('',(0.00206080738747235,-0.039946878137243,0.0467289292585793));
#12659=CARTESIAN_POINT('',(0.00210202525637715,-0.0407458155830255,0.0467290166513889));
#12660=CARTESIAN_POINT('',(0.0020882846751448,-0.0404795031839748,0.0467289308453094));
#12661=CARTESIAN_POINT('',(0.00207454419348721,-0.0402131907781573,0.0467288500952042));
#12662=CARTESIAN_POINT('',(0.002060803828034,-0.0399468783649074,0.0467287744007177));
#12663=CARTESIAN_POINT('',(0.0021020235352218,-0.0407458156999879,0.0467289292585793));
#12664=CARTESIAN_POINT('',(0.00361978165810016,-0.0406391090053372,0.0467129635448541));
#12665=CARTESIAN_POINT('',(0.00311452630828708,-0.0406841127983011,0.0467129637005916));
#12666=CARTESIAN_POINT('',(0.00260848950402921,-0.0407196877806436,0.0467182856051666));
#12667=CARTESIAN_POINT('',(0.0021020235352218,-0.0407458156999878,0.0467289292585793));
#12668=CARTESIAN_POINT('',(0.00215080632205117,-0.0405834524749652,0.049528392595573));
#12669=CARTESIAN_POINT('',(0.00145571821436618,-0.0399735032239831,0.0468094056335862));
#12670=CARTESIAN_POINT('',(0.00146551353855941,-0.0402399894176387,0.0468097682953292));
#12671=CARTESIAN_POINT('',(0.00147530896732,-0.0405064756068728,0.0468101313816729));
#12672=CARTESIAN_POINT('',(0.0014851045010586,-0.040772961791669,0.0468104948925158));
#12673=CARTESIAN_POINT('',(0.00148505069889163,-0.0407729643810555,0.0468102772932457));
#12674=CARTESIAN_POINT('',(0.00210202525784264,-0.0407458156116206,0.0467290166508983));
#12675=CARTESIAN_POINT('',(0.00189341788430573,-0.0407565774030233,0.0467331394662709));
#12676=CARTESIAN_POINT('',(0.0016877754336473,-0.0407655803844228,0.0467602975036153));
#12677=CARTESIAN_POINT('',(0.00148510452107975,-0.0407729624207203,0.0468104948941409));
#12678=CARTESIAN_POINT('',(0.00160026822275569,-0.0406089124656449,0.0473004266242479));
#12679=CARTESIAN_POINT('',(0.00117546035045836,-0.0399827259538996,0.0469988726002561));
#12680=CARTESIAN_POINT('',(0.0011835595500863,-0.0402492693353457,0.0469990636441502));
#12681=CARTESIAN_POINT('',(0.00119165932428229,-0.0405158126990285,0.0469992551127128));
#12682=CARTESIAN_POINT('',(0.00119975967180699,-0.0407823560449808,0.0469994470076168));
#12683=CARTESIAN_POINT('',(0.00119977953860402,-0.0407823553707567,0.0469994630659328));
#12684=CARTESIAN_POINT('',(0.00148500854815774,-0.0407729659279686,0.0468101048518945));
#12685=CARTESIAN_POINT('',(0.00137080113365797,-0.0407771255220265,0.0468380584769742));
#12686=CARTESIAN_POINT('',(0.00126991329355988,-0.0407802923728632,0.046905021121378));
#12687=CARTESIAN_POINT('',(0.00119975967632979,-0.0407823561938132,0.0469994470077243));
#12688=CARTESIAN_POINT('',(0.00163596512748248,-0.0406099096691687,0.0473309057614065));
#12689=CARTESIAN_POINT('',(0.00106811846775894,-0.0399857371274443,0.0473343739112896));
#12690=CARTESIAN_POINT('',(0.00107499794408542,-0.0402523147580828,0.0473343760618444));
#12691=CARTESIAN_POINT('',(0.00108188147476673,-0.0405188922840923,0.0473343781653524));
#12692=CARTESIAN_POINT('',(0.00108876906002265,-0.0407854697053435,0.0473343802487537));
#12693=CARTESIAN_POINT('',(0.00108902363545361,-0.0407854631278375,0.0473343824596367));
#12694=CARTESIAN_POINT('',(0.0011998981745907,-0.0407823521116631,0.0469995525611512));
#12695=CARTESIAN_POINT('',(0.00112721193699065,-0.0407844906858085,0.0470959842308519));
#12696=CARTESIAN_POINT('',(0.00108817056436948,-0.0407854862074894,0.0472136053796936));
#12697=CARTESIAN_POINT('',(0.00108876907362598,-0.0407854702302709,0.0473343802569725));
#12698=CARTESIAN_POINT('',(0.00163357267026686,-0.040610810476538,0.0473395698982101));
#12699=CARTESIAN_POINT('',(0.0011766452668185,-0.0399826905571651,0.0476690064746343));
#12700=CARTESIAN_POINT('',(0.00118432551101026,-0.0402492464231563,0.0476691260673886));
#12701=CARTESIAN_POINT('',(0.00119200813470568,-0.0405158022213824,0.0476692438877273));
#12702=CARTESIAN_POINT('',(0.00119969312777216,-0.0407823579520753,0.0476693599221191));
#12703=CARTESIAN_POINT('',(0.00119965179843376,-0.0407823591302721,0.0476693906075282));
#12704=CARTESIAN_POINT('',(0.00108927819084363,-0.0407854566142156,0.0473343846662201));
#12705=CARTESIAN_POINT('',(0.0010882319856465,-0.0407854845557565,0.0474551592584084));
#12706=CARTESIAN_POINT('',(0.00112704374659332,-0.040784495275705,0.0475728969907069));
#12707=CARTESIAN_POINT('',(0.00119969313362655,-0.0407823581513518,0.0476693599223506));
#12708=CARTESIAN_POINT('',(0.00159721342584429,-0.0406101722395663,0.0473716683043128));
#12709=CARTESIAN_POINT('',(0.00145575972453195,-0.0399735014394454,0.0478591644157773));
#12710=CARTESIAN_POINT('',(0.00146555425416105,-0.0402399876282353,0.0478588034101166));
#12711=CARTESIAN_POINT('',(0.00147535452424994,-0.0405064735757083,0.0478584200156074));
#12712=CARTESIAN_POINT('',(0.00148516016152951,-0.040772959291449,0.0478580141397454));
#12713=CARTESIAN_POINT('',(0.00148507857340056,-0.0407729633657421,0.0478583561198261));
#12714=CARTESIAN_POINT('',(0.00119961047793419,-0.0407823605827474,0.0476694212922523));
#12715=CARTESIAN_POINT('',(0.00126970140138779,-0.0407802988628033,0.0477639043505325));
#12716=CARTESIAN_POINT('',(0.0013707973625098,-0.0407771260735536,0.0478306682912446));
#12717=CARTESIAN_POINT('',(0.0014851602700976,-0.0407729603900934,0.0478580141543403));
#12718=CARTESIAN_POINT('',(0.00214869520882668,-0.0405868640616526,0.0451430475812866));
#12719=CARTESIAN_POINT('',(0.00206079164142073,-0.0399468798189713,0.0479404714461331));
#12720=CARTESIAN_POINT('',(0.00207453820045483,-0.0402131914275641,0.0479401115145454));
#12721=CARTESIAN_POINT('',(0.00208828519442937,-0.0404795029897039,0.0479397338238984));
#12722=CARTESIAN_POINT('',(0.00210203251375831,-0.0407458145086742,0.0479393383718383));
#12723=CARTESIAN_POINT('',(0.00210202353522181,-0.0407458156999879,0.0479398285190832));
#12724=CARTESIAN_POINT('',(0.00148501377089281,-0.0407729657309196,0.0478586193741154));
#12725=CARTESIAN_POINT('',(0.00168774281622919,-0.0407655820290307,0.0479085893644128));
#12726=CARTESIAN_POINT('',(0.00189341839054412,-0.0407565774138663,0.0479354908121102));
#12727=CARTESIAN_POINT('',(0.00210203255503848,-0.0407458152346662,0.04793933837083));
#12728=CARTESIAN_POINT('',(0.00210202353522182,-0.0407458156999878,0.0479398285190831));
#12729=CARTESIAN_POINT('',(0.00260848952539096,-0.0407196877795416,0.0479504721729447));
#12730=CARTESIAN_POINT('',(0.00311452626971382,-0.0406841128017368,0.0479557940770708));
#12731=CARTESIAN_POINT('',(0.00361978165810015,-0.0406391090053373,0.0479557942328083));
#12732=CARTESIAN_POINT('',(0.00206080738747237,-0.039946878137243,0.0479398285190831));
#12733=CARTESIAN_POINT('',(0.00255734267195108,-0.0399212625289624,0.0479504721729447));
#12734=CARTESIAN_POINT('',(0.00305345712717105,-0.039886385099742,0.0479557940770708));
#12735=CARTESIAN_POINT('',(0.00354880554715701,-0.0398422637307228,0.0479557942328083));
#12736=CARTESIAN_POINT('',(0.00361978165810015,-0.0406391090053373,0.0479557942328083));
#12737=CARTESIAN_POINT('',(0.00359612295445244,-0.0403734939137991,0.0479557942328083));
#12738=CARTESIAN_POINT('',(0.00357246425080473,-0.0401078788222609,0.0479557942328083));
#12739=CARTESIAN_POINT('',(0.00354880554715701,-0.0398422637307228,0.0479557942328083));
#12740=CARTESIAN_POINT('',(0.00361978165810015,-0.0406391090053373,0.0479557942328083));
#12741=CARTESIAN_POINT('',(0.00210202353522182,-0.0407458156999878,0.0479398285190831));
#12742=CARTESIAN_POINT('',(0.00260848950402919,-0.0407196877806436,0.0479504721724957));
#12743=CARTESIAN_POINT('',(0.00311452630828705,-0.0406841127983011,0.0479557940770708));
#12744=CARTESIAN_POINT('',(0.00361978165810015,-0.0406391090053372,0.0479557942328082));
#12745=CARTESIAN_POINT('',(0.,0.,0.0479557942328083));
#12746=CARTESIAN_POINT('',(0.00601622202966135,-0.0395449753127982,0.0479557942328083));
#12747=CARTESIAN_POINT('',(0.00605633017652576,-0.0398086084815502,0.0479557942328083));
#12748=CARTESIAN_POINT('',(0.00609643832339016,-0.0400722416503022,0.0479557942328083));
#12749=CARTESIAN_POINT('',(0.00613654647025457,-0.0403358748190541,0.0479557942328083));
#12750=CARTESIAN_POINT('',(0.0061365464702546,-0.0403358748190541,0.0479557942328083));
#12751=CARTESIAN_POINT('',(0.,0.,0.0479557942328083));
#12752=CARTESIAN_POINT('',(0.00613675169257701,-0.040335843596777,0.0488102403307768));
#12753=CARTESIAN_POINT('',(0.006136751692577,-0.040335843596777,0.0488102403307767));
#12754=CARTESIAN_POINT('',(0.00613681999551257,-0.0403358332050728,0.0490950555300988));
#12755=CARTESIAN_POINT('',(0.00613688829842174,-0.0403358228131951,0.0493798707294208));
#12756=CARTESIAN_POINT('',(0.00613695660130452,-0.0403358124211439,0.0496646859287428));
#12757=CARTESIAN_POINT('',(0.00613675169257703,-0.040335843596777,0.0488102403307768));
#12758=CARTESIAN_POINT('',(0.00613695660130452,-0.0403358124211439,0.0496646859287428));
#12759=CARTESIAN_POINT('',(0.00613654647025458,-0.0403358748190541,0.0479557942328083));
#12760=CARTESIAN_POINT('',(0.00613661487772186,-0.0403358644118024,0.0482406095987977));
#12761=CARTESIAN_POINT('',(0.00613668328516267,-0.0403358540043767,0.0485254249647872));
#12762=CARTESIAN_POINT('',(0.006136751692577,-0.040335843596777,0.0488102403307767));
#12763=CARTESIAN_POINT('',(0.00613688178141601,-0.040335320272488,0.0496649153686068));
#12764=CARTESIAN_POINT('',(0.00483297721774803,-0.0401098766531999,0.0496411479922845));
#12765=CARTESIAN_POINT('',(0.00354900385138514,-0.0398422462054392,0.0496178462764861));
#12766=CARTESIAN_POINT('',(0.00357266679725999,-0.0401078608282773,0.0496176909868648));
#12767=CARTESIAN_POINT('',(0.00359632974313485,-0.0403734754511153,0.0496175356972436));
#12768=CARTESIAN_POINT('',(0.0036199926890097,-0.0406390900739534,0.0496173804076223));
#12769=CARTESIAN_POINT('',(0.00361998842326162,-0.0406390905879481,0.0496176095558239));
#12770=CARTESIAN_POINT('',(0.,0.,0.0496411479922844));
#12771=CARTESIAN_POINT('',(0.00361998842326164,-0.0406390905879481,0.0496176095558239));
#12772=CARTESIAN_POINT('',(0.0030751968553746,-0.0406876187203524,0.04960745507822));
#12773=CARTESIAN_POINT('',(0.00252938079539189,-0.0407251948122698,0.0496020585009522));
#12774=CARTESIAN_POINT('',(0.00198298094729919,-0.0407517826182199,0.0496014198218672));
#12775=CARTESIAN_POINT('',(0.00354900825809965,-0.039842245674459,0.0496176095558239));
#12776=CARTESIAN_POINT('',(0.00301489887781922,-0.0398898222748552,0.04960745507822));
#12777=CARTESIAN_POINT('',(0.00247978509352074,-0.0399266615806566,0.0496020585009522));
#12778=CARTESIAN_POINT('',(0.00194409896794038,-0.0399527280570783,0.0496014198218672));
#12779=CARTESIAN_POINT('',(0.00198298061799607,-0.04075178259488,0.0496015296579162));
#12780=CARTESIAN_POINT('',(0.0019700200466881,-0.0404854311026131,0.0496014342012326));
#12781=CARTESIAN_POINT('',(0.00195705946260863,-0.040219079609441,0.0496013430043724));
#12782=CARTESIAN_POINT('',(0.00194409888079608,-0.0399527281147682,0.049601256067354));
#12783=CARTESIAN_POINT('',(0.00198298094729919,-0.0407517826182199,0.0496014198218672));
#12784=CARTESIAN_POINT('',(0.00361998842326164,-0.0406390905879481,0.0496176095558238));
#12785=CARTESIAN_POINT('',(0.00307519689060502,-0.0406876187172142,0.0496074550788766));
#12786=CARTESIAN_POINT('',(0.00252938074313227,-0.0407251948148127,0.049602058500891));
#12787=CARTESIAN_POINT('',(0.00198298094729918,-0.0407517826182199,0.0496014198218672));
#12788=CARTESIAN_POINT('',(0.00197054520038608,-0.0405923414947807,0.0516490601094313));
#12789=CARTESIAN_POINT('',(0.00139888969715818,-0.0399755325112202,0.0496756171255842));
#12790=CARTESIAN_POINT('',(0.00140832720585975,-0.0402420315098046,0.0496760142843545));
#12791=CARTESIAN_POINT('',(0.00141776497610572,-0.0405085304977192,0.0496764123877384));
#12792=CARTESIAN_POINT('',(0.00142720300949537,-0.0407750294749009,0.0496768114352909));
#12793=CARTESIAN_POINT('',(0.00142713639163757,-0.0407750325777334,0.0496765723720217));
#12794=CARTESIAN_POINT('',(0.00198298061996297,-0.0407517826352355,0.0496015296568445));
#12795=CARTESIAN_POINT('',(0.00179430590392535,-0.0407609635417183,0.0496009659357878));
#12796=CARTESIAN_POINT('',(0.00160904462122645,-0.040768665446415,0.0496260590828273));
#12797=CARTESIAN_POINT('',(0.00142720303043339,-0.0407750302453588,0.0496768114382137));
#12798=CARTESIAN_POINT('',(0.00152270959803227,-0.0406117978601289,0.0500449161185994));
#12799=CARTESIAN_POINT('',(0.00115460796487003,-0.0399833334100389,0.049889449955297));
#12800=CARTESIAN_POINT('',(0.00116252497009421,-0.0402498822964666,0.0498895436462919));
#12801=CARTESIAN_POINT('',(0.00117044297587061,-0.040516431153021,0.0498896377782281));
#12802=CARTESIAN_POINT('',(0.001178361980364,-0.0407829799797462,0.0498897323552495));
#12803=CARTESIAN_POINT('',(0.00117852583644549,-0.0407829750858195,0.0498898052416197));
#12804=CARTESIAN_POINT('',(0.00142709746789074,-0.0407750339508999,0.0496764291366061));
#12805=CARTESIAN_POINT('',(0.00131731317814702,-0.040778876323713,0.0497062994875312));
#12806=CARTESIAN_POINT('',(0.00122466559485414,-0.0407816421934572,0.0497857430392132));
#12807=CARTESIAN_POINT('',(0.00117836198291662,-0.0407829800656748,0.0498897323552782));
#12808=CARTESIAN_POINT('',(0.00214085952178585,-0.0405958775340867,0.0503154313625192));
#12809=CARTESIAN_POINT('',(0.00106809321390628,-0.0399857375123481,0.0503166997574391));
#12810=CARTESIAN_POINT('',(0.00107498541287859,-0.0402523149242275,0.0503167004770686));
#12811=CARTESIAN_POINT('',(0.00108188182598608,-0.0405188922271531,0.0503167011751907));
#12812=CARTESIAN_POINT('',(0.00108878245328007,-0.0407854694209901,0.0503167018724301));
#12813=CARTESIAN_POINT('',(0.00108894013914681,-0.0407854653391269,0.0503167021895034));
#12814=CARTESIAN_POINT('',(0.00117868990085558,-0.0407829705840235,0.0498898776674275));
#12815=CARTESIAN_POINT('',(0.00111912309092615,-0.0407846921554609,0.0500249199127725));
#12816=CARTESIAN_POINT('',(0.00108875157077938,-0.0407854706975178,0.0501690957215759));
#12817=CARTESIAN_POINT('',(0.00108878246497548,-0.0407854698727863,0.0503167018733631));
#12818=CARTESIAN_POINT('',(0.00212015907993359,-0.0405977834426133,0.0503193391894532));
#12819=CARTESIAN_POINT('',(0.00115746812942975,-0.0399832502290865,0.0507429554933167));
#12820=CARTESIAN_POINT('',(0.0011649851792426,-0.0402498108252592,0.0507430432223488));
#12821=CARTESIAN_POINT('',(0.001172503864516,-0.0405163713755514,0.0507431302226545));
#12822=CARTESIAN_POINT('',(0.00118002418289442,-0.0407829318800074,0.0507432164889675));
#12823=CARTESIAN_POINT('',(0.00118009612091405,-0.0407829299234401,0.0507431841577274));
#12824=CARTESIAN_POINT('',(0.00108909782591812,-0.0407854614484597,0.0503167025061022));
#12825=CARTESIAN_POINT('',(0.00108880167327738,-0.0407854693566501,0.0504643030311127));
#12826=CARTESIAN_POINT('',(0.00111956114216617,-0.0407846814587203,0.0506085793377621));
#12827=CARTESIAN_POINT('',(0.00118002418657733,-0.0407829320049343,0.0507432164893604));
#12828=CARTESIAN_POINT('',(0.00153589698890598,-0.0406122871698054,0.0505819250221645));
#12829=CARTESIAN_POINT('',(0.00140384721563002,-0.0399753580653202,0.0509622639315625));
#12830=CARTESIAN_POINT('',(0.0014132977639675,-0.0402418568078991,0.0509619522681828));
#12831=CARTESIAN_POINT('',(0.00142275400832151,-0.0405083553265036,0.0509616218076128));
#12832=CARTESIAN_POINT('',(0.0014322156232881,-0.0407748536296661,0.050961272454207));
#12833=CARTESIAN_POINT('',(0.00143212982178764,-0.0407748575002558,0.0509615744096779));
#12834=CARTESIAN_POINT('',(0.00118009809493317,-0.0407829298663833,0.0507431832707074));
#12835=CARTESIAN_POINT('',(0.00122747730477474,-0.0407815588978075,0.0508487115429339));
#12836=CARTESIAN_POINT('',(0.0013210150852053,-0.0407787604026322,0.0509296172779733));
#12837=CARTESIAN_POINT('',(0.00143221568962746,-0.0407748544843312,0.0509612724633194));
#12838=CARTESIAN_POINT('',(0.00202038004206048,-0.040592635733621,0.0489576016898552));
#12839=CARTESIAN_POINT('',(0.0019553376766799,-0.0399521806530872,0.0510488351835041));
#12840=CARTESIAN_POINT('',(0.00196838082819677,-0.0402185275198403,0.0510484349420692));
#12841=CARTESIAN_POINT('',(0.00198142439189121,-0.0404848743381629,0.0510480159040066));
#12842=CARTESIAN_POINT('',(0.00199446822973713,-0.0407512211121562,0.0510475780667865));
#12843=CARTESIAN_POINT('',(0.00199446013931468,-0.0407512224203481,0.0510481328449805));
#12844=CARTESIAN_POINT('',(0.00143206901639324,-0.0407748596400295,0.0509617799074246));
#12845=CARTESIAN_POINT('',(0.00161566092672684,-0.0407684116402382,0.0510161706535299));
#12846=CARTESIAN_POINT('',(0.00180313029679701,-0.0407605865886712,0.0510447656720769));
#12847=CARTESIAN_POINT('',(0.0019944682822511,-0.040751222021813,0.0510475780654073));
#12848=CARTESIAN_POINT('',(0.00199446013931467,-0.0407512224203481,0.0510481328449805));
#12849=CARTESIAN_POINT('',(0.00253686202010148,-0.040724676003665,0.0510579580211399));
#12850=CARTESIAN_POINT('',(0.00307877990015163,-0.0406872967803242,0.0510628707230887));
#12851=CARTESIAN_POINT('',(0.00361978165810015,-0.0406391090053373,0.0510628709526936));
#12852=CARTESIAN_POINT('',(0.00195535307775948,-0.0399521788434786,0.0510481328449805));
#12853=CARTESIAN_POINT('',(0.00248711962754945,-0.0399261529447697,0.0510579580211399));
#12854=CARTESIAN_POINT('',(0.00301841166681608,-0.0398895066473767,0.0510628707230887));
#12855=CARTESIAN_POINT('',(0.00354880554715701,-0.0398422637307228,0.0510628709526936));
#12856=CARTESIAN_POINT('',(0.00354880554715701,-0.0398422637307228,0.0510628709526936));
#12857=CARTESIAN_POINT('',(0.00357246425080473,-0.0401078788222609,0.0510628709526936));
#12858=CARTESIAN_POINT('',(0.00359612295445244,-0.0403734939137991,0.0510628709526936));
#12859=CARTESIAN_POINT('',(0.00361978165810015,-0.0406391090053373,0.0510628709526936));
#12860=CARTESIAN_POINT('',(0.00361978165810015,-0.0406391090053373,0.0510628709526936));
#12861=CARTESIAN_POINT('',(0.00199446013931467,-0.0407512224203481,0.0510481328449805));
#12862=CARTESIAN_POINT('',(0.00253686198574753,-0.0407246760053463,0.0510579580205176));
#12863=CARTESIAN_POINT('',(0.00307877995016812,-0.0406872967758692,0.0510628707230886));
#12864=CARTESIAN_POINT('',(0.00361978165810016,-0.0406391090053372,0.0510628709526936));
#12865=CARTESIAN_POINT('',(0.00361978165810017,-0.0406391090053373,0.0510628709526936));
#12866=CARTESIAN_POINT('',(0.00416807378937076,-0.0405902718667131,0.0510628707115016));
#12867=CARTESIAN_POINT('',(0.00471533326158046,-0.0405303410341141,0.0510677034579737));
#12868=CARTESIAN_POINT('',(0.00526111283802298,-0.040459370876295,0.051077369194084));
#12869=CARTESIAN_POINT('',(0.00354880554715703,-0.0398422637307228,0.0510628709526936));
#12870=CARTESIAN_POINT('',(0.0040863468523235,-0.0397943841830522,0.0510628707115016));
#12871=CARTESIAN_POINT('',(0.00462287574664855,-0.0397356284648177,0.0510677034579737));
#12872=CARTESIAN_POINT('',(0.00515795376276763,-0.0396660498787206,0.051077369194084));
#12873=CARTESIAN_POINT('',(0.00526111103772048,-0.0404593710673715,0.0510774850913409));
#12874=CARTESIAN_POINT('',(0.00522672642634269,-0.0401949305418713,0.0510773869496476));
#12875=CARTESIAN_POINT('',(0.00519234173301353,-0.0399304900250691,0.0510772940837002));
#12876=CARTESIAN_POINT('',(0.00515795693677131,-0.0396660495199011,0.0510772064931259));
#12877=CARTESIAN_POINT('',(0.00526111283802298,-0.040459370876295,0.051077369194084));
#12878=CARTESIAN_POINT('',(0.00361978165810017,-0.0406391090053372,0.0510628709526936));
#12879=CARTESIAN_POINT('',(0.00416807373658887,-0.0405902718714145,0.0510628707115016));
#12880=CARTESIAN_POINT('',(0.00471533329874154,-0.0405303410292819,0.0510677034586317));
#12881=CARTESIAN_POINT('',(0.00526111283802298,-0.040459370876295,0.0510773691940839));
#12882=CARTESIAN_POINT('',(0.00520850364028111,-0.0403051097848043,0.0530438429203037));
#12883=CARTESIAN_POINT('',(0.00569371525270239,-0.0395926975898119,0.0511640962161091));
#12884=CARTESIAN_POINT('',(0.00573154899735621,-0.039856666111491,0.0511644978656505));
#12885=CARTESIAN_POINT('',(0.00576938256536057,-0.0401206346576085,0.0511649000937067));
#12886=CARTESIAN_POINT('',(0.00580721595593702,-0.0403846032282735,0.051165302900035));
#12887=CARTESIAN_POINT('',(0.00580728980593782,-0.0403845934126407,0.051165062405483));
#12888=CARTESIAN_POINT('',(0.00526111104340394,-0.0404593711109282,0.051077485090097));
#12889=CARTESIAN_POINT('',(0.00544747562965338,-0.0404351372991833,0.0510804199579682));
#12890=CARTESIAN_POINT('',(0.00562950312703917,-0.0404101587410743,0.0511096914578104));
#12891=CARTESIAN_POINT('',(0.00580721607575534,-0.0403846040150141,0.0511653029034012));
#12892=CARTESIAN_POINT('',(0.00567275363713338,-0.0402425245439276,0.0515348394692267));
#12893=CARTESIAN_POINT('',(0.00593297799355479,-0.0395575508506476,0.0513891972495572));
#12894=CARTESIAN_POINT('',(0.00597234029829584,-0.0398212962052945,0.0513892718620561));
#12895=CARTESIAN_POINT('',(0.00601170133046206,-0.0400850417497189,0.051389346991103));
#12896=CARTESIAN_POINT('',(0.00605106109243379,-0.0403487874835493,0.0513894226426586));
#12897=CARTESIAN_POINT('',(0.00605088848054815,-0.0403488132227347,0.0513894935255876));
#12898=CARTESIAN_POINT('',(0.0058073334019815,-0.0403845871548963,0.0511649167956116));
#12899=CARTESIAN_POINT('',(0.0059170473202629,-0.0403688102125729,0.0511984435119404));
#12900=CARTESIAN_POINT('',(0.00600790212260644,-0.0403552600868395,0.0512821589227047));
#12901=CARTESIAN_POINT('',(0.00605106110738065,-0.0403487875837027,0.0513894226426853));
#12902=CARTESIAN_POINT('',(0.00491858906232755,-0.0403577076152811,0.0518386486124888));
#12903=CARTESIAN_POINT('',(0.00613654641719883,-0.0403358744703155,0.051839640132665));
#12904=CARTESIAN_POINT('',(0.00609643828801968,-0.0400722414178098,0.051839640132665));
#12905=CARTESIAN_POINT('',(0.00605633015884052,-0.039808608365304,0.051839640132665));
#12906=CARTESIAN_POINT('',(0.00601622202966137,-0.0395449753127982,0.051839640132665));
#12907=CARTESIAN_POINT('',(0.00613667314285506,-0.0403358551907565,0.0518396401189901));
#12908=CARTESIAN_POINT('',(0.00605071566983793,-0.0403488393815723,0.0513895637492816));
#12909=CARTESIAN_POINT('',(0.00610809791106302,-0.0403402343353932,0.0515339788790541));
#12910=CARTESIAN_POINT('',(0.00613678350798525,-0.0403358387563268,0.0516840043153079));
#12911=CARTESIAN_POINT('',(0.00613679992200448,-0.0403358362590549,0.0518396401063158));
#12912=CARTESIAN_POINT('',(0.00601622202966137,-0.0395449753127982,0.0522280247226507));
#12913=CARTESIAN_POINT('',(0.00601622202966135,-0.0395449753127982,0.0526164093126363));
#12914=CARTESIAN_POINT('',(0.0061365464702546,-0.0403358748190541,0.0526164093126363));
#12915=CARTESIAN_POINT('',(0.0061365464702546,-0.0403358748190541,0.0522883834768696));
#12916=CARTESIAN_POINT('',(0.,0.,0.0526164093126363));
#12917=CARTESIAN_POINT('',(-0.00296865137231497,-0.0398896867502072,0.0526164093126363));
#12918=CARTESIAN_POINT('',(-0.00302802439976127,-0.0406874804852113,0.0526164093126363));
#12919=CARTESIAN_POINT('',(0.,0.,0.0526164093126363));
#12920=CARTESIAN_POINT('',(-0.00296865137231497,-0.0398896867502072,0.0507521632807051));
#12921=CARTESIAN_POINT('',(-0.00302802439976127,-0.0406874804852113,0.0522883834768696));
#12922=CARTESIAN_POINT('',(0.,0.,0.0522883834768696));
#12923=CARTESIAN_POINT('',(0.,0.,0.0451594251849115));
#12924=CARTESIAN_POINT('',(0.0166972033846249,-0.0363483617118086,0.0451594251849115));
#12925=CARTESIAN_POINT('',(0.0170311474523174,-0.0370753289460448,0.0451594251849115));
#12926=CARTESIAN_POINT('',(0.,0.,0.0451594251849115));
#12927=CARTESIAN_POINT('',(0.00893911045428919,-0.0398086963399459,0.0451594251849115));
#12928=CARTESIAN_POINT('',(0.00876383377871489,-0.0390281336666136,0.0451594251849115));
#12929=CARTESIAN_POINT('',(0.0166972033846249,-0.0363483617118086,0.0455478097748971));
#12930=CARTESIAN_POINT('',(0.0166972034950038,-0.0363483619520938,0.0459361943648828));
#12931=CARTESIAN_POINT('',(0.016808518112849,-0.0365906842081057,0.0459361943648828));
#12932=CARTESIAN_POINT('',(0.0169198327306943,-0.0368330064641176,0.0459361943648828));
#12933=CARTESIAN_POINT('',(0.0170311473485396,-0.0370753287201296,0.0459361943648828));
#12934=CARTESIAN_POINT('',(0.0170311401086973,-0.0370753320458674,0.0459361943713511));
#12935=CARTESIAN_POINT('',(0.0170311474523174,-0.0370753289460448,0.0522883834768696));
#12936=CARTESIAN_POINT('',(0.0157378112748232,-0.0374932603128297,0.0459378803084613));
#12937=CARTESIAN_POINT('',(0.0166285864047636,-0.0363798039753439,0.0463848240596379));
#12938=CARTESIAN_POINT('',(0.0167396111232738,-0.0366222592953938,0.0463848876040651));
#12939=CARTESIAN_POINT('',(0.0168506346729032,-0.036864715150813,0.0463849506999685));
#12940=CARTESIAN_POINT('',(0.0169616570546532,-0.0371071715411286,0.0463850133441862));
#12941=CARTESIAN_POINT('',(0.0169615817153643,-0.0371072061156071,0.0463849841969447));
#12942=CARTESIAN_POINT('',(0.0170311329727145,-0.0370753355974696,0.0459361943778193));
#12943=CARTESIAN_POINT('',(0.0170312465603122,-0.0370752834192372,0.0460901596134069));
#12944=CARTESIAN_POINT('',(0.0170081078910708,-0.0370859390398174,0.0462397659323752));
#12945=CARTESIAN_POINT('',(0.0169616571061329,-0.0371071716547351,0.0463850133456155));
#12946=CARTESIAN_POINT('',(0.0165844658092368,-0.0371034236795219,0.0462649417556179));
#12947=CARTESIAN_POINT('',(0.0164286024916466,-0.0364705502941339,0.0466077800013032));
#12948=CARTESIAN_POINT('',(0.0165380521213572,-0.0367137205258747,0.0466075457431677));
#12949=CARTESIAN_POINT('',(0.0166474965928198,-0.0369568930641385,0.0466072957305697));
#12950=CARTESIAN_POINT('',(0.0167569361451457,-0.0372000677989102,0.0466070298715806));
#12951=CARTESIAN_POINT('',(0.0167570161681405,-0.037200032380806,0.0466072873320859));
#12952=CARTESIAN_POINT('',(0.016961582944979,-0.0371072066153509,0.0463849845187632));
#12953=CARTESIAN_POINT('',(0.0169282827688258,-0.0371224280171061,0.0464885819799649));
#12954=CARTESIAN_POINT('',(0.0168517876064074,-0.0371573421648418,0.0465716632060012));
#12955=CARTESIAN_POINT('',(0.01675693634958,-0.0372000683356378,0.046607029882516));
#12956=CARTESIAN_POINT('',(0.0162130242862142,-0.0372683566244858,0.0451235306970605));
#12957=CARTESIAN_POINT('',(0.0159841581154636,-0.0366675166421886,0.0466980633662581));
#12958=CARTESIAN_POINT('',(0.0160907104046555,-0.0369119698426458,0.0466976516892348));
#12959=CARTESIAN_POINT('',(0.0161972622213109,-0.0371564232167024,0.0466972207910182));
#12960=CARTESIAN_POINT('',(0.0163038137151724,-0.0374008766960578,0.0466967706680151));
#12961=CARTESIAN_POINT('',(0.01630382354969,-0.0374008734879357,0.0466973563877825));
#12962=CARTESIAN_POINT('',(0.0167570638393447,-0.0372000109102454,0.0466074356047917));
#12963=CARTESIAN_POINT('',(0.0166107892671841,-0.0372659015453229,0.0466640056512792));
#12964=CARTESIAN_POINT('',(0.0164597292017266,-0.0373329109980139,0.0466937805112653));
#12965=CARTESIAN_POINT('',(0.0163038140976376,-0.0374008776082818,0.0466967706665898));
#12966=CARTESIAN_POINT('',(0.01630382354969,-0.0374008734879357,0.0466973563877825));
#12967=CARTESIAN_POINT('',(0.0158694949077971,-0.037590206433389,0.0467077611918076));
#12968=CARTESIAN_POINT('',(0.0154318134626453,-0.0377719966937921,0.0467129635771981));
#12969=CARTESIAN_POINT('',(0.0149910423414921,-0.0379461282546137,0.0467129635448541));
#12970=CARTESIAN_POINT('',(0.0159841407349902,-0.036667523027388,0.0466973563877825));
#12971=CARTESIAN_POINT('',(0.0155583283409781,-0.0368531435621459,0.0467077611918076));
#12972=CARTESIAN_POINT('',(0.0151292288849459,-0.0370313693076395,0.0467129635771981));
#12973=CARTESIAN_POINT('',(0.0146971003347961,-0.0372020865241311,0.0467129635448541));
#12974=CARTESIAN_POINT('',(0.0149910423414921,-0.0379461282546137,0.0467129635448542));
#12975=CARTESIAN_POINT('',(0.0148930616725934,-0.0376981143444528,0.0467129635448542));
#12976=CARTESIAN_POINT('',(0.0147950810036948,-0.037450100434292,0.0467129635448542));
#12977=CARTESIAN_POINT('',(0.0146971003347961,-0.0372020865241311,0.0467129635448542));
#12978=CARTESIAN_POINT('',(0.0149910423414921,-0.0379461282546137,0.0467129635448541));
#12979=CARTESIAN_POINT('',(0.01630382354969,-0.0374008734879357,0.0466973563877824));
#12980=CARTESIAN_POINT('',(0.0158694949203219,-0.0375902064279292,0.0467077611915075));
#12981=CARTESIAN_POINT('',(0.015431813435544,-0.0377719967044987,0.0467129635771981));
#12982=CARTESIAN_POINT('',(0.0149910423414921,-0.0379461282546137,0.0467129635448541));
#12983=CARTESIAN_POINT('',(0.,0.,0.0467129635448542));
#12984=CARTESIAN_POINT('',(0.0126535557954477,-0.0379458499144701,0.0467129635448542));
#12985=CARTESIAN_POINT('',(0.0129066269113567,-0.0387047669127595,0.0467129635448542));
#12986=CARTESIAN_POINT('',(0.,0.,0.0467129635448542));
#12987=CARTESIAN_POINT('',(0.0126535557954478,-0.0379458499144701,0.0511405478706908));
#12988=CARTESIAN_POINT('',(0.0126535557954477,-0.0379458499144701,0.0526164093126363));
#12989=CARTESIAN_POINT('',(0.0129066269113567,-0.0387047669127595,0.0526164093126363));
#12990=CARTESIAN_POINT('',(0.0129066269113567,-0.0387047669127595,0.0522883834768696));
#12991=CARTESIAN_POINT('',(0.,0.,0.0526164093126363));
#12992=CARTESIAN_POINT('',(0.00876383377871489,-0.0390281336666136,0.0526164093126363));
#12993=CARTESIAN_POINT('',(0.00893911045428919,-0.0398086963399459,0.0526164093126363));
#12994=CARTESIAN_POINT('',(0.,0.,0.0526164093126363));
#12995=CARTESIAN_POINT('',(0.00876383377871489,-0.0390281336666136,0.0507521632807051));
#12996=CARTESIAN_POINT('',(0.00893911045428919,-0.0398086963399459,0.0522883834768696));
#12997=CARTESIAN_POINT('',(0.,0.,0.0522883834768696));
#12998=CARTESIAN_POINT('',(0.,0.,0.0451594251849115));
#12999=CARTESIAN_POINT('',(0.0248837421947888,-0.0313177166214795,0.0451594251849115));
#13000=CARTESIAN_POINT('',(0.0253814170386845,-0.0319440709539091,0.0451594251849115));
#13001=CARTESIAN_POINT('',(0.,0.,0.0451594251849115));
#13002=CARTESIAN_POINT('',(0.0184578906160825,-0.0363860725278881,0.0451594251849115));
#13003=CARTESIAN_POINT('',(0.0180959711922377,-0.0356726201253806,0.0451594251849115));
#13004=CARTESIAN_POINT('',(0.0248837421947888,-0.0313177166214795,0.0455478097748971));
#13005=CARTESIAN_POINT('',(0.0248837423578473,-0.0313177168266987,0.0459361943648828));
#13006=CARTESIAN_POINT('',(0.0250496339181264,-0.0315265015357688,0.0459361943648828));
#13007=CARTESIAN_POINT('',(0.0252155254784055,-0.0317352862448389,0.0459361943648828));
#13008=CARTESIAN_POINT('',(0.0253814170386845,-0.031944070953909,0.0459361943648828));
#13009=CARTESIAN_POINT('',(0.0253814141858836,-0.0319440730936439,0.0459361943674127));
#13010=CARTESIAN_POINT('',(0.0253814170386845,-0.0319440709539091,0.0522883834768696));
#13011=CARTESIAN_POINT('',(0.0241593294237756,-0.0327106069125575,0.0459376425461771));
#13012=CARTESIAN_POINT('',(0.0248284713390657,-0.0313615533947026,0.0463837554942083));
#13013=CARTESIAN_POINT('',(0.0249941321062553,-0.0315705212993923,0.046383812041327));
#13014=CARTESIAN_POINT('',(0.0251597919466001,-0.031779489938949,0.0463838682034192));
#13015=CARTESIAN_POINT('',(0.0253254508607839,-0.0319884593128163,0.0463839239777871));
#13016=CARTESIAN_POINT('',(0.0253253864962909,-0.0319885104186915,0.0463838970180461));
#13017=CARTESIAN_POINT('',(0.0253814100613325,-0.0319440764978186,0.0459361943706157));
#13018=CARTESIAN_POINT('',(0.0253814818447559,-0.0319440194617511,0.046089250076293));
#13019=CARTESIAN_POINT('',(0.0253628547846786,-0.0319588465552227,0.0462384932763821));
#13020=CARTESIAN_POINT('',(0.0253254509327258,-0.0319884594041992,0.0463839239790088));
#13021=CARTESIAN_POINT('',(0.0249625217407908,-0.0320714652060813,0.046273543215304));
#13022=CARTESIAN_POINT('',(0.0246642589144049,-0.0314908613173482,0.0466056169880152));
#13023=CARTESIAN_POINT('',(0.0248286274567616,-0.0317008470227106,0.0466054148521874));
#13024=CARTESIAN_POINT('',(0.0249929915564867,-0.0319108361915383,0.0466051981188018));
#13025=CARTESIAN_POINT('',(0.0251573514002647,-0.0321208286752839,0.0466049666980241));
#13026=CARTESIAN_POINT('',(0.0251574158745589,-0.0321207787344553,0.0466051887742023));
#13027=CARTESIAN_POINT('',(0.0253253898775355,-0.0319885109005581,0.0463838977947168));
#13028=CARTESIAN_POINT('',(0.0252990956868214,-0.032009328081871,0.0464854543204845));
#13029=CARTESIAN_POINT('',(0.0252363892696819,-0.0320589259888979,0.0465680926961377));
#13030=CARTESIAN_POINT('',(0.0251573516500547,-0.0321208290359307,0.0466049667070401));
#13031=CARTESIAN_POINT('',(0.0246672068006412,-0.0323002065271618,0.0453003856126042));
#13032=CARTESIAN_POINT('',(0.024301439375029,-0.0317716875720021,0.0466973486349451));
#13033=CARTESIAN_POINT('',(0.0244634402616078,-0.0319835046348384,0.0466969358405797));
#13034=CARTESIAN_POINT('',(0.024625440681653,-0.0321953220168428,0.0466965037300407));
#13035=CARTESIAN_POINT('',(0.0247874407732738,-0.0324071396088529,0.0466960522989911));
#13036=CARTESIAN_POINT('',(0.0247874508937095,-0.0324071331375045,0.0466966476635827));
#13037=CARTESIAN_POINT('',(0.0251574481188849,-0.0321207534826052,0.046605296571099));
#13038=CARTESIAN_POINT('',(0.0250387851666821,-0.0322136920578256,0.0466625623928957));
#13039=CARTESIAN_POINT('',(0.0249154858714698,-0.0323092022659873,0.0466928111647677));
#13040=CARTESIAN_POINT('',(0.0247874413721246,-0.0324071404203377,0.0466960522976319));
#13041=CARTESIAN_POINT('',(0.0247874508937095,-0.0324071331375045,0.0466966476635827));
#13042=CARTESIAN_POINT('',(0.0244415027364258,-0.0326717407139925,0.046707524842767));
#13043=CARTESIAN_POINT('',(0.0240912610568184,-0.0329308512051497,0.0467129634697006));
#13044=CARTESIAN_POINT('',(0.0237369013870856,-0.0331843263083609,0.0467129635448541));
#13045=CARTESIAN_POINT('',(0.0243014224448133,-0.0317716991544162,0.0466966476635827));
#13046=CARTESIAN_POINT('',(0.0239622575847315,-0.0320311183470513,0.046707524842767));
#13047=CARTESIAN_POINT('',(0.0236188833890374,-0.032285148240343,0.0467129634697006));
#13048=CARTESIAN_POINT('',(0.0232714719481232,-0.032533653243491,0.0467129635448541));
#13049=CARTESIAN_POINT('',(0.0237369013870856,-0.0331843263083609,0.0467129635448541));
#13050=CARTESIAN_POINT('',(0.0235817582407648,-0.0329674352867376,0.0467129635448541));
#13051=CARTESIAN_POINT('',(0.023426615094444,-0.0327505442651143,0.0467129635448541));
#13052=CARTESIAN_POINT('',(0.0232714719481232,-0.032533653243491,0.0467129635448541));
#13053=CARTESIAN_POINT('',(0.0237369013870856,-0.0331843263083609,0.0467129635448541));
#13054=CARTESIAN_POINT('',(0.0247874508937095,-0.0324071331375045,0.0466966476635826));
#13055=CARTESIAN_POINT('',(0.024441502741414,-0.0326717407101771,0.0467075248426101));
#13056=CARTESIAN_POINT('',(0.0240912610390659,-0.0329308512178481,0.0467129634697006));
#13057=CARTESIAN_POINT('',(0.0237369013870856,-0.0331843263083609,0.0467129635448541));
#13058=CARTESIAN_POINT('',(0.,0.,0.0467129635448541));
#13059=CARTESIAN_POINT('',(0.0215998897413808,-0.0336666714000685,0.0467129635448542));
#13060=CARTESIAN_POINT('',(0.0220318875362084,-0.0343400048280699,0.0467129635448541));
#13061=CARTESIAN_POINT('',(0.,0.,0.0467129635448541));
#13062=CARTESIAN_POINT('',(0.0215998897413808,-0.0336666714000685,0.0511405478706908));
#13063=CARTESIAN_POINT('',(0.0215998897413808,-0.0336666714000685,0.0526164093126363));
#13064=CARTESIAN_POINT('',(0.0220318875362084,-0.0343400048280699,0.0526164093126363));
#13065=CARTESIAN_POINT('',(0.0220318875362084,-0.0343400048280699,0.0522883834768696));
#13066=CARTESIAN_POINT('',(0.,0.,0.0526164093126363));
#13067=CARTESIAN_POINT('',(0.0180959711922377,-0.0356726201253806,0.0526164093126363));
#13068=CARTESIAN_POINT('',(0.0184578906160825,-0.0363860725278881,0.0526164093126363));
#13069=CARTESIAN_POINT('',(0.,0.,0.0526164093126363));
#13070=CARTESIAN_POINT('',(0.0180959711922377,-0.0356726201253806,0.0507521632807051));
#13071=CARTESIAN_POINT('',(0.0184578906160825,-0.0363860725278881,0.0522883834768696));
#13072=CARTESIAN_POINT('',(0.,0.,0.0522883834768696));
#13073=CARTESIAN_POINT('',(0.0275400295362252,-0.0295585305129721,0.0451760244315798));
#13074=CARTESIAN_POINT('',(0.0265447264860422,-0.0299142669885984,0.0451302425893852));
#13075=CARTESIAN_POINT('',(0.0270799721548038,-0.0305174557932842,0.0451297727982352));
#13076=CARTESIAN_POINT('',(0.027969670866811,-0.0285954122913489,0.0452218146581225));
#13077=CARTESIAN_POINT('',(0.0281561244295515,-0.0287860579647574,0.0452221192414703));
#13078=CARTESIAN_POINT('',(0.0283425779922921,-0.0289767036381658,0.0452224238248181));
#13079=CARTESIAN_POINT('',(0.0285290315550327,-0.0291673493115742,0.0452227284081659));
#13080=CARTESIAN_POINT('',(0.0285290472353517,-0.0291673346987228,0.0452222760707103));
#13081=CARTESIAN_POINT('',(0.,0.,0.0451760244315797));
#13082=CARTESIAN_POINT('',(0.0289420272356213,-0.0281872136337563,0.045268527542915));
#13083=CARTESIAN_POINT('',(0.0296084051835388,-0.027467872727334,0.0453147596540885));
#13084=CARTESIAN_POINT('',(0.0299110754306207,-0.0277482894352737,0.0453152448302699));
#13085=CARTESIAN_POINT('',(0.,0.,0.045268527542915));
#13086=CARTESIAN_POINT('',(0.0296353433878913,-0.0274573564328714,0.0471401865938383));
#13087=CARTESIAN_POINT('',(0.0293596038466678,-0.027166407502042,0.0489655904946289));
#13088=CARTESIAN_POINT('',(0.0295552165274085,-0.0273476439944855,0.0489655929427065));
#13089=CARTESIAN_POINT('',(0.0297508292081492,-0.0275288804869291,0.0489655953907842));
#13090=CARTESIAN_POINT('',(0.0299464418888899,-0.0277101169793727,0.0489655978388618));
#13091=CARTESIAN_POINT('',(0.0299466169584874,-0.0277099280228106,0.0489655942667405));
#13092=CARTESIAN_POINT('',(0.,0.,0.0471401865938547));
#13093=CARTESIAN_POINT('',(0.0296706901494788,-0.0274191565525564,0.0507910017397036));
#13094=CARTESIAN_POINT('',(0.0296883512785263,-0.0274000451737416,0.0526164093126363));
#13095=CARTESIAN_POINT('',(0.0299821143932931,-0.0276715163391435,0.0526164093126363));
#13096=CARTESIAN_POINT('',(0.,0.,0.0507910017396628));
#13097=CARTESIAN_POINT('',(0.,0.,0.0526164093126363));
#13098=CARTESIAN_POINT('',(0.0265489923086312,-0.0299190743071414,0.0526164093126363));
#13099=CARTESIAN_POINT('',(0.0270799721548038,-0.0305174557932842,0.0526164093126363));
#13100=CARTESIAN_POINT('',(0.,0.,0.0526164093126363));
#13101=CARTESIAN_POINT('',(0.0265489923086312,-0.0299190743071413,0.050744750261713));
#13102=CARTESIAN_POINT('',(0.0270799721548038,-0.0305174557932842,0.0522883834768696));
#13103=CARTESIAN_POINT('',(0.,0.,0.0522883834768696));
#13104=CARTESIAN_POINT('',(-0.0303975853208187,-0.0272144595144483,0.0585792512018265));
#13105=CARTESIAN_POINT('',(-0.0304113839417179,-0.0271990469446756,0.0579369271717848));
#13106=CARTESIAN_POINT('',(-0.0304237986100053,-0.0271851568465563,0.0572945457919585));
#13107=CARTESIAN_POINT('',(-0.0304348356171096,-0.0271727948683885,0.0566521070623163));
#13108=CARTESIAN_POINT('',(-0.0298015542360969,-0.0266808426612238,0.0585792512018265));
#13109=CARTESIAN_POINT('',(-0.0298150822958018,-0.0266657322987017,0.0579369271717855));
#13110=CARTESIAN_POINT('',(-0.0298272535392209,-0.0266521145554474,0.0572945457919586));
#13111=CARTESIAN_POINT('',(-0.0298380741344212,-0.0266399949690083,0.0566521070623163));
#13112=CARTESIAN_POINT('',(-0.0298013698587714,-0.0266810488479465,0.0585792434762301));
#13113=CARTESIAN_POINT('',(-0.0300001513056032,-0.0268588043651368,0.0585792481398426));
#13114=CARTESIAN_POINT('',(-0.0301989301509417,-0.0270365627915425,0.0585792526944498));
#13115=CARTESIAN_POINT('',(-0.0303977063950686,-0.0272143241266776,0.0585792571218684));
#13116=CARTESIAN_POINT('',(-0.0303975853208188,-0.0272144595144483,0.0585792512018265));
#13117=CARTESIAN_POINT('',(-0.0298380741344212,-0.0266399949690083,0.0566521070623163));
#13118=CARTESIAN_POINT('',(-0.0300369946286506,-0.0268175949354684,0.0566521070623163));
#13119=CARTESIAN_POINT('',(-0.0302359151228801,-0.0269951949019284,0.0566521070623163));
#13120=CARTESIAN_POINT('',(-0.0304348356171096,-0.0271727948683885,0.0566521070623163));
#13121=CARTESIAN_POINT('',(-0.0304348356171096,-0.0271727948683885,0.0566521070623163));
#13122=CARTESIAN_POINT('',(-0.0303975853208188,-0.0272144595144483,0.0585792512018265));
#13123=CARTESIAN_POINT('',(-0.0304113839417175,-0.027199046944676,0.0579369271718019));
#13124=CARTESIAN_POINT('',(-0.0304237986100052,-0.0271851568465565,0.0572945457919651));
#13125=CARTESIAN_POINT('',(-0.0304348356171095,-0.0271727948683885,0.0566521070623163));
#13126=CARTESIAN_POINT('',(-0.0304348356171096,-0.0271727948683885,0.0566521070623164));
#13127=CARTESIAN_POINT('',(-0.0304477394495984,-0.0271583419561087,0.0559010000951709));
#13128=CARTESIAN_POINT('',(-0.0304567595804352,-0.0271482201216727,0.0551497922139954));
#13129=CARTESIAN_POINT('',(-0.0304619089888415,-0.0271424409505766,0.0543984834186798));
#13130=CARTESIAN_POINT('',(-0.0298380741344212,-0.0266399949690083,0.0566521070623164));
#13131=CARTESIAN_POINT('',(-0.0298507249505866,-0.0266258254471654,0.055901000095172));
#13132=CARTESIAN_POINT('',(-0.0298595682161129,-0.0266159020800713,0.055149792213995));
#13133=CARTESIAN_POINT('',(-0.029864616655727,-0.0266102362260556,0.0543984834186798));
#13134=CARTESIAN_POINT('',(-0.0304619098284879,-0.02714244000824,0.0543984834316185));
#13135=CARTESIAN_POINT('',(-0.030262812097165,-0.0269650387554471,0.0543984834272259));
#13136=CARTESIAN_POINT('',(-0.0300637140848996,-0.0267876378179564,0.0543984834185041));
#13137=CARTESIAN_POINT('',(-0.0298646157916925,-0.0266102371957691,0.0543984834054953));
#13138=CARTESIAN_POINT('',(-0.0304619089888415,-0.0271424409505766,0.0543984834186798));
#13139=CARTESIAN_POINT('',(-0.0304348356171096,-0.0271727948683885,0.0566521070623163));
#13140=CARTESIAN_POINT('',(-0.0304477394495979,-0.0271583419561093,0.0559010000951993));
#13141=CARTESIAN_POINT('',(-0.0304567595804353,-0.0271482201216726,0.0551497922139871));
#13142=CARTESIAN_POINT('',(-0.0304619089888415,-0.0271424409505766,0.0543984834186797));
#13143=CARTESIAN_POINT('',(0.138161023103548,-0.215849028965779,0.0518155673765708));
#13144=CARTESIAN_POINT('',(-0.0298732970040401,-0.0266004914634877,0.0518142282843167));
#13145=CARTESIAN_POINT('',(-0.0300724524755562,-0.0267778276426193,0.051814228284296));
#13146=CARTESIAN_POINT('',(-0.030271607666248,-0.0269551641371274,0.0518142282842965));
#13147=CARTESIAN_POINT('',(-0.0304707625761147,-0.0271325009470112,0.0518142282842759));
#13148=CARTESIAN_POINT('',(-0.0304707625761148,-0.0271325009470112,0.0518142282842759));
#13149=CARTESIAN_POINT('',(-0.030470762762735,-0.0271325011131865,0.0518142282842758));
#13150=CARTESIAN_POINT('',(-0.0304707340361848,-0.0271325330077504,0.0526756618260356));
#13151=CARTESIAN_POINT('',(-0.0304677833602392,-0.0271358463449404,0.0535370951487051));
#13152=CARTESIAN_POINT('',(-0.0304619098284879,-0.02714244000824,0.0543984834316184));
#13153=CARTESIAN_POINT('',(-0.0298732970909092,-0.026600490990173,0.0484868267346038));
#13154=CARTESIAN_POINT('',(-0.0298732970909092,-0.026600490990173,0.0451594251849115));
#13155=CARTESIAN_POINT('',(-0.0304707630327275,-0.0271325008099765,0.0451594251849115));
#13156=CARTESIAN_POINT('',(-0.0304707630327275,-0.0271325008099765,0.0522883834768696));
#13157=CARTESIAN_POINT('',(0.,0.,0.0451594251849115));
#13158=CARTESIAN_POINT('',(-0.0249145162895976,-0.0312932401335397,0.0451594251849115));
#13159=CARTESIAN_POINT('',(-0.0254128066153895,-0.0319191049362105,0.0451594251849115));
#13160=CARTESIAN_POINT('',(0.,0.,0.0451594251849115));
#13161=CARTESIAN_POINT('',(-0.0249145162895976,-0.0312932401335397,0.0571993474744672));
#13162=CARTESIAN_POINT('',(-0.0249145162895976,-0.0312932401335397,0.054169947672579));
#13163=CARTESIAN_POINT('',(-0.0254128066153895,-0.0319191049362105,0.054169947672579));
#13164=CARTESIAN_POINT('',(-0.0254128066153895,-0.0319191049362105,0.0522883834768696));
#13165=CARTESIAN_POINT('',(0.,0.,0.054169947672579));
#13166=CARTESIAN_POINT('',(0.00210795154873162,-0.0399444181365582,0.054169947672579));
#13167=CARTESIAN_POINT('',(0.0021220045590565,-0.0402107142574686,0.054169947672579));
#13168=CARTESIAN_POINT('',(0.00213605756938138,-0.040477010378379,0.054169947672579));
#13169=CARTESIAN_POINT('',(0.00215011057970626,-0.0407433064992894,0.054169947672579));
#13170=CARTESIAN_POINT('',(0.00215011057970626,-0.0407433064992894,0.054169947672579));
#13171=CARTESIAN_POINT('',(0.,0.,0.054169947672579));
#13172=CARTESIAN_POINT('',(0.00215011057970644,-0.0407433064992893,0.0541699476725794));
#13173=CARTESIAN_POINT('',(0.00443416913072424,-0.0406227718918368,0.0541699470011982));
#13174=CARTESIAN_POINT('',(0.00670800783402166,-0.040309725873281,0.0541714576887071));
#13175=CARTESIAN_POINT('',(0.0111712880307234,-0.0393074254157529,0.054177501781481));
#13176=CARTESIAN_POINT('',(0.0133606432150826,-0.0386181903617671,0.0541820351498518));
#13177=CARTESIAN_POINT('',(0.015476921598223,-0.0377505615566505,0.0541880799509009));
#13178=CARTESIAN_POINT('',(0.0021079515487318,-0.0399444181365582,0.0541699476725794));
#13179=CARTESIAN_POINT('',(0.00434722463796494,-0.0398262469527811,0.0541699470011982));
#13180=CARTESIAN_POINT('',(0.00657647826864869,-0.039519339091452,0.0541714576887071));
#13181=CARTESIAN_POINT('',(0.0109522431673758,-0.0385366915840714,0.054177501781481));
#13182=CARTESIAN_POINT('',(0.013098669818712,-0.0378609709429075,0.0541820351498519));
#13183=CARTESIAN_POINT('',(0.0151734525472774,-0.0370103544673044,0.0541880799509009));
#13184=CARTESIAN_POINT('',(0.0151734525472774,-0.0370103544673044,0.0541880799509009));
#13185=CARTESIAN_POINT('',(0.0152746088975926,-0.0372570901637531,0.0541880799509009));
#13186=CARTESIAN_POINT('',(0.0153757652479078,-0.0375038258602018,0.0541880799509009));
#13187=CARTESIAN_POINT('',(0.015476921598223,-0.0377505615566505,0.0541880799509009));
#13188=CARTESIAN_POINT('',(0.015476921598223,-0.0377505615566505,0.0541880799509009));
#13189=CARTESIAN_POINT('',(0.00215011057970644,-0.0407433064992894,0.0541699476725794));
#13190=CARTESIAN_POINT('',(0.0067181997532468,-0.04050223875823,0.0541699463298251));
#13191=CARTESIAN_POINT('',(0.0112443906678968,-0.0394858085746958,0.0541759904225989));
#13192=CARTESIAN_POINT('',(0.015476921598223,-0.0377505615566505,0.0541880799509009));
#13193=CARTESIAN_POINT('',(0.015476921598225,-0.0377505615566497,0.0541880799509009));
#13194=CARTESIAN_POINT('',(0.0182839681874557,-0.0365997325837113,0.0541960943318435));
#13195=CARTESIAN_POINT('',(0.0209613677203143,-0.0351349375289789,0.0542171254491433));
#13196=CARTESIAN_POINT('',(0.0234441514441155,-0.0333917918516718,0.0542511821934204));
#13197=CARTESIAN_POINT('',(0.0151734525472794,-0.0370103544673036,0.0541880799509009));
#13198=CARTESIAN_POINT('',(0.0179254590062858,-0.0358820907687641,0.0541960943318405));
#13199=CARTESIAN_POINT('',(0.0205503605114925,-0.0344460171843042,0.0542171254491626));
#13200=CARTESIAN_POINT('',(0.0229844622001133,-0.0327370508349724,0.0542511821934204));
#13201=CARTESIAN_POINT('',(0.0229844622001133,-0.0327370508349724,0.0542511821934204));
#13202=CARTESIAN_POINT('',(0.0231376919481141,-0.0329552978405388,0.0542511821934204));
#13203=CARTESIAN_POINT('',(0.0232909216961148,-0.0331735448461053,0.0542511821934204));
#13204=CARTESIAN_POINT('',(0.0234441514441155,-0.0333917918516718,0.0542511821934204));
#13205=CARTESIAN_POINT('',(0.0234441514441155,-0.0333917918516718,0.0542511821934204));
#13206=CARTESIAN_POINT('',(0.015476921598225,-0.0377505615566497,0.0541880799509009));
#13207=CARTESIAN_POINT('',(0.0182837697012746,-0.0365998139587938,0.0541960937651468));
#13208=CARTESIAN_POINT('',(0.0209615424535058,-0.0351348148499858,0.0542171278459866));
#13209=CARTESIAN_POINT('',(0.0234441514441156,-0.0333917918516718,0.0542511821934204));
#13210=CARTESIAN_POINT('',(0.0234441514441156,-0.0333917918516718,0.0542511821934204));
#13211=CARTESIAN_POINT('',(0.0252896165888282,-0.0320961032426368,0.0542764927871118));
#13212=CARTESIAN_POINT('',(0.0270272404300206,-0.0306472237075244,0.0543059087630008));
#13213=CARTESIAN_POINT('',(0.0286334867196178,-0.029064814437348,0.0543394340470338));
#13214=CARTESIAN_POINT('',(0.0229844622001133,-0.0327370508349724,0.0542511821934204));
#13215=CARTESIAN_POINT('',(0.0247937417534953,-0.0314667678851191,0.0542764927871082));
#13216=CARTESIAN_POINT('',(0.026497294539536,-0.0300462977521792,0.0543059087630072));
#13217=CARTESIAN_POINT('',(0.0280720458035469,-0.028494916115047,0.0543394340470338));
#13218=CARTESIAN_POINT('',(0.0280720458035469,-0.028494916115047,0.0543394340470338));
#13219=CARTESIAN_POINT('',(0.0282591927755706,-0.0286848822224807,0.0543394340470338));
#13220=CARTESIAN_POINT('',(0.0284463397475942,-0.0288748483299143,0.0543394340470338));
#13221=CARTESIAN_POINT('',(0.0286334867196178,-0.029064814437348,0.0543394340470338));
#13222=CARTESIAN_POINT('',(0.0286334867196178,-0.029064814437348,0.0543394340470338));
#13223=CARTESIAN_POINT('',(0.0234441514441156,-0.0333917918516718,0.0542511821934204));
#13224=CARTESIAN_POINT('',(0.0252895753876501,-0.0320961321697055,0.0542764922220368));
#13225=CARTESIAN_POINT('',(0.0270272760557501,-0.0306471886104879,0.0543059095065746));
#13226=CARTESIAN_POINT('',(0.0286334867196178,-0.0290648144373479,0.0543394340470337));
#13227=CARTESIAN_POINT('',(0.0286334867196178,-0.029064814437348,0.0543394340470337));
#13228=CARTESIAN_POINT('',(0.0288781054684687,-0.0288238258801463,0.0543445392163129));
#13229=CARTESIAN_POINT('',(0.0291128783404506,-0.028586456151929,0.0544025069770493));
#13230=CARTESIAN_POINT('',(0.0293382345460625,-0.0283532713054459,0.054513336820338));
#13231=CARTESIAN_POINT('',(0.0280720458035469,-0.028494916115047,0.0543394340470337));
#13232=CARTESIAN_POINT('',(0.0283118681086851,-0.0282586528213643,0.0543445392163627));
#13233=CARTESIAN_POINT('',(0.0285420375855692,-0.0280259374070677,0.0544025069754903));
#13234=CARTESIAN_POINT('',(0.0287629750451593,-0.0277973248092607,0.054513336820338));
#13235=CARTESIAN_POINT('',(0.0287629750451593,-0.0277973248092607,0.054513336820338));
#13236=CARTESIAN_POINT('',(0.028954728212127,-0.0279826403079891,0.054513336820338));
#13237=CARTESIAN_POINT('',(0.0291464813790948,-0.0281679558067175,0.054513336820338));
#13238=CARTESIAN_POINT('',(0.0293382345460625,-0.0283532713054459,0.054513336820338));
#13239=CARTESIAN_POINT('',(0.0293382345460625,-0.0283532713054459,0.054513336820338));
#13240=CARTESIAN_POINT('',(0.0286334867196178,-0.0290648144373479,0.0543394340470336));
#13241=CARTESIAN_POINT('',(0.0288781049906506,-0.0288238263508735,0.0543445392063408));
#13242=CARTESIAN_POINT('',(0.0291128779752461,-0.0285864565298204,0.0544025067974422));
#13243=CARTESIAN_POINT('',(0.0293382345460625,-0.0283532713054459,0.0545133368203379));
#13244=CARTESIAN_POINT('',(0.0293382345460625,-0.0283532713054459,0.054513336820338));
#13245=CARTESIAN_POINT('',(0.0295735198750833,-0.028109812408104,0.0546290497947028));
#13246=CARTESIAN_POINT('',(0.0297793815591537,-0.02789081128569,0.0548066176511196));
#13247=CARTESIAN_POINT('',(0.029957603986872,-0.0276980498115977,0.0550460404633472));
#13248=CARTESIAN_POINT('',(0.0287629750451593,-0.0277973248092607,0.054513336820338));
#13249=CARTESIAN_POINT('',(0.0289936469450634,-0.0275586396067786,0.0546290497990706));
#13250=CARTESIAN_POINT('',(0.029195472095063,-0.0273439326565584,0.0548066176213104));
#13251=CARTESIAN_POINT('',(0.0293701999871295,-0.0271549507956841,0.0550460404633472));
#13252=CARTESIAN_POINT('',(0.029957440839076,-0.0276982261588778,0.0550463060917854));
#13253=CARTESIAN_POINT('',(0.0297616643018967,-0.0275171663972646,0.0550462642511566));
#13254=CARTESIAN_POINT('',(0.0295658676407835,-0.0273361283877137,0.0550462551752285));
#13255=CARTESIAN_POINT('',(0.0293700506268954,-0.0271551123992983,0.0550462785413209));
#13256=CARTESIAN_POINT('',(0.0299576039868721,-0.0276980498115977,0.0550460404633472));
#13257=CARTESIAN_POINT('',(0.0293382345460625,-0.0283532713054459,0.0545133368203379));
#13258=CARTESIAN_POINT('',(0.0295735183255111,-0.0281098140115068,0.0546290490326254));
#13259=CARTESIAN_POINT('',(0.0297793810101774,-0.0278908118794507,0.0548066169136285));
#13260=CARTESIAN_POINT('',(0.029957603986872,-0.0276980498115977,0.0550460404633472));
#13261=CARTESIAN_POINT('',(0.028812669539071,-0.0287091478035186,0.0567192848715889));
#13262=CARTESIAN_POINT('',(0.0297532781251087,-0.0267346673791569,0.0558775880401223));
#13263=CARTESIAN_POINT('',(0.0299516624210654,-0.0269128661016924,0.0558775702534592));
#13264=CARTESIAN_POINT('',(0.0301500321270263,-0.027091081067774,0.0558775610744197));
#13265=CARTESIAN_POINT('',(0.0303483872857727,-0.0272693122236094,0.0558775606750372));
#13266=CARTESIAN_POINT('',(0.0303483018093222,-0.0272694073512846,0.0558776122625039));
#13267=CARTESIAN_POINT('',(0.0299574408932826,-0.0276982262090099,0.0550463060917968));
#13268=CARTESIAN_POINT('',(0.0301303240792418,-0.0275112417506646,0.0552766267295031));
#13269=CARTESIAN_POINT('',(0.0302625362231303,-0.0273648570352508,0.0555591267420094));
#13270=CARTESIAN_POINT('',(0.0303483872858097,-0.0272693122236427,0.0558775606750372));
#13271=CARTESIAN_POINT('',(0.0303483018093222,-0.0272694073512846,0.0558776122625039));
#13272=CARTESIAN_POINT('',(0.0304387258582593,-0.0271687738357624,0.0562116402931138));
#13273=CARTESIAN_POINT('',(0.0304788702014435,-0.0271233971077591,0.0565582201492633));
#13274=CARTESIAN_POINT('',(0.0304694786166943,-0.0271339431861056,0.0569173522984471));
#13275=CARTESIAN_POINT('',(0.0297532370679628,-0.0267347130894947,0.0558776122625039));
#13276=CARTESIAN_POINT('',(0.0298418880957434,-0.026636052780815,0.0562116402908935));
#13277=CARTESIAN_POINT('',(0.0298812452954762,-0.0265915657919842,0.05655822015147));
#13278=CARTESIAN_POINT('',(0.0298720378595042,-0.0266019050844173,0.0569173522984471));
#13279=CARTESIAN_POINT('',(0.0304694540564776,-0.0271339707890521,0.0569173508738978));
#13280=CARTESIAN_POINT('',(0.0302702320114785,-0.0269567091953205,0.0569173468894308));
#13281=CARTESIAN_POINT('',(0.0300710067655722,-0.0267794511990519,0.0569173427193038));
#13282=CARTESIAN_POINT('',(0.0298717783185442,-0.0266021968007491,0.0569173383774786));
#13283=CARTESIAN_POINT('',(0.0304694786166943,-0.0271339431861056,0.0569173522984471));
#13284=CARTESIAN_POINT('',(0.0303483018093221,-0.0272694073512846,0.0558776122625039));
#13285=CARTESIAN_POINT('',(0.0304387258364297,-0.0271687738600568,0.0562116402124747));
#13286=CARTESIAN_POINT('',(0.0304788701994771,-0.0271233971099672,0.0565582202244558));
#13287=CARTESIAN_POINT('',(0.0304694786166943,-0.0271339431861056,0.0569173522984471));
#13288=CARTESIAN_POINT('',(0.0280633264814295,-0.0295932020383766,0.056786875802885));
#13289=CARTESIAN_POINT('',(0.0297176965685237,-0.0267742160066036,0.0580395260908572));
#13290=CARTESIAN_POINT('',(0.029916102534658,-0.0269523899423641,0.0580396915970548));
#13291=CARTESIAN_POINT('',(0.0301145047095458,-0.0271305681019218,0.0580398549000304));
#13292=CARTESIAN_POINT('',(0.0303129030978062,-0.0273087504797342,0.0580400159812996));
#13293=CARTESIAN_POINT('',(0.0303126598251601,-0.0273090214823623,0.0580398732473153));
#13294=CARTESIAN_POINT('',(0.0304694540447443,-0.0271339707785181,0.0569173508739002));
#13295=CARTESIAN_POINT('',(0.0304595193197419,-0.0271451267442032,0.0573047972867958));
#13296=CARTESIAN_POINT('',(0.0304076063082736,-0.0272036302277196,0.0576790188095944));
#13297=CARTESIAN_POINT('',(0.0303129035805323,-0.0273087509146308,0.0580400159842707));
#13298=CARTESIAN_POINT('',(0.0303126598251601,-0.0273090214823623,0.0580398732473153));
#13299=CARTESIAN_POINT('',(0.0302507493899176,-0.0273777412629061,0.0582761845904319));
#13300=CARTESIAN_POINT('',(0.0301464477941917,-0.0274931218209084,0.0584870668026297));
#13301=CARTESIAN_POINT('',(0.029875253832296,-0.0277875740309067,0.0588079977126506));
#13302=CARTESIAN_POINT('',(0.0297106185348147,-0.0279639821625754,0.058915149989071));
#13303=CARTESIAN_POINT('',(0.0295345169584611,-0.0281487532233733,0.0589570217070294));
#13304=CARTESIAN_POINT('',(0.0297182939462354,-0.0267735504729042,0.0580398732473153));
#13305=CARTESIAN_POINT('',(0.0296575958970805,-0.0268409245206074,0.0582761906017876));
#13306=CARTESIAN_POINT('',(0.0295553409746978,-0.0269540410008907,0.0584870668026297));
#13307=CARTESIAN_POINT('',(0.0292894645414666,-0.0272427196381438,0.0588079977126506));
#13308=CARTESIAN_POINT('',(0.0291280563532406,-0.0274156698715668,0.0589151502398019));
#13309=CARTESIAN_POINT('',(0.0289554087828051,-0.0275968168856601,0.0589570217070294));
#13310=CARTESIAN_POINT('',(0.0289554087828051,-0.0275968168856601,0.0589570217070294));
#13311=CARTESIAN_POINT('',(0.0291484448413571,-0.0277807956648979,0.0589570217070294));
#13312=CARTESIAN_POINT('',(0.0293414808999091,-0.0279647744441356,0.0589570217070294));
#13313=CARTESIAN_POINT('',(0.0295345169584611,-0.0281487532233733,0.0589570217070294));
#13314=CARTESIAN_POINT('',(0.0295345169584611,-0.0281487532233733,0.0589570217070294));
#13315=CARTESIAN_POINT('',(0.0303126598251601,-0.0273090214823623,0.0580398732473152));
#13316=CARTESIAN_POINT('',(0.0301884799781407,-0.0274468595027494,0.0585138661424096));
#13317=CARTESIAN_POINT('',(0.0298879270410998,-0.0277779447546588,0.0588729912990664));
#13318=CARTESIAN_POINT('',(0.0295345169584612,-0.0281487532233733,0.0589570217070294));
#13319=CARTESIAN_POINT('',(0.0295345169584611,-0.0281487532233733,0.0589570217070294));
#13320=CARTESIAN_POINT('',(0.0287575377492143,-0.0289639831360367,0.0591417632302585));
#13321=CARTESIAN_POINT('',(0.0279416938998249,-0.0297523682658628,0.0592568866419486));
#13322=CARTESIAN_POINT('',(0.0270885321567848,-0.0305098578428488,0.059302390994782));
#13323=CARTESIAN_POINT('',(0.0289554087828051,-0.0275968168856601,0.0589570217070294));
#13324=CARTESIAN_POINT('',(0.0281936644533731,-0.028396061905043,0.0591417632318691));
#13325=CARTESIAN_POINT('',(0.0273938175533905,-0.0291689884919107,0.0592568866417015));
#13326=CARTESIAN_POINT('',(0.0265573844674361,-0.0299116253361263,0.059302390994782));
#13327=CARTESIAN_POINT('',(0.0265573844674361,-0.0299116253361263,0.059302390994782));
#13328=CARTESIAN_POINT('',(0.026734433697219,-0.0301110361717004,0.059302390994782));
#13329=CARTESIAN_POINT('',(0.0269114829270019,-0.0303104470072746,0.059302390994782));
#13330=CARTESIAN_POINT('',(0.0270885321567848,-0.0305098578428488,0.059302390994782));
#13331=CARTESIAN_POINT('',(0.0270885321567848,-0.0305098578428488,0.059302390994782));
#13332=CARTESIAN_POINT('',(0.0295345169584612,-0.0281487532233733,0.0589570217070294));
#13333=CARTESIAN_POINT('',(0.0287575352139194,-0.0289639857961442,0.0591417638330728));
#13334=CARTESIAN_POINT('',(0.0279416885180751,-0.0297523730441119,0.0592568869289903));
#13335=CARTESIAN_POINT('',(0.0270885321567847,-0.0305098578428487,0.0593023909947819));
#13336=CARTESIAN_POINT('',(0.0270885321567848,-0.0305098578428488,0.0593023909947819));
#13337=CARTESIAN_POINT('',(0.0253677923732413,-0.0320376366742045,0.0593941681896505));
#13338=CARTESIAN_POINT('',(0.0235169311586887,-0.0334200207856822,0.0594409664979414));
#13339=CARTESIAN_POINT('',(0.0215617967169319,-0.0346371032613541,0.0594427923347694));
#13340=CARTESIAN_POINT('',(0.0265573844674361,-0.0299116253361262,0.0593023909947819));
#13341=CARTESIAN_POINT('',(0.0248703846849484,-0.0314094477151026,0.0593941681893621));
#13342=CARTESIAN_POINT('',(0.0230558148570455,-0.0327647262632205,0.0594409664979456));
#13343=CARTESIAN_POINT('',(0.0211390163891489,-0.0339579443738766,0.0594427923347694));
#13344=CARTESIAN_POINT('',(0.0211390163891489,-0.0339579443738766,0.0594427923347694));
#13345=CARTESIAN_POINT('',(0.0212799431650766,-0.0341843306697024,0.0594427923347694));
#13346=CARTESIAN_POINT('',(0.0214208699410043,-0.0344107169655282,0.0594427923347694));
#13347=CARTESIAN_POINT('',(0.0215617967169319,-0.0346371032613541,0.0594427923347694));
#13348=CARTESIAN_POINT('',(0.0215617967169319,-0.0346371032613541,0.0594427923347694));
#13349=CARTESIAN_POINT('',(0.0270885321567848,-0.0305098578428487,0.0593023909947819));
#13350=CARTESIAN_POINT('',(0.0253678315982948,-0.0320376018477845,0.0593941660975471));
#13351=CARTESIAN_POINT('',(0.0235168816139315,-0.0334200516275795,0.0594409665442097));
#13352=CARTESIAN_POINT('',(0.0215617967169319,-0.0346371032613541,0.0594427923347694));
#13353=CARTESIAN_POINT('',(0.0215617967169324,-0.0346371032613538,0.0594427923347709));
#13354=CARTESIAN_POINT('',(0.0198873722237314,-0.0356794421736997,0.059444358779382));
#13355=CARTESIAN_POINT('',(0.0181372567184078,-0.0366001374299339,0.059445487236929));
#13356=CARTESIAN_POINT('',(0.0145223031283859,-0.0381789582493649,0.0594468682096583));
#13357=CARTESIAN_POINT('',(0.0126574973276661,-0.0388370686615447,0.0594471207195467));
#13358=CARTESIAN_POINT('',(0.00885232560468858,-0.0398768914562054,0.0594467497863709));
#13359=CARTESIAN_POINT('',(0.00691198770857733,-0.0402585961801928,0.0594461263433068));
#13360=CARTESIAN_POINT('',(0.00299648934873393,-0.0407375894238513,0.0594440035042261));
#13361=CARTESIAN_POINT('',(0.00102136438724827,-0.0408348745709655,0.0594425041147566));
#13362=CARTESIAN_POINT('',(-0.000950450854069149,-0.0407889279483293,0.0594405667357165));
#13363=CARTESIAN_POINT('',(0.0211390163891494,-0.0339579443738763,0.0594427923347709));
#13364=CARTESIAN_POINT('',(0.0194974237487564,-0.0349798452683329,0.059444358779382));
#13365=CARTESIAN_POINT('',(0.0177816242337331,-0.0358824876764057,0.059445487236929));
#13366=CARTESIAN_POINT('',(0.0142375520866528,-0.0374303512248675,0.0594468682096583));
#13367=CARTESIAN_POINT('',(0.012409311105555,-0.0380755575113184,0.0594471207195467));
#13368=CARTESIAN_POINT('',(0.00867875059283194,-0.0390949916237307,0.0594467497863709));
#13369=CARTESIAN_POINT('',(0.00677645853782091,-0.0394692119413654,0.0594461263433068));
#13370=CARTESIAN_POINT('',(0.0029377346556215,-0.0399388131606385,0.0594440035042261));
#13371=CARTESIAN_POINT('',(0.00100133763455687,-0.0400341907558485,0.0594425041147566));
#13372=CARTESIAN_POINT('',(-0.000931814562812892,-0.0399891450473817,0.0594405667357165));
#13373=CARTESIAN_POINT('',(-0.000931814562812892,-0.0399891450473817,0.0594405667357165));
#13374=CARTESIAN_POINT('',(-0.000938026659898311,-0.0402557393476976,0.0594405667357165));
#13375=CARTESIAN_POINT('',(-0.00094423875698373,-0.0405223336480134,0.0594405667357165));
#13376=CARTESIAN_POINT('',(-0.000950450854069149,-0.0407889279483293,0.0594405667357165));
#13377=CARTESIAN_POINT('',(-0.000950450854069149,-0.0407889279483293,0.0594405667357165));
#13378=CARTESIAN_POINT('',(0.0215617967169324,-0.0346371032613538,0.0594427923347709));
#13379=CARTESIAN_POINT('',(0.0182129590481777,-0.0367217740407448,0.0594459252134052));
#13380=CARTESIAN_POINT('',(0.0109067602575147,-0.0399126626558483,0.0594486871588638));
#13381=CARTESIAN_POINT('',(0.00299316630150223,-0.0408808208830586,0.0594444414807023));
#13382=CARTESIAN_POINT('',(-0.00095045085406915,-0.0407889279483293,0.0594405667357165));
#13383=CARTESIAN_POINT('',(-0.000950450854068792,-0.0407889279483293,0.0594405667357112));
#13384=CARTESIAN_POINT('',(-0.00413106877941432,-0.0407148141832546,0.0594374465560964));
#13385=CARTESIAN_POINT('',(-0.00730267329762684,-0.0402670125269115,0.0594331818370029));
#13386=CARTESIAN_POINT('',(-0.013456144775643,-0.0386483311788653,0.0594223628922956));
#13387=CARTESIAN_POINT('',(-0.0164375687577029,-0.0374775680208827,0.0594158089136754));
#13388=CARTESIAN_POINT('',(-0.0192429616964245,-0.0359770541477473,0.0594081099015895));
#13389=CARTESIAN_POINT('',(-0.000931814562812541,-0.0399891450473817,0.0594405667357112));
#13390=CARTESIAN_POINT('',(-0.00405006743079558,-0.039916484493387,0.0594374465560964));
#13391=CARTESIAN_POINT('',(-0.00715948362512435,-0.0394774632616779,0.0594331818370029));
#13392=CARTESIAN_POINT('',(-0.01319229879965,-0.0378905207635934,0.0594223628922956));
#13393=CARTESIAN_POINT('',(-0.0161152634879589,-0.0367427137459554,0.0594158089136754));
#13394=CARTESIAN_POINT('',(-0.0188656487219848,-0.0352716217134777,0.0594081099015895));
#13395=CARTESIAN_POINT('',(-0.0188656487219848,-0.0352716217134777,0.0594081099015895));
#13396=CARTESIAN_POINT('',(-0.0189914197134648,-0.0355067658582342,0.0594081099015895));
#13397=CARTESIAN_POINT('',(-0.0191171907049447,-0.0357419100029907,0.0594081099015895));
#13398=CARTESIAN_POINT('',(-0.0192429616964245,-0.0359770541477473,0.0594081099015895));
#13399=CARTESIAN_POINT('',(-0.0192429616964245,-0.0359770541477473,0.0594081099015895));
#13400=CARTESIAN_POINT('',(-0.000950450854068791,-0.0407889279483293,0.0594405667357112));
#13401=CARTESIAN_POINT('',(-0.00731154142315188,-0.0406407038034866,0.0594343265190024));
#13402=CARTESIAN_POINT('',(-0.0136323038874247,-0.0389780133943533,0.0594235075742952));
#13403=CARTESIAN_POINT('',(-0.0192429616964245,-0.0359770541477473,0.0594081099015895));
#13404=CARTESIAN_POINT('',(-0.0192429616964281,-0.0359770541477454,0.0594081099015914));
#13405=CARTESIAN_POINT('',(-0.0217238352030622,-0.0346501152142297,0.0594013021706773));
#13406=CARTESIAN_POINT('',(-0.0240663859269447,-0.0330660359631618,0.0593766806557879));
#13407=CARTESIAN_POINT('',(-0.0262216028389786,-0.0312580796683813,0.0593342375990378));
#13408=CARTESIAN_POINT('',(-0.0188656487219883,-0.0352716217134759,0.0594081099015914));
#13409=CARTESIAN_POINT('',(-0.0212978776486557,-0.033970701191173,0.0594013021706813));
#13410=CARTESIAN_POINT('',(-0.0235944960086005,-0.0324176823153221,0.0593766806557519));
#13411=CARTESIAN_POINT('',(-0.0257074537637045,-0.0306451761454718,0.0593342375990378));
#13412=CARTESIAN_POINT('',(-0.0257074537637045,-0.0306451761454718,0.0593342375990378));
#13413=CARTESIAN_POINT('',(-0.0258788367887959,-0.030849477319775,0.0593342375990378));
#13414=CARTESIAN_POINT('',(-0.0260502198138872,-0.0310537784940782,0.0593342375990378));
#13415=CARTESIAN_POINT('',(-0.0262216028389786,-0.0312580796683813,0.0593342375990378));
#13416=CARTESIAN_POINT('',(-0.0262216028389786,-0.0312580796683813,0.0593342375990378));
#13417=CARTESIAN_POINT('',(-0.0192429616964281,-0.0359770541477453,0.0594081099015914));
#13418=CARTESIAN_POINT('',(-0.0217237038059752,-0.0346501854942783,0.0594013025312422));
#13419=CARTESIAN_POINT('',(-0.0240664989304215,-0.033065941167438,0.059376678430391));
#13420=CARTESIAN_POINT('',(-0.0262216028389786,-0.0312580796683813,0.0593342375990377));
#13421=CARTESIAN_POINT('',(-0.0262216028389785,-0.0312580796683814,0.0593342375990376));
#13422=CARTESIAN_POINT('',(-0.0275782235192249,-0.0301200453086907,0.0593075218164187));
#13423=CARTESIAN_POINT('',(-0.0288605278304496,-0.0288936790155699,0.0592749950095316));
#13424=CARTESIAN_POINT('',(-0.0300577713358576,-0.0275893164525927,0.0592366555047422));
#13425=CARTESIAN_POINT('',(-0.0257074537637044,-0.0306451761454719,0.0593342375990376));
#13426=CARTESIAN_POINT('',(-0.0270374740383025,-0.0295294561851195,0.0593075218164218));
#13427=CARTESIAN_POINT('',(-0.0282946351280797,-0.0283271362895696,0.0592749950095255));
#13428=CARTESIAN_POINT('',(-0.0294684032704486,-0.0270483494633262,0.0592366555047422));
#13429=CARTESIAN_POINT('',(-0.0294684032704486,-0.0270483494633262,0.0592366555047422));
#13430=CARTESIAN_POINT('',(-0.0296648592922516,-0.0272286717930816,0.0592366555047422));
#13431=CARTESIAN_POINT('',(-0.0298613153140546,-0.0274089941228371,0.0592366555047422));
#13432=CARTESIAN_POINT('',(-0.0300577713358576,-0.0275893164525927,0.0592366555047422));
#13433=CARTESIAN_POINT('',(-0.0300577713358577,-0.0275893164525926,0.0592366555047424));
#13434=CARTESIAN_POINT('',(-0.0262216028389785,-0.0312580796683814,0.0593342375990375));
#13435=CARTESIAN_POINT('',(-0.0275782117030178,-0.0301200552210044,0.059307522049114));
#13436=CARTESIAN_POINT('',(-0.028860537985065,-0.0288936679524067,0.0592749946843489));
#13437=CARTESIAN_POINT('',(-0.0300577713358576,-0.0275893164525926,0.0592366555047422));
#13438=CARTESIAN_POINT('',(-0.0300577713358577,-0.0275893164525926,0.0592366555047424));
#13439=CARTESIAN_POINT('',(-0.0301225369496232,-0.0275187561684211,0.059234581540568));
#13440=CARTESIAN_POINT('',(-0.0301817461771241,-0.0274537497912579,0.0592061999057006));
#13441=CARTESIAN_POINT('',(-0.0302873159897307,-0.0273372396199679,0.0590979955935413));
#13442=CARTESIAN_POINT('',(-0.0303251506654889,-0.0272951722913448,0.059026816652333));
#13443=CARTESIAN_POINT('',(-0.0303482389280653,-0.0272694773320843,0.0589385610106982));
#13444=CARTESIAN_POINT('',(-0.0294684032704487,-0.0270483494633261,0.0592366555047424));
#13445=CARTESIAN_POINT('',(-0.0295318988896592,-0.0269791728019057,0.0592345815431993));
#13446=CARTESIAN_POINT('',(-0.0295899472324746,-0.0269154409718215,0.0592061999057006));
#13447=CARTESIAN_POINT('',(-0.0296934470487556,-0.026801215313694,0.0590979955935413));
#13448=CARTESIAN_POINT('',(-0.0297305398678812,-0.0267599728349246,0.0590268166532886));
#13449=CARTESIAN_POINT('',(-0.0297531754196719,-0.0267347816981219,0.0589385610106982));
#13450=CARTESIAN_POINT('',(-0.0303482227521491,-0.0272694953384081,0.0589385515038915));
#13451=CARTESIAN_POINT('',(-0.0301498506186965,-0.0270912830881161,0.058938541357044));
#13452=CARTESIAN_POINT('',(-0.0299514756658782,-0.0269130739762189,0.0589385295532167));
#13453=CARTESIAN_POINT('',(-0.0297530978882843,-0.0267348680089677,0.0589385161136108));
#13454=CARTESIAN_POINT('',(-0.0303482389280653,-0.0272694773320843,0.0589385610106982));
#13455=CARTESIAN_POINT('',(-0.0300577713358576,-0.0275893164525926,0.0592366555047423));
#13456=CARTESIAN_POINT('',(-0.0301875886394529,-0.0274478842125583,0.0592324984154905));
#13457=CARTESIAN_POINT('',(-0.03030206238814,-0.0273208672670457,0.0591150723504358));
#13458=CARTESIAN_POINT('',(-0.0303482389280653,-0.0272694773320843,0.0589385610106982));
#13459=CARTESIAN_POINT('',(0.0221954519036528,-0.0340561363412205,0.056787895204953));
#13460=CARTESIAN_POINT('',(0.0230428121671456,-0.0336699983154789,0.056893706556217));
#13461=CARTESIAN_POINT('',(0.0228921926861862,-0.0334499419259842,0.0568937047539415));
#13462=CARTESIAN_POINT('',(0.0227415731425855,-0.033229885579365,0.0568937029428996));
#13463=CARTESIAN_POINT('',(0.0225909535363384,-0.0330098292756247,0.0568937011231447));
#13464=CARTESIAN_POINT('',(0.0225909260304229,-0.0330098481023374,0.0568936974705205));
#13465=CARTESIAN_POINT('',(0.0230428391272091,-0.0336699798624014,0.0568937103470791));
#13466=CARTESIAN_POINT('',(0.0225909534638167,-0.0330098291696699,0.0568937011231438));
#13467=CARTESIAN_POINT('',(0.0225978424136159,-0.0330051132657854,0.0568209613060419));
#13468=CARTESIAN_POINT('',(0.0225975585430988,-0.0330053068782684,0.0567472277999172));
#13469=CARTESIAN_POINT('',(0.0225901107419889,-0.0330104059295861,0.0566745689511437));
#13470=CARTESIAN_POINT('',(0.0225901662684205,-0.0330103682113104,0.05667456061248));
#13471=CARTESIAN_POINT('',(0.0225901108832336,-0.0330104061358623,0.0566745689511353));
#13472=CARTESIAN_POINT('',(0.0227407718524633,-0.0332304340641011,0.0566745599985844));
#13473=CARTESIAN_POINT('',(0.0228914327650982,-0.0334504620310928,0.0566745510545543));
#13474=CARTESIAN_POINT('',(0.0230420936211335,-0.0336704900368404,0.0566745421189989));
#13475=CARTESIAN_POINT('',(0.0230420597112494,-0.033670513256328,0.0566745471964202));
#13476=CARTESIAN_POINT('',(0.0230420937623781,-0.0336704902431168,0.0566745421189905));
#13477=CARTESIAN_POINT('',(0.0230495024649933,-0.0336654179757741,0.0567472175335761));
#13478=CARTESIAN_POINT('',(0.023049744554658,-0.0336652529782471,0.0568209620964068));
#13479=CARTESIAN_POINT('',(0.0230428123114688,-0.0336699985263364,0.0568937065562187));
#13480=CARTESIAN_POINT('',(0.0222912965486494,-0.03399026696407,0.0567731442196093));
#13481=CARTESIAN_POINT('',(0.0225901824559006,-0.0330103568082673,0.0566745582367543));
#13482=CARTESIAN_POINT('',(0.02258344714988,-0.03301496602206,0.0566065425140081));
#13483=CARTESIAN_POINT('',(0.0225697795162532,-0.033024319458371,0.0565406377638474));
#13484=CARTESIAN_POINT('',(0.0225491619184522,-0.0330383912558621,0.0564768439793033));
#13485=CARTESIAN_POINT('',(0.0225492074682473,-0.0330383601674009,0.0564768224008805));
#13486=CARTESIAN_POINT('',(0.0225491619333114,-0.0330383912770837,0.0564768439800794));
#13487=CARTESIAN_POINT('',(0.0226995348092694,-0.0332586163004592,0.0564768227841477));
#13488=CARTESIAN_POINT('',(0.0228499057597412,-0.0334788426386728,0.0564768025005468));
#13489=CARTESIAN_POINT('',(0.023000274787971,-0.0336990702894533,0.0564767831393331));
#13490=CARTESIAN_POINT('',(0.0230002453557534,-0.0336990903866826,0.0564767971702229));
#13491=CARTESIAN_POINT('',(0.0230420274438979,-0.0336705356542658,0.0566745520681317));
#13492=CARTESIAN_POINT('',(0.0230350595134466,-0.0336753040739409,0.0566064775480018));
#13493=CARTESIAN_POINT('',(0.0230211478863753,-0.0336848243075109,0.0565405545744737));
#13494=CARTESIAN_POINT('',(0.0230002749351493,-0.0336990705050977,0.0564767831391863));
#13495=CARTESIAN_POINT('',(0.0225960469314067,-0.0337810928230221,0.0566257227812125));
#13496=CARTESIAN_POINT('',(0.0225492002075035,-0.0330383651230191,0.0564768257800001));
#13497=CARTESIAN_POINT('',(0.0225320520710627,-0.0330500689939688,0.0564228152204149));
#13498=CARTESIAN_POINT('',(0.0225059565364939,-0.0330678636511221,0.0563743929864717));
#13499=CARTESIAN_POINT('',(0.0224719872021818,-0.0330909321595052,0.0563336240282624));
#13500=CARTESIAN_POINT('',(0.02247202709448,-0.0330909050686885,0.0563335754604394));
#13501=CARTESIAN_POINT('',(0.0224719872029283,-0.0330909321606044,0.0563336240282624));
#13502=CARTESIAN_POINT('',(0.0226218038111064,-0.0333115360913908,0.0563336206070058));
#13503=CARTESIAN_POINT('',(0.022771615907834,-0.0335321430860799,0.0563336226784247));
#13504=CARTESIAN_POINT('',(0.0229214235415818,-0.0337527531112122,0.0563336303003749));
#13505=CARTESIAN_POINT('',(0.0229214676363696,-0.0337527231700623,0.0563335754604394));
#13506=CARTESIAN_POINT('',(0.0230002160622782,-0.0336991106860936,0.0564768112009426));
#13507=CARTESIAN_POINT('',(0.0229826013829676,-0.0337111330042428,0.0564226414103078));
#13508=CARTESIAN_POINT('',(0.0229559602244978,-0.0337292993261612,0.0563742051292598));
#13509=CARTESIAN_POINT('',(0.0229214235432408,-0.0337527531136553,0.0563336303003749));
#13510=CARTESIAN_POINT('',(0.0229214676363696,-0.0337527231700623,0.0563335754604394));
#13511=CARTESIAN_POINT('',(0.0228403269721927,-0.0338078257790742,0.0562374163980656));
#13512=CARTESIAN_POINT('',(0.0227283293032532,-0.0338833644038721,0.0561819258537755));
#13513=CARTESIAN_POINT('',(0.0226125851406886,-0.033960432760127,0.0561810639782285));
#13514=CARTESIAN_POINT('',(0.02247202709448,-0.0330909050686885,0.0563335754604394));
#13515=CARTESIAN_POINT('',(0.0223924686860838,-0.0331449331681123,0.0562374058360767));
#13516=CARTESIAN_POINT('',(0.0222826823058472,-0.0332189803694331,0.0561819259032844));
#13517=CARTESIAN_POINT('',(0.0221692011183222,-0.0332945419216931,0.0561810639782285));
#13518=CARTESIAN_POINT('',(0.02247202709448,-0.0330909050686885,0.0563335754604394));
#13519=CARTESIAN_POINT('',(0.0223921278261715,-0.0331451646460114,0.0562369938070983));
#13520=CARTESIAN_POINT('',(0.0222835230381011,-0.0332184205670948,0.0561819322889083));
#13521=CARTESIAN_POINT('',(0.0221692011183222,-0.0332945419216931,0.0561810639782285));
#13522=CARTESIAN_POINT('',(0.0221692011183223,-0.0332945419216931,0.0561810639782152));
#13523=CARTESIAN_POINT('',(0.0221692011183222,-0.0332945419216931,0.0561810639782285));
#13524=CARTESIAN_POINT('',(0.0223169957924444,-0.0335165055345044,0.0561810639782285));
#13525=CARTESIAN_POINT('',(0.0224647904665665,-0.0337384691473157,0.0561810639782285));
#13526=CARTESIAN_POINT('',(0.0226125851406886,-0.033960432760127,0.0561810639782285));
#13527=CARTESIAN_POINT('',(0.0226125851406886,-0.033960432760127,0.0561810639782285));
#13528=CARTESIAN_POINT('',(0.0229214676363696,-0.0337527231700623,0.0563335754604394));
#13529=CARTESIAN_POINT('',(0.0228399703826949,-0.0338080679389316,0.0562369938070983));
#13530=CARTESIAN_POINT('',(0.0227291934988631,-0.0338827889784367,0.0561819322889083));
#13531=CARTESIAN_POINT('',(0.0226125851406886,-0.033960432760127,0.0561810639782285));
#13532=CARTESIAN_POINT('',(0.0226125851407315,-0.0339604327600984,0.0561810639782436));
#13533=CARTESIAN_POINT('',(0.0196422226516958,-0.0359382513337497,0.0561591982755349));
#13534=CARTESIAN_POINT('',(0.0164113628879599,-0.0375238733090651,0.0561373341519319));
#13535=CARTESIAN_POINT('',(0.00964817337875583,-0.0398030985026109,0.0560936043256201));
#13536=CARTESIAN_POINT('',(0.00611661202580798,-0.0404964427691161,0.056071740202017));
#13537=CARTESIAN_POINT('',(0.00255502840955451,-0.0407199193249,0.0560498744993083));
#13538=CARTESIAN_POINT('',(0.0221692011183642,-0.0332945419216652,0.0561810639782436));
#13539=CARTESIAN_POINT('',(0.0192570810312338,-0.0352335797388641,0.0561591982755361));
#13540=CARTESIAN_POINT('',(0.0160895714587843,-0.0367881110873187,0.0561373341519319));
#13541=CARTESIAN_POINT('',(0.00945899350858414,-0.0390226455907949,0.0560936043256201));
#13542=CARTESIAN_POINT('',(0.00599667845648326,-0.0397023948716944,0.0560717402020159));
#13543=CARTESIAN_POINT('',(0.00250492981328874,-0.0399214895342157,0.0560498744993083));
#13544=CARTESIAN_POINT('',(0.0221692011183642,-0.0332945419216652,0.0561810639782436));
#13545=CARTESIAN_POINT('',(0.0163451712523877,-0.0371724775220999,0.0561373341519318));
#13546=CARTESIAN_POINT('',(0.0094881749316199,-0.0394833160318113,0.0560936043256201));
#13547=CARTESIAN_POINT('',(0.00250492981328874,-0.0399214895342157,0.0560498744993083));
#13548=CARTESIAN_POINT('',(0.00250492981320737,-0.0399214895342208,0.0560498744993012));
#13549=CARTESIAN_POINT('',(0.00250492981328874,-0.0399214895342157,0.0560498744993083));
#13550=CARTESIAN_POINT('',(0.00252162934537733,-0.0401876327977772,0.0560498744993083));
#13551=CARTESIAN_POINT('',(0.00253832887746592,-0.0404537760613386,0.0560498744993083));
#13552=CARTESIAN_POINT('',(0.00255502840955451,-0.0407199193249,0.0560498744993083));
#13553=CARTESIAN_POINT('',(0.00255502840955451,-0.0407199193249,0.0560498744993083));
#13554=CARTESIAN_POINT('',(0.0226125851407315,-0.0339604327600985,0.0561810639782436));
#13555=CARTESIAN_POINT('',(0.0166720746774355,-0.0379159270725419,0.0561373341519318));
#13556=CARTESIAN_POINT('',(0.0096779384302523,-0.0402729823524475,0.0560936043256201));
#13557=CARTESIAN_POINT('',(0.00255502840955451,-0.0407199193249001,0.0560498744993083));
#13558=CARTESIAN_POINT('',(0.00255502840947073,-0.0407199193249053,0.0560498744993012));
#13559=CARTESIAN_POINT('',(-0.000571988644047238,-0.0409161283926318,0.0560309025102234));
#13560=CARTESIAN_POINT('',(-0.00372143700768865,-0.0407505505093158,0.0560144900536636));
#13561=CARTESIAN_POINT('',(-0.00989976362827889,-0.0397045481062146,0.0559867817648908));
#13562=CARTESIAN_POINT('',(-0.0129282233596453,-0.0388241944018854,0.0559754865274476));
#13563=CARTESIAN_POINT('',(-0.0158164308173947,-0.0376095801119684,0.055966749632983));
#13564=CARTESIAN_POINT('',(0.0025049298132066,-0.0399214895342209,0.0560498744993012));
#13565=CARTESIAN_POINT('',(-0.000560773180341105,-0.0401138513653192,0.056030902510224));
#13566=CARTESIAN_POINT('',(-0.00364846765459671,-0.0399515201071724,0.0560144900536636));
#13567=CARTESIAN_POINT('',(-0.0097056506159597,-0.0389260275551123,0.0559867817648908));
#13568=CARTESIAN_POINT('',(-0.0126747287839851,-0.0380629356881149,0.0559754865274475));
#13569=CARTESIAN_POINT('',(-0.015506304722936,-0.0368721373646749,0.055966749632983));
#13570=CARTESIAN_POINT('',(0.00250492981320659,-0.0399214895342209,0.0560498744993012));
#13571=CARTESIAN_POINT('',(-0.00362634470959899,-0.0403062049475064,0.0560119313347085));
#13572=CARTESIAN_POINT('',(-0.0098432746967262,-0.0392536827677269,0.0559842230459358));
#13573=CARTESIAN_POINT('',(-0.0155063047229359,-0.0368721373646749,0.0559667496329829));
#13574=CARTESIAN_POINT('',(-0.0155063047229372,-0.0368721373646744,0.0559667496329824));
#13575=CARTESIAN_POINT('',(-0.015506304722936,-0.0368721373646749,0.055966749632983));
#13576=CARTESIAN_POINT('',(-0.0156096800877555,-0.0371179516137727,0.055966749632983));
#13577=CARTESIAN_POINT('',(-0.0157130554525751,-0.0373637658628706,0.055966749632983));
#13578=CARTESIAN_POINT('',(-0.0158164308173947,-0.0376095801119684,0.055966749632983));
#13579=CARTESIAN_POINT('',(-0.0158164308173947,-0.0376095801119684,0.055966749632983));
#13580=CARTESIAN_POINT('',(0.00255502840947073,-0.0407199193249053,0.0560498744993012));
#13581=CARTESIAN_POINT('',(-0.00369887160379096,-0.0411123290464565,0.0560119313347085));
#13582=CARTESIAN_POINT('',(-0.0100401401906607,-0.0400387564230815,0.0559842230459358));
#13583=CARTESIAN_POINT('',(-0.0158164308173947,-0.0376095801119684,0.0559667496329829));
#13584=CARTESIAN_POINT('',(-0.0158164308173956,-0.037609580111968,0.0559667496329823));
#13585=CARTESIAN_POINT('',(-0.0190367357497657,-0.0362553046847467,0.0559570095966162));
#13586=CARTESIAN_POINT('',(-0.0220806874865663,-0.0344860165231,0.055976209701275));
#13587=CARTESIAN_POINT('',(-0.0248510938820703,-0.0323583549159182,0.0560243638458915));
#13588=CARTESIAN_POINT('',(-0.0155063047229369,-0.0368721373646746,0.0559667496329823));
#13589=CARTESIAN_POINT('',(-0.0186634664149561,-0.0355444163602791,0.0559570095966359));
#13590=CARTESIAN_POINT('',(-0.0216477328368578,-0.033809820115394,0.0559762097013972));
#13591=CARTESIAN_POINT('',(-0.0243638175314414,-0.0317238773685473,0.0560243638458915));
#13592=CARTESIAN_POINT('',(-0.0155063047229368,-0.0368721373646745,0.0559667496329823));
#13593=CARTESIAN_POINT('',(-0.01866308297678,-0.0355445776123687,0.055957010779566));
#13594=CARTESIAN_POINT('',(-0.0216480608713342,-0.03380956818616,0.0559762155172024));
#13595=CARTESIAN_POINT('',(-0.0243638175314414,-0.0317238773685473,0.0560243638458915));
#13596=CARTESIAN_POINT('',(-0.0243638175314413,-0.0317238773685474,0.0560243638458915));
#13597=CARTESIAN_POINT('',(-0.0248510933546451,-0.0323583553083172,0.0560244167494329));
#13598=CARTESIAN_POINT('',(-0.0246886684900607,-0.0321468623540816,0.0560243661413228));
#13599=CARTESIAN_POINT('',(-0.0245262435984213,-0.0319353694199746,0.0560243182469666));
#13600=CARTESIAN_POINT('',(-0.0243638186726678,-0.0317238765114872,0.0560242730662384));
#13601=CARTESIAN_POINT('',(-0.0248510938820703,-0.0323583549159182,0.0560243638458915));
#13602=CARTESIAN_POINT('',(-0.0158164308173956,-0.037609580111968,0.0559667496329823));
#13603=CARTESIAN_POINT('',(-0.0190363446363156,-0.0362554691646161,0.055957010779566));
#13604=CARTESIAN_POINT('',(-0.0220810220887609,-0.0344857595498832,0.0559762155172024));
#13605=CARTESIAN_POINT('',(-0.0248510938820702,-0.0323583549159183,0.0560243638458915));
#13606=CARTESIAN_POINT('',(-0.0247381413560393,-0.0322434798832194,0.0575235250579636));
#13607=CARTESIAN_POINT('',(-0.0243638186639301,-0.0317238765000839,0.0560242730652181));
#13608=CARTESIAN_POINT('',(-0.0244551671996156,-0.0316537211658626,0.0560260837870076));
#13609=CARTESIAN_POINT('',(-0.0245448504077178,-0.0315842176742968,0.0560409706160911));
#13610=CARTESIAN_POINT('',(-0.0246328950500039,-0.0315154007027595,0.0560689341918589));
#13611=CARTESIAN_POINT('',(-0.0246328543856274,-0.0315154329482427,0.0560691423373355));
#13612=CARTESIAN_POINT('',(-0.0246328953793708,-0.0315154011317692,0.0560689341911455));
#13613=CARTESIAN_POINT('',(-0.0247970718519148,-0.0317255369568148,0.0560691476338227));
#13614=CARTESIAN_POINT('',(-0.0249612482584624,-0.0319356728330835,0.0560693614103504));
#13615=CARTESIAN_POINT('',(-0.0251254245987043,-0.0321458087608159,0.0560695755206303));
#13616=CARTESIAN_POINT('',(-0.0251254501617471,-0.0321457890581103,0.0560694473749176));
#13617=CARTESIAN_POINT('',(-0.0248510933609755,-0.032358355316553,0.0560244167490891));
#13618=CARTESIAN_POINT('',(-0.0249442413939285,-0.0322868179828208,0.0560258760046834));
#13619=CARTESIAN_POINT('',(-0.0250356759927274,-0.0322159572760783,0.0560409287065691));
#13620=CARTESIAN_POINT('',(-0.0251254247349952,-0.032145808931898,0.0560695755213265));
#13621=CARTESIAN_POINT('',(-0.0249504556534813,-0.0320796790097449,0.0564743387160533));
#13622=CARTESIAN_POINT('',(-0.0246328132917335,-0.0315154646322897,0.0560693504631561));
#13623=CARTESIAN_POINT('',(-0.0246970059853601,-0.0314652909586585,0.0560896633335061));
#13624=CARTESIAN_POINT('',(-0.0247546423727681,-0.0314199107197746,0.056134084064792));
#13625=CARTESIAN_POINT('',(-0.0247983897765654,-0.0313853447406514,0.0561968699598871));
#13626=CARTESIAN_POINT('',(-0.024798203804979,-0.0313854922844292,0.0561970838989753));
#13627=CARTESIAN_POINT('',(-0.0247983902459816,-0.0313853453355735,0.0561968699603326));
#13628=CARTESIAN_POINT('',(-0.0249635724528187,-0.0315946914809829,0.0561970268265116));
#13629=CARTESIAN_POINT('',(-0.0251287543774227,-0.031804037848846,0.0561971840118114));
#13630=CARTESIAN_POINT('',(-0.0252939360204526,-0.0320133844386399,0.0561973415171768));
#13631=CARTESIAN_POINT('',(-0.025294006465633,-0.0320133290507018,0.0561972616424047));
#13632=CARTESIAN_POINT('',(-0.0251254298265226,-0.0321458049594224,0.056069555996433));
#13633=CARTESIAN_POINT('',(-0.0251907022429284,-0.0320947874932216,0.0560892443048411));
#13634=CARTESIAN_POINT('',(-0.0252494402538872,-0.0320485410389483,0.0561338195581429));
#13635=CARTESIAN_POINT('',(-0.0252939361523637,-0.03201338460582,0.0561973415173029));
#13636=CARTESIAN_POINT('',(-0.0249228211641297,-0.0321030774418323,0.0565149453025578));
#13637=CARTESIAN_POINT('',(-0.0247980172437708,-0.0313856390333854,0.0561972978109299));
#13638=CARTESIAN_POINT('',(-0.0248442889587819,-0.0313490794213436,0.0562627340414919));
#13639=CARTESIAN_POINT('',(-0.0248750758827671,-0.0313246043408589,0.0563432001611863));
#13640=CARTESIAN_POINT('',(-0.0248871353368091,-0.0313150202734622,0.0564299313035395));
#13641=CARTESIAN_POINT('',(-0.024887186938946,-0.0313149792633112,0.0564299195960088));
#13642=CARTESIAN_POINT('',(-0.0248871353660847,-0.0313150203107181,0.0564299313019753));
#13643=CARTESIAN_POINT('',(-0.0250531226285388,-0.0315237290348857,0.0564299145297311));
#13644=CARTESIAN_POINT('',(-0.0252191064170404,-0.0317324405219714,0.0564298985458309));
#13645=CARTESIAN_POINT('',(-0.0253850867362747,-0.0319411547680569,0.0564298833839118));
#13646=CARTESIAN_POINT('',(-0.0253850350374577,-0.0319411959097132,0.0564298956369885));
#13647=CARTESIAN_POINT('',(-0.0252939880612198,-0.0320133435923034,0.0561972832098311));
#13648=CARTESIAN_POINT('',(-0.0253409738125457,-0.031976219790172,0.0562624084913983));
#13649=CARTESIAN_POINT('',(-0.0253724581939634,-0.0319511912987234,0.0563428952951718));
#13650=CARTESIAN_POINT('',(-0.0253850867630108,-0.031941154801203,0.056429883385499));
#13651=CARTESIAN_POINT('',(-0.0236942507500249,-0.0330813724362331,0.0568113345099244));
#13652=CARTESIAN_POINT('',(-0.0248871928101369,-0.0313149745973243,0.0564299182039228));
#13653=CARTESIAN_POINT('',(-0.0249054943455206,-0.0313004296760631,0.0565558574281997));
#13654=CARTESIAN_POINT('',(-0.02491455025679,-0.0312932130908515,0.0566828722225245));
#13655=CARTESIAN_POINT('',(-0.0249143796636547,-0.031293348909557,0.0568109625876812));
#13656=CARTESIAN_POINT('',(-0.0249144479866025,-0.0312932945340692,0.0568109627359565));
#13657=CARTESIAN_POINT('',(-0.0254128064475517,-0.031919104725402,0.0568109628844815));
#13658=CARTESIAN_POINT('',(-0.0252467097282336,-0.0317104831947812,0.0568109628844815));
#13659=CARTESIAN_POINT('',(-0.0250806130089156,-0.0315018616641604,0.0568109628844815));
#13660=CARTESIAN_POINT('',(-0.0249145162895976,-0.0312932401335397,0.0568109628844815));
#13661=CARTESIAN_POINT('',(-0.0254128499467382,-0.0319190700929643,0.056810962847942));
#13662=CARTESIAN_POINT('',(-0.0253849893468324,-0.0319412322216278,0.0564299066158226));
#13663=CARTESIAN_POINT('',(-0.0254035327364608,-0.0319264950397651,0.0565558211116628));
#13664=CARTESIAN_POINT('',(-0.0254128277437584,-0.031919088114687,0.0566828398429935));
#13665=CARTESIAN_POINT('',(-0.0254128936138157,-0.0319190356710989,0.056810962811453));
#13666=CARTESIAN_POINT('',(-0.0249145162895976,-0.0312932401335397,0.0571993474744672));
#13667=CARTESIAN_POINT('',(-0.0249145162895976,-0.0312932401335397,0.0522883834768696));
#13668=CARTESIAN_POINT('',(-0.0249145162895976,-0.0312932401335397,0.0575877320644529));
#13669=CARTESIAN_POINT('',(-0.0249145162895976,-0.0312932401335397,0.0575877320644529));
#13670=CARTESIAN_POINT('',(-0.0254128066153895,-0.0319191049362105,0.0575877320644529));
#13671=CARTESIAN_POINT('',(-0.0254128066153895,-0.0319191049362105,0.0522883834768696));
#13672=CARTESIAN_POINT('',(0.,0.,0.0575877320644529));
#13673=CARTESIAN_POINT('',(0.,0.,0.0575877320644529));
#13674=CARTESIAN_POINT('',(-0.0015630492582031,-0.0399694492958863,0.0575877320644533));
#13675=CARTESIAN_POINT('',(-0.0015630492582031,-0.0399694492958863,0.0575877320644529));
#13676=CARTESIAN_POINT('',(-0.00157346958659112,-0.0402359122911923,0.0575877320644529));
#13677=CARTESIAN_POINT('',(-0.00158388991497914,-0.0405023752864982,0.0575877320644529));
#13678=CARTESIAN_POINT('',(-0.00159431024336717,-0.0407688382818041,0.0575877320644529));
#13679=CARTESIAN_POINT('',(-0.00159431024336717,-0.0407688382818041,0.0575877320644529));
#13680=CARTESIAN_POINT('',(0.,0.,0.0575877320644529));
#13681=CARTESIAN_POINT('',(-0.00159431024337092,-0.0407688382818039,0.0575877320644533));
#13682=CARTESIAN_POINT('',(0.000931220743104558,-0.040867601947667,0.0575877306738986));
#13683=CARTESIAN_POINT('',(0.00346585795899045,-0.0407310172082883,0.0575866092819596));
#13684=CARTESIAN_POINT('',(0.00846639484768782,-0.0399918503259954,0.057582126495237));
#13685=CARTESIAN_POINT('',(0.0109321505256599,-0.0393892894699673,0.0575787651412595));
#13686=CARTESIAN_POINT('',(0.0133210982077547,-0.0385640809891712,0.0575742837042856));
#13687=CARTESIAN_POINT('',(-0.00156304925820678,-0.0399694492958862,0.0575877320644533));
#13688=CARTESIAN_POINT('',(0.000912961512847607,-0.0400662764192814,0.0575877306738986));
#13689=CARTESIAN_POINT('',(0.00339789995979456,-0.0399323698120473,0.0575866092819596));
#13690=CARTESIAN_POINT('',(0.00830038710557629,-0.0392076963980347,0.057582126495237));
#13691=CARTESIAN_POINT('',(0.0107177946330027,-0.0386169504607513,0.0575787651412595));
#13692=CARTESIAN_POINT('',(0.0130599002036811,-0.0378079225384031,0.0575742837042856));
#13693=CARTESIAN_POINT('',(-0.00156304925820678,-0.0399694492958862,0.0575877320644533));
#13694=CARTESIAN_POINT('',(0.00338892718049924,-0.0401631017788583,0.0575877292833691));
#13695=CARTESIAN_POINT('',(0.00837573170152742,-0.0394259636543416,0.0575832464966466));
#13696=CARTESIAN_POINT('',(0.013059900203681,-0.0378079225384031,0.0575742837042856));
#13697=CARTESIAN_POINT('',(0.0130599002036813,-0.0378079225384031,0.0575742837042863));
#13698=CARTESIAN_POINT('',(0.0130599002036811,-0.0378079225384031,0.0575742837042856));
#13699=CARTESIAN_POINT('',(0.0131469662050389,-0.0380599753553258,0.0575742837042856));
#13700=CARTESIAN_POINT('',(0.0132340322063968,-0.0383120281722485,0.0575742837042856));
#13701=CARTESIAN_POINT('',(0.0133210982077547,-0.0385640809891712,0.0575742837042856));
#13702=CARTESIAN_POINT('',(0.0133210982077547,-0.0385640809891712,0.0575742837042856));
#13703=CARTESIAN_POINT('',(-0.00159431024337092,-0.0407688382818039,0.0575877320644533));
#13704=CARTESIAN_POINT('',(0.00345670572410922,-0.0409663638144355,0.0575877292833691));
#13705=CARTESIAN_POINT('',(0.00854324633555796,-0.0402144829274284,0.0575832464966466));
#13706=CARTESIAN_POINT('',(0.0133210982077547,-0.0385640809891712,0.0575742837042856));
#13707=CARTESIAN_POINT('',(0.0133210982077548,-0.0385640809891711,0.0575742837042863));
#13708=CARTESIAN_POINT('',(0.0153611301675374,-0.0378593976313374,0.057570457427893));
#13709=CARTESIAN_POINT('',(0.0173448104462619,-0.03699262324614,0.0575483599922086));
#13710=CARTESIAN_POINT('',(0.0192475161207156,-0.0359746177628449,0.0575079889404372));
#13711=CARTESIAN_POINT('',(0.0130599002036811,-0.0378079225384031,0.0575742837042863));
#13712=CARTESIAN_POINT('',(0.0150599315360754,-0.037117056501562,0.0575704574278944));
#13713=CARTESIAN_POINT('',(0.0170047161247402,-0.0362672776917837,0.0575483599921879));
#13714=CARTESIAN_POINT('',(0.0188701138438389,-0.0352692331008283,0.0575079889404372));
#13715=CARTESIAN_POINT('',(0.0130599002036811,-0.0378079225384031,0.0575742837042863));
#13716=CARTESIAN_POINT('',(0.0150598935861808,-0.0371170696105032,0.0575704575004966));
#13717=CARTESIAN_POINT('',(0.0170047506088697,-0.0362672592417242,0.0575483592458802));
#13718=CARTESIAN_POINT('',(0.0188701138438389,-0.0352692331008283,0.0575079889404371));
#13719=CARTESIAN_POINT('',(0.0188701138438389,-0.0352692331008282,0.057507988940437));
#13720=CARTESIAN_POINT('',(0.0188701138438389,-0.0352692331008283,0.0575079889404372));
#13721=CARTESIAN_POINT('',(0.0189959146027978,-0.0355043613215005,0.0575079889404372));
#13722=CARTESIAN_POINT('',(0.0191217153617567,-0.0357394895421727,0.0575079889404372));
#13723=CARTESIAN_POINT('',(0.0192475161207156,-0.0359746177628449,0.0575079889404372));
#13724=CARTESIAN_POINT('',(0.0192475161207156,-0.0359746177628449,0.0575079889404372));
#13725=CARTESIAN_POINT('',(0.0133210982077548,-0.0385640809891712,0.0575742837042863));
#13726=CARTESIAN_POINT('',(0.0153610914579045,-0.0378594110027132,0.0575704575004966));
#13727=CARTESIAN_POINT('',(0.0173448456210471,-0.0369926044265587,0.0575483592458802));
#13728=CARTESIAN_POINT('',(0.0192475161207157,-0.0359746177628448,0.0575079889404371));
#13729=CARTESIAN_POINT('',(0.0192475161207156,-0.0359746177628449,0.057507988940437));
#13730=CARTESIAN_POINT('',(0.0204081044874283,-0.0353536676405926,0.0574833659064627));
#13731=CARTESIAN_POINT('',(0.0215384200387958,-0.0346766186162908,0.0574505035633614));
#13732=CARTESIAN_POINT('',(0.0226332278665955,-0.0339466787232384,0.0574094013961151));
#13733=CARTESIAN_POINT('',(0.0188701138438389,-0.0352692331008283,0.057507988940437));
#13734=CARTESIAN_POINT('',(0.0200079455758284,-0.0346604584712129,0.0574833659064644));
#13735=CARTESIAN_POINT('',(0.02111609807736,-0.0339966849178592,0.0574505035633572));
#13736=CARTESIAN_POINT('',(0.0221894390848975,-0.0332810575718024,0.0574094013961151));
#13737=CARTESIAN_POINT('',(0.0188701138438388,-0.0352692331008283,0.057507988940437));
#13738=CARTESIAN_POINT('',(0.0200079423714185,-0.0346604601856698,0.0574833659758088));
#13739=CARTESIAN_POINT('',(0.0211161007494032,-0.0339966831363312,0.0574505034610348));
#13740=CARTESIAN_POINT('',(0.0221894390848975,-0.0332810575718023,0.057409401396115));
#13741=CARTESIAN_POINT('',(0.0221894390848975,-0.0332810575718024,0.0574094013961151));
#13742=CARTESIAN_POINT('',(0.0221894390848975,-0.0332810575718024,0.0574094013961151));
#13743=CARTESIAN_POINT('',(0.0223373686787969,-0.0335029312889477,0.0574094013961151));
#13744=CARTESIAN_POINT('',(0.0224852982726962,-0.0337248050060931,0.0574094013961151));
#13745=CARTESIAN_POINT('',(0.0226332278665955,-0.0339466787232384,0.0574094013961151));
#13746=CARTESIAN_POINT('',(0.0226332278665955,-0.0339466787232384,0.0574094013961151));
#13747=CARTESIAN_POINT('',(0.0192475161207156,-0.0359746177628449,0.057507988940437));
#13748=CARTESIAN_POINT('',(0.0204081012188469,-0.0353536693893832,0.0574833659758088));
#13749=CARTESIAN_POINT('',(0.0215384227643912,-0.0346766167990578,0.0574505034610348));
#13750=CARTESIAN_POINT('',(0.0226332278665955,-0.0339466787232384,0.057409401396115));
#13751=CARTESIAN_POINT('',(0.0226332278665955,-0.0339466787232384,0.0574094013961151));
#13752=CARTESIAN_POINT('',(0.0227150283340688,-0.0338921399969314,0.057406330487769));
#13753=CARTESIAN_POINT('',(0.0227898026139957,-0.0338418581932232,0.0573765281555716));
#13754=CARTESIAN_POINT('',(0.0229230532219078,-0.0337517421793409,0.0572646573675773));
#13755=CARTESIAN_POINT('',(0.0229709307628871,-0.0337190984087478,0.0571913883231394));
#13756=CARTESIAN_POINT('',(0.0230002215872564,-0.0336991069160163,0.057100785718882));
#13757=CARTESIAN_POINT('',(0.0221894390848975,-0.0332810575718024,0.0574094013961151));
#13758=CARTESIAN_POINT('',(0.0222696354795447,-0.0332275883270221,0.05740633049321));
#13759=CARTESIAN_POINT('',(0.0223429437392114,-0.0331782923462973,0.0573765281555716));
#13760=CARTESIAN_POINT('',(0.0224735815901057,-0.0330899433130793,0.0572646573675773));
#13761=CARTESIAN_POINT('',(0.0225205203554477,-0.0330579396166406,0.0571913883241618));
#13762=CARTESIAN_POINT('',(0.0225492368502514,-0.0330383401137416,0.057100785718882));
#13763=CARTESIAN_POINT('',(0.0221894390848976,-0.0332810575718023,0.057409401396115));
#13764=CARTESIAN_POINT('',(0.0223501787983049,-0.0331738877779494,0.0574032463057892));
#13765=CARTESIAN_POINT('',(0.0224918038421437,-0.0330775391321663,0.0572819909878109));
#13766=CARTESIAN_POINT('',(0.0225492368502514,-0.0330383401137415,0.057100785718882));
#13767=CARTESIAN_POINT('',(0.0225492368502514,-0.0330383401137416,0.057100785718882));
#13768=CARTESIAN_POINT('',(0.0230002191394009,-0.0336991085868915,0.0571007845574812));
#13769=CARTESIAN_POINT('',(0.0228498817424849,-0.033478859233229,0.0571007803060865));
#13770=CARTESIAN_POINT('',(0.0226995412439202,-0.0332586119967126,0.0571007745830948));
#13771=CARTESIAN_POINT('',(0.022549197637256,-0.0330383668818927,0.0571007674088105));
#13772=CARTESIAN_POINT('',(0.0230002215872564,-0.0336991069160164,0.057100785718882));
#13773=CARTESIAN_POINT('',(0.0226332278665955,-0.0339466787232384,0.057409401396115));
#13774=CARTESIAN_POINT('',(0.022797182374271,-0.0338373655335084,0.0574032463057892));
#13775=CARTESIAN_POINT('',(0.0229416399189866,-0.0337390899148096,0.0572819909878109));
#13776=CARTESIAN_POINT('',(0.0230002215872565,-0.0336991069160164,0.057100785718882));
#13777=CARTESIAN_POINT('',(0.0222719865648211,-0.0340027643787595,0.0567989605280771));
#13778=CARTESIAN_POINT('',(0.0225491976352152,-0.0330383668779452,0.0571007674090187));
#13779=CARTESIAN_POINT('',(0.022570489407025,-0.0330238349135682,0.0570339239796283));
#13780=CARTESIAN_POINT('',(0.0225843833164478,-0.0330143255654721,0.0569648994810787));
#13781=CARTESIAN_POINT('',(0.0225908984403661,-0.0330098668227708,0.0568936939026908));
#13782=CARTESIAN_POINT('',(0.0230002194660071,-0.0336991064368436,0.0571007851381566));
#13783=CARTESIAN_POINT('',(0.0230218371369028,-0.0336843520048269,0.0570339953161956));
#13784=CARTESIAN_POINT('',(0.0230360469556534,-0.0336746285649977,0.0569649713802552));
#13785=CARTESIAN_POINT('',(0.023042868766641,-0.0336699598901359,0.056893714493109));
#13786=CARTESIAN_POINT('',(-0.0295581870282712,-0.0279102612794403,0.0585451229822158));
#13787=CARTESIAN_POINT('',(-0.0303482227500791,-0.0272694953364034,0.0589385515039337));
#13788=CARTESIAN_POINT('',(-0.0303785433432659,-0.0272357515467001,0.0588230484742903));
#13789=CARTESIAN_POINT('',(-0.0303950100131757,-0.0272173360680507,0.0587032836891181));
#13790=CARTESIAN_POINT('',(-0.030397706470451,-0.0272143241940031,0.0585792571198712));
#13791=CARTESIAN_POINT('',(0.,0.,0.0522883834768696));
#13792=CARTESIAN_POINT('',(0.,2.4492935982947E-18,0.107));
#13793=CARTESIAN_POINT('',(0.,0.,0.0451594251849115));
#13794=CARTESIAN_POINT('',(-4.60655070037355E-5,1.57966396487838E-5,0.0451594251849115));
#13795=CARTESIAN_POINT('',(-0.0132805512596302,-0.0385780631737823,0.0451594251849115));
#13796=CARTESIAN_POINT('',(0.,0.,0.0451594251849115));
#13797=CARTESIAN_POINT('',(-0.0167792136729378,-0.0371900253901217,0.0451594251849115));
#13798=CARTESIAN_POINT('',(-0.0164502094832723,-0.0364608092060017,0.0451594251849115));
#13799=CARTESIAN_POINT('',(-0.0131047452272852,-0.0382155158610695,0.04574200206989));
#13800=CARTESIAN_POINT('',(-0.012928923506028,-0.0378529124821292,0.0463245389284477));
#13801=CARTESIAN_POINT('',(-0.0130154213017545,-0.0381051606518442,0.0463245656120756));
#13802=CARTESIAN_POINT('',(-0.013101919097481,-0.0383574088215591,0.0463245922957035));
#13803=CARTESIAN_POINT('',(-0.0131884168932075,-0.0386096569912741,0.0463246189793313));
#13804=CARTESIAN_POINT('',(-0.0131879641867559,-0.0386098122322402,0.0463245763061855));
#13805=CARTESIAN_POINT('',(0.,0.,0.0457420020698847));
#13806=CARTESIAN_POINT('',(-0.0131879639751584,-0.0386098123045156,0.0463245789548685));
#13807=CARTESIAN_POINT('',(-0.0131706600231735,-0.0386157228200499,0.0465411833897187));
#13808=CARTESIAN_POINT('',(-0.0131446875979358,-0.0386245844959476,0.0467566669266694));
#13809=CARTESIAN_POINT('',(-0.0131100288870941,-0.038636344839795,0.046971029569516));
#13810=CARTESIAN_POINT('',(-0.0129293764462337,-0.0378527571612899,0.0463245789548685));
#13811=CARTESIAN_POINT('',(-0.0129124117874255,-0.0378585517843626,0.0465411833897133));
#13812=CARTESIAN_POINT('',(-0.0128869486254208,-0.0378672397019117,0.0467566669267104));
#13813=CARTESIAN_POINT('',(-0.0128529694971511,-0.0378787694507794,0.046971029569516));
#13814=CARTESIAN_POINT('',(-0.0131099509173296,-0.0386363713096416,0.0469710157994837));
#13815=CARTESIAN_POINT('',(-0.0130242269347489,-0.0383838589195787,0.0469710095924126));
#13816=CARTESIAN_POINT('',(-0.0129384991853855,-0.0381313478082957,0.0469710027201001));
#13817=CARTESIAN_POINT('',(-0.0128527676656549,-0.0378788379771376,0.0469709952058479));
#13818=CARTESIAN_POINT('',(-0.0131100288870941,-0.038636344839795,0.046971029569516));
#13819=CARTESIAN_POINT('',(-0.0131879639751584,-0.0386098123045156,0.0463245789548685));
#13820=CARTESIAN_POINT('',(-0.0131706600231867,-0.0386157228200455,0.0465411833895547));
#13821=CARTESIAN_POINT('',(-0.0131446875977578,-0.038624584496008,0.0467566669277705));
#13822=CARTESIAN_POINT('',(-0.0131100288870941,-0.0386363448397951,0.046971029569516));
#13823=CARTESIAN_POINT('',(-0.0123989977595054,-0.0387083855305063,0.0468553964767201));
#13824=CARTESIAN_POINT('',(-0.0127250886215427,-0.0379219215093319,0.0472855909064837));
#13825=CARTESIAN_POINT('',(-0.012810006956,-0.0381747058301602,0.0472856570860537));
#13826=CARTESIAN_POINT('',(-0.0128949201992127,-0.0384274918623683,0.0472857191863501));
#13827=CARTESIAN_POINT('',(-0.0129798283804987,-0.0386802795957581,0.0472857771668233));
#13828=CARTESIAN_POINT('',(-0.0129797294280474,-0.0386803128503247,0.0472857000053342));
#13829=CARTESIAN_POINT('',(-0.0131099509143881,-0.0386363712953605,0.0469710157997852));
#13830=CARTESIAN_POINT('',(-0.0130917595295708,-0.0386425439289186,0.0470858860205536));
#13831=CARTESIAN_POINT('',(-0.0130472730220609,-0.0386576477255022,0.0471935642916587));
#13832=CARTESIAN_POINT('',(-0.0129798284803867,-0.0386802798932446,0.0472857771669333));
#13833=CARTESIAN_POINT('',(-0.0126207604613069,-0.0386316953234013,0.047045077734279));
#13834=CARTESIAN_POINT('',(-0.0125005559740118,-0.0379965278119699,0.0474411591323628));
#13835=CARTESIAN_POINT('',(-0.01258382649106,-0.0382498594019822,0.0474408330906966));
#13836=CARTESIAN_POINT('',(-0.0126670929445769,-0.0385031923034852,0.0474404882466397));
#13837=CARTESIAN_POINT('',(-0.0127503556364309,-0.0387565264142297,0.0474401245306508));
#13838=CARTESIAN_POINT('',(-0.0127504342088104,-0.0387565017446107,0.0474405178802861));
#13839=CARTESIAN_POINT('',(-0.0129796033807146,-0.038680355428555,0.0472856011484091));
#13840=CARTESIAN_POINT('',(-0.0129238573147651,-0.0386990616120438,0.0473647369208433));
#13841=CARTESIAN_POINT('',(-0.0128420207049645,-0.0387263710673481,0.0474199211002581));
#13842=CARTESIAN_POINT('',(-0.0127503559721743,-0.0387565274835458,0.0474401245322462));
#13843=CARTESIAN_POINT('',(-0.0122973562727074,-0.0387362880182151,0.0456168015853126));
#13844=CARTESIAN_POINT('',(-0.0121006109025538,-0.0381257819858592,0.0474901964986269));
#13845=CARTESIAN_POINT('',(-0.0121812813809041,-0.0383799536684655,0.0474899359682405));
#13846=CARTESIAN_POINT('',(-0.0122619518211591,-0.038634125351763,0.0474896643163522));
#13847=CARTESIAN_POINT('',(-0.0123426222863082,-0.0388882970147865,0.0474893815429429));
#13848=CARTESIAN_POINT('',(-0.0123426219481747,-0.038888297512805,0.0474895571336827));
#13849=CARTESIAN_POINT('',(-0.0127505078154468,-0.0387564775411107,0.0474408515693658));
#13850=CARTESIAN_POINT('',(-0.0126165585197934,-0.0388005455692046,0.0474735950970395));
#13851=CARTESIAN_POINT('',(-0.0124806026066036,-0.0388445043081624,0.047489770229009));
#13852=CARTESIAN_POINT('',(-0.0123426223961214,-0.0388882973706328,0.04748938154254));
#13853=CARTESIAN_POINT('',(-0.0122921659274647,-0.0387365312893879,0.0462110036323208));
#13854=CARTESIAN_POINT('',(-0.0117168856681366,-0.0382454527853357,0.0474243416625303));
#13855=CARTESIAN_POINT('',(-0.0117951071042702,-0.0385003886150454,0.0474240042953378));
#13856=CARTESIAN_POINT('',(-0.0118733287768154,-0.0387553243712338,0.0474236661848281));
#13857=CARTESIAN_POINT('',(-0.011951550687133,-0.0390102600534791,0.0474233273314771));
#13858=CARTESIAN_POINT('',(-0.0119514858710898,-0.0390102805099953,0.0474235300751806));
#13859=CARTESIAN_POINT('',(-0.0123426221086795,-0.038888297462529,0.0474896232780001));
#13860=CARTESIAN_POINT('',(-0.0122090052979577,-0.0389307056395313,0.0474899797448358));
#13861=CARTESIAN_POINT('',(-0.0120786372851036,-0.0389713252053732,0.0474678814770233));
#13862=CARTESIAN_POINT('',(-0.0119515508467256,-0.039010260603566,0.0474233273278041));
#13863=CARTESIAN_POINT('',(-0.012225984544702,-0.0387595638967209,0.0464044336304418));
#13864=CARTESIAN_POINT('',(-0.0113908204513563,-0.0383438293509092,0.0472336734539916));
#13865=CARTESIAN_POINT('',(-0.0114669209800028,-0.0385994065609235,0.0472334716279281));
#13866=CARTESIAN_POINT('',(-0.0115430233365573,-0.0388549832248418,0.0472332674982415));
#13867=CARTESIAN_POINT('',(-0.0116191275119555,-0.0391105593452869,0.0472330610571498));
#13868=CARTESIAN_POINT('',(-0.0116190399847143,-0.0391105856492236,0.0472331723399072));
#13869=CARTESIAN_POINT('',(-0.0119514591400984,-0.0390102887010194,0.0474236154431264));
#13870=CARTESIAN_POINT('',(-0.0118294247290037,-0.0390476759987414,0.0473818159008937));
#13871=CARTESIAN_POINT('',(-0.0117186174852889,-0.0390810027517266,0.0473182992182816));
#13872=CARTESIAN_POINT('',(-0.0116191275943535,-0.0391105596220015,0.0472330610569258));
#13873=CARTESIAN_POINT('',(-0.0126090525170322,-0.0386516373549661,0.045912697693691));
#13874=CARTESIAN_POINT('',(-0.0110864267772082,-0.0384329434827246,0.0468842216445608));
#13875=CARTESIAN_POINT('',(-0.011160393122419,-0.0386891466874792,0.0468841815352777));
#13876=CARTESIAN_POINT('',(-0.0112343739960876,-0.0389453456962228,0.0468841310910638));
#13877=CARTESIAN_POINT('',(-0.0113083693173567,-0.0392015405296613,0.0468840701908921));
#13878=CARTESIAN_POINT('',(-0.0113082855041889,-0.0392015647513687,0.0468841308478143));
#13879=CARTESIAN_POINT('',(-0.0116189882051552,-0.0391106010320535,0.0472332386820307));
#13880=CARTESIAN_POINT('',(-0.0114998518734692,-0.0391459940865231,0.0471320469849476));
#13881=CARTESIAN_POINT('',(-0.0113962740394636,-0.0391761829210801,0.047015659093038));
#13882=CARTESIAN_POINT('',(-0.0113083693292027,-0.0392015405706759,0.0468840701908823));
#13883=CARTESIAN_POINT('',(-0.0113082855041889,-0.0392015647513687,0.0468841308478143));
#13884=CARTESIAN_POINT('',(-0.0111877664607897,-0.039236330296063,0.0467040167533206));
#13885=CARTESIAN_POINT('',(-0.0110769906295935,-0.0392676873032409,0.0465177793211301));
#13886=CARTESIAN_POINT('',(-0.0109760334004354,-0.0392958864360193,0.0463254184869982));
#13887=CARTESIAN_POINT('',(-0.0110865544158714,-0.0384329066189889,0.0468841308478143));
#13888=CARTESIAN_POINT('',(-0.0109683984916438,-0.0384669904861419,0.0467040167543473));
#13889=CARTESIAN_POINT('',(-0.0108597947353815,-0.0384977326501005,0.0465177793220746));
#13890=CARTESIAN_POINT('',(-0.0107608170592504,-0.0385253788588425,0.0463254184869982));
#13891=CARTESIAN_POINT('',(-0.0107608170592504,-0.0385253788588425,0.0463254184869982));
#13892=CARTESIAN_POINT('',(-0.0108325558396454,-0.0387822147179014,0.0463254184869982));
#13893=CARTESIAN_POINT('',(-0.0109042946200404,-0.0390390505769604,0.0463254184869982));
#13894=CARTESIAN_POINT('',(-0.0109760334004354,-0.0392958864360193,0.0463254184869982));
#13895=CARTESIAN_POINT('',(-0.0109760334004354,-0.0392958864360193,0.0463254184869982));
#13896=CARTESIAN_POINT('',(-0.0113082855041888,-0.0392015647513687,0.0468841308478142));
#13897=CARTESIAN_POINT('',(-0.0111877664912756,-0.0392363302872689,0.0467040167988812));
#13898=CARTESIAN_POINT('',(-0.011076990642266,-0.0392676872997013,0.0465177793452758));
#13899=CARTESIAN_POINT('',(-0.0109760334004354,-0.0392958864360193,0.0463254184869982));
#13900=CARTESIAN_POINT('',(-0.0109760334004354,-0.0392958864360193,0.0463254184869982));
#13901=CARTESIAN_POINT('',(-0.0107723434844357,-0.0393527806181873,0.0459373137408962));
#13902=CARTESIAN_POINT('',(-0.0105682111941588,-0.0394080910307198,0.0455492089952729));
#13903=CARTESIAN_POINT('',(-0.0103636612095664,-0.0394618109864883,0.0451611042491709));
#13904=CARTESIAN_POINT('',(-0.0107608170592504,-0.0385253788588425,0.0463254184869982));
#13905=CARTESIAN_POINT('',(-0.0105611210631748,-0.0385811574688104,0.045937313740901));
#13906=CARTESIAN_POINT('',(-0.0103609913668199,-0.0386353833634515,0.0455492089952681));
#13907=CARTESIAN_POINT('',(-0.0101604521662416,-0.0386880499867533,0.0451611042491709));
#13908=CARTESIAN_POINT('',(-0.0103636612079815,-0.0394618109868604,0.0451611083567146));
#13909=CARTESIAN_POINT('',(-0.0102959248612755,-0.0392038906533644,0.0451611055862993));
#13910=CARTESIAN_POINT('',(-0.0102281885145695,-0.0389459703198684,0.045161102815884));
#13911=CARTESIAN_POINT('',(-0.0101604521678635,-0.0386880499863724,0.0451611000454687));
#13912=CARTESIAN_POINT('',(-0.010363661473147,-0.0394618109172655,0.0451611047492779));
#13913=CARTESIAN_POINT('',(-0.0109760334004354,-0.0392958864360193,0.0463254184869982));
#13914=CARTESIAN_POINT('',(-0.0107723435720103,-0.0393527805937262,0.0459373139077581));
#13915=CARTESIAN_POINT('',(-0.0105682113694363,-0.0394080909832271,0.045549209328518));
#13916=CARTESIAN_POINT('',(-0.010363661473147,-0.0394618109172654,0.0451611047492779));
#13917=CARTESIAN_POINT('',(-0.00923426080112278,-0.0393305016936392,0.0451606844831061));
#13918=CARTESIAN_POINT('',(-0.00811892984866535,-0.0391673713454956,0.0451602689207434));
#13919=CARTESIAN_POINT('',(-0.0081730560487362,-0.039428487154212,0.0451602661503281));
#13920=CARTESIAN_POINT('',(-0.00822718224880706,-0.0396896029629285,0.0451602633799128));
#13921=CARTESIAN_POINT('',(-0.00828130844887791,-0.0399507187716449,0.0451602606094975));
#13922=CARTESIAN_POINT('',(-0.00828130844729305,-0.0399507187720171,0.0451602647170412));
#13923=CARTESIAN_POINT('',(-0.0103636612095664,-0.0394618109864883,0.0451611042491709));
#13924=CARTESIAN_POINT('',(-0.00967397504196284,-0.0396429398704216,0.0451608244051276));
#13925=CARTESIAN_POINT('',(-0.00897953940613867,-0.0398059838056539,0.0451605445610844));
#13926=CARTESIAN_POINT('',(-0.00828130844729305,-0.039950718772017,0.0451602647170412));
#13927=CARTESIAN_POINT('',(-0.00828130844729305,-0.0399507187720171,0.0451602647170412));
#13928=CARTESIAN_POINT('',(-0.00778822408352463,-0.040052929291187,0.0451600671227039));
#13929=CARTESIAN_POINT('',(-0.00729354083788494,-0.0401459492132927,0.0451720050300568));
#13930=CARTESIAN_POINT('',(-0.00679760331523639,-0.0402297475653115,0.0451960784368529));
#13931=CARTESIAN_POINT('',(-0.00811892985028731,-0.0391673713451148,0.0451602647170412));
#13932=CARTESIAN_POINT('',(-0.00763551380737485,-0.0392675777364584,0.0451600671227039));
#13933=CARTESIAN_POINT('',(-0.00715053023322352,-0.0393587737385218,0.0451720050300567));
#13934=CARTESIAN_POINT('',(-0.00666431697572195,-0.0394409289855995,0.0451960784368529));
#13935=CARTESIAN_POINT('',(-0.00666431697572195,-0.0394409289855995,0.0451960784368529));
#13936=CARTESIAN_POINT('',(-0.0067087457555601,-0.0397038685121702,0.0451960784368529));
#13937=CARTESIAN_POINT('',(-0.00675317453539824,-0.0399668080387409,0.0451960784368529));
#13938=CARTESIAN_POINT('',(-0.00679760331523639,-0.0402297475653115,0.0451960784368529));
#13939=CARTESIAN_POINT('',(-0.00679760331523639,-0.0402297475653115,0.0451960784368529));
#13940=CARTESIAN_POINT('',(-0.00828130844729305,-0.039950718772017,0.0451602647170412));
#13941=CARTESIAN_POINT('',(-0.00778822415489786,-0.0400529292763922,0.0451600671227324));
#13942=CARTESIAN_POINT('',(-0.00729354085272661,-0.0401459492107849,0.0451720050293364));
#13943=CARTESIAN_POINT('',(-0.0067976033152364,-0.0402297475653115,0.0451960784368529));
#13944=CARTESIAN_POINT('',(-0.0067976033152364,-0.0402297475653115,0.0451960784368529));
#13945=CARTESIAN_POINT('',(-0.00671041626270537,-0.0402444795244511,0.0452003106976428));
#13946=CARTESIAN_POINT('',(-0.00662583993418028,-0.0402584755234074,0.0452201845875581));
#13947=CARTESIAN_POINT('',(-0.00646538723753579,-0.040284555032554,0.045290287615338));
#13948=CARTESIAN_POINT('',(-0.00639399963385871,-0.0402959151099,0.0453386026279065));
#13949=CARTESIAN_POINT('',(-0.00633147449030086,-0.0403057369462297,0.0454001810637515));
#13950=CARTESIAN_POINT('',(-0.00666431697572196,-0.0394409289855995,0.0451960784368529));
#13951=CARTESIAN_POINT('',(-0.00657883965035508,-0.0394553720528683,0.0452003106888734));
#13952=CARTESIAN_POINT('',(-0.00649592150409832,-0.0394690936503993,0.0452201845875581));
#13953=CARTESIAN_POINT('',(-0.00633861493876058,-0.0394946617966216,0.045290287615338));
#13954=CARTESIAN_POINT('',(-0.00626862709250041,-0.0395057991272772,0.0453386026274223));
#13955=CARTESIAN_POINT('',(-0.00620732793166751,-0.0395154283786566,0.0454001810637515));
#13956=CARTESIAN_POINT('',(-0.00620732793166751,-0.0395154283786566,0.0454001810637515));
#13957=CARTESIAN_POINT('',(-0.00624871011787863,-0.0397788645678477,0.0454001810637515));
#13958=CARTESIAN_POINT('',(-0.00629009230408974,-0.0400423007570387,0.0454001810637515));
#13959=CARTESIAN_POINT('',(-0.00633147449030086,-0.0403057369462297,0.0454001810637515));
#13960=CARTESIAN_POINT('',(-0.00633147449030086,-0.0403057369462297,0.0454001810637515));
#13961=CARTESIAN_POINT('',(-0.0067976033152364,-0.0402297475653115,0.0451960784368529));
#13962=CARTESIAN_POINT('',(-0.00662273065983625,-0.0402592957234291,0.045204567159217));
#13963=CARTESIAN_POINT('',(-0.00645652482845753,-0.0402860932655523,0.0452770241417934));
#13964=CARTESIAN_POINT('',(-0.00633147449030085,-0.0403057369462297,0.0454001810637515));
#13965=CARTESIAN_POINT('',(-0.00633147449030086,-0.0403057369462297,0.0454001810637515));
#13966=CARTESIAN_POINT('',(-0.00627802600327857,-0.0403141329652029,0.0454528203973328));
#13967=CARTESIAN_POINT('',(-0.00624284854196968,-0.0403195623911196,0.0455164626342121));
#13968=CARTESIAN_POINT('',(-0.00621041051204078,-0.0403245715488869,0.0456629103214315));
#13969=CARTESIAN_POINT('',(-0.00621566131200203,-0.040323768243397,0.0457347822403171));
#13970=CARTESIAN_POINT('',(-0.00624237803648815,-0.040319631898736,0.0458053022331965));
#13971=CARTESIAN_POINT('',(-0.00620732793166751,-0.0395154283786566,0.0454001810637515));
#13972=CARTESIAN_POINT('',(-0.0061549293458893,-0.0395236594726477,0.0454528184970153));
#13973=CARTESIAN_POINT('',(-0.0061204397470291,-0.0395289827363918,0.0455164626342121));
#13974=CARTESIAN_POINT('',(-0.00608863775690272,-0.0395338936753793,0.0456629103214315));
#13975=CARTESIAN_POINT('',(-0.0060937855999966,-0.0395331061209784,0.0457347822403026));
#13976=CARTESIAN_POINT('',(-0.00611997846714525,-0.0395290508811137,0.0458053022331965));
#13977=CARTESIAN_POINT('',(-0.00611997846714525,-0.0395290508811137,0.0458053022331965));
#13978=CARTESIAN_POINT('',(-0.00616077832359288,-0.0397925778869878,0.0458053022331965));
#13979=CARTESIAN_POINT('',(-0.00620157818004052,-0.0400561048928619,0.0458053022331965));
#13980=CARTESIAN_POINT('',(-0.00624237803648815,-0.040319631898736,0.0458053022331965));
#13981=CARTESIAN_POINT('',(-0.00624237803648815,-0.040319631898736,0.0458053022331965));
#13982=CARTESIAN_POINT('',(-0.00633147449030085,-0.0403057369462297,0.0454001810637515));
#13983=CARTESIAN_POINT('',(-0.00622427924204521,-0.0403225758389342,0.0455057534895697));
#13984=CARTESIAN_POINT('',(-0.0061889445871921,-0.0403279045881082,0.045664262246583));
#13985=CARTESIAN_POINT('',(-0.00624237803648815,-0.040319631898736,0.0458053022331965));
#13986=CARTESIAN_POINT('',(-0.00624237803648815,-0.040319631898736,0.0458053022331965));
#13987=CARTESIAN_POINT('',(-0.00636566609042219,-0.0403005441589975,0.0461307262861818));
#13988=CARTESIAN_POINT('',(-0.00650770815689804,-0.0402779873550509,0.0464478404621008));
#13989=CARTESIAN_POINT('',(-0.00666840075261961,-0.0402513655843185,0.046756645004336));
#13990=CARTESIAN_POINT('',(-0.00611997846714525,-0.0395290508811137,0.0458053022331965));
#13991=CARTESIAN_POINT('',(-0.00624084910899009,-0.0395103374106683,0.0461307262881554));
#13992=CARTESIAN_POINT('',(-0.00638010603791872,-0.0394882228968197,0.0464478404655196));
#13993=CARTESIAN_POINT('',(-0.00653764779668589,-0.0394621231218809,0.046756645004336));
#13994=CARTESIAN_POINT('',(-0.00653764779668589,-0.0394621231218809,0.046756645004336));
#13995=CARTESIAN_POINT('',(-0.00658123211533046,-0.0397252039426934,0.046756645004336));
#13996=CARTESIAN_POINT('',(-0.00662481643397504,-0.039988284763506,0.046756645004336));
#13997=CARTESIAN_POINT('',(-0.00666840075261961,-0.0402513655843185,0.046756645004336));
#13998=CARTESIAN_POINT('',(-0.00666840075261961,-0.0402513655843185,0.046756645004336));
#13999=CARTESIAN_POINT('',(-0.00624237803648815,-0.040319631898736,0.0458053022331965));
#14000=CARTESIAN_POINT('',(-0.00636566610687639,-0.0403005441564499,0.0461307263296133));
#14001=CARTESIAN_POINT('',(-0.00650770822171483,-0.0402779873443128,0.0464478405866598));
#14002=CARTESIAN_POINT('',(-0.00666840075261962,-0.0402513655843185,0.046756645004336));
#14003=CARTESIAN_POINT('',(-0.00666840075261961,-0.0402513655843185,0.046756645004336));
#14004=CARTESIAN_POINT('',(-0.00676129324241268,-0.0402359761847328,0.0469351575884457));
#14005=CARTESIAN_POINT('',(-0.00684732234272665,-0.0402213952176527,0.0471168564247623));
#14006=CARTESIAN_POINT('',(-0.00692650843200475,-0.0402077539902612,0.0473017415335502));
#14007=CARTESIAN_POINT('',(-0.0065376477966859,-0.0394621231218809,0.046756645004336));
#14008=CARTESIAN_POINT('',(-0.00662871886489259,-0.0394470354752643,0.0469351575880186));
#14009=CARTESIAN_POINT('',(-0.00671306112018621,-0.0394327404094865,0.0471168564244431));
#14010=CARTESIAN_POINT('',(-0.00679069454118113,-0.0394193666571188,0.0473017415335502));
#14011=CARTESIAN_POINT('',(-0.00692647075950569,-0.0402077604843317,0.0473017582318562));
#14012=CARTESIAN_POINT('',(-0.00688117487530979,-0.0399449689464673,0.0473017688678903));
#14013=CARTESIAN_POINT('',(-0.006835875063619,-0.0396821780856334,0.0473017812447833));
#14014=CARTESIAN_POINT('',(-0.00679057131512656,-0.0394193879035772,0.0473017953406965));
#14015=CARTESIAN_POINT('',(-0.00692650843200475,-0.0402077539902612,0.0473017415335502));
#14016=CARTESIAN_POINT('',(-0.00666840075261962,-0.0402513655843185,0.046756645004336));
#14017=CARTESIAN_POINT('',(-0.00676129323452326,-0.0402359761860398,0.0469351575732845));
#14018=CARTESIAN_POINT('',(-0.00684732233912621,-0.040221395218273,0.0471168564163559));
#14019=CARTESIAN_POINT('',(-0.00692650843200475,-0.0402077539902612,0.0473017415335502));
#14020=CARTESIAN_POINT('',(-0.00611236096749342,-0.040186147007647,0.0476495640989938));
#14021=CARTESIAN_POINT('',(-0.00686028073990612,-0.0394073160915576,0.0476280301641147));
#14022=CARTESIAN_POINT('',(-0.00690617373818982,-0.0396700038803301,0.04762802656522));
#14023=CARTESIAN_POINT('',(-0.00695206317268577,-0.039932692291717,0.0476280230414019));
#14024=CARTESIAN_POINT('',(-0.00699794904379076,-0.0401953813255495,0.0476280196107209));
#14025=CARTESIAN_POINT('',(-0.00699780765633365,-0.0401954060228186,0.0476280240225063));
#14026=CARTESIAN_POINT('',(-0.00692647075905365,-0.0402077604797101,0.0473017582317081));
#14027=CARTESIAN_POINT('',(-0.00697125086639549,-0.0402000463444191,0.0474057852321541));
#14028=CARTESIAN_POINT('',(-0.00699507058096149,-0.0401958828252897,0.047514539015031));
#14029=CARTESIAN_POINT('',(-0.0069979491055963,-0.0401953816789377,0.0476280196136447));
#14030=CARTESIAN_POINT('',(-0.00646506673704392,-0.040125728731035,0.0476440856946833));
#14031=CARTESIAN_POINT('',(-0.00679423265933026,-0.0394187572569287,0.0478994002467323));
#14032=CARTESIAN_POINT('',(-0.00683967109259066,-0.0396815240385074,0.0478994820323584));
#14033=CARTESIAN_POINT('',(-0.00688510839141974,-0.0399442910164598,0.0478995631614718));
#14034=CARTESIAN_POINT('',(-0.0069305445583713,-0.0402070581903323,0.0478996436295446));
#14035=CARTESIAN_POINT('',(-0.00693051347513511,-0.0402070635705536,0.0478996257041243));
#14036=CARTESIAN_POINT('',(-0.00699766630848714,-0.040195430904825,0.0476280284326003));
#14037=CARTESIAN_POINT('',(-0.00700054807344575,-0.0401949292152273,0.0477232223966655));
#14038=CARTESIAN_POINT('',(-0.00697735689344046,-0.0401989893813508,0.0478170969968139));
#14039=CARTESIAN_POINT('',(-0.00693054460789943,-0.0402070584778086,0.0478996436299419));
#14040=CARTESIAN_POINT('',(-0.00533419926709923,-0.0403182906399337,0.0469988458964254));
#14041=CARTESIAN_POINT('',(-0.00657388096477518,-0.0394561036442216,0.0482170582435933));
#14042=CARTESIAN_POINT('',(-0.00661770883258471,-0.0397191438844191,0.0482170594958404));
#14043=CARTESIAN_POINT('',(-0.00666151155858225,-0.0399821883138617,0.0482170383803494));
#14044=CARTESIAN_POINT('',(-0.0067052893753762,-0.0402452368850498,0.0482169946296268));
#14045=CARTESIAN_POINT('',(-0.00670546429691543,-0.0402452077423587,0.0482171516046544));
#14046=CARTESIAN_POINT('',(-0.00693048243399142,-0.040207069194624,0.0478996077785338));
#14047=CARTESIAN_POINT('',(-0.00686665734829169,-0.0402180707086401,0.048013583211476));
#14048=CARTESIAN_POINT('',(-0.00679160369385621,-0.040230856015832,0.0481193772311697));
#14049=CARTESIAN_POINT('',(-0.00670529202927642,-0.0402452364734278,0.0482169916337873));
#14050=CARTESIAN_POINT('',(-0.00876532940905446,-0.0397484575308084,0.0501130932539047));
#14051=CARTESIAN_POINT('',(-0.00598920067482036,-0.0395490770526588,0.0492847425622362));
#14052=CARTESIAN_POINT('',(-0.00602890031967921,-0.039812771955254,0.0492846731216639));
#14053=CARTESIAN_POINT('',(-0.00606862726872894,-0.0400764627493353,0.0492846119260518));
#14054=CARTESIAN_POINT('',(-0.00610838145661938,-0.0403401494385001,0.0492845591905408));
#14055=CARTESIAN_POINT('',(-0.00610871063094603,-0.0403400998316485,0.0492846614286744));
#14056=CARTESIAN_POINT('',(-0.00670563790153063,-0.0402451788458389,0.0482173100807597));
#14057=CARTESIAN_POINT('',(-0.00643153033423817,-0.0402908505547254,0.0485259123907352));
#14058=CARTESIAN_POINT('',(-0.0062289279869041,-0.0403218962944116,0.0488875810551962));
#14059=CARTESIAN_POINT('',(-0.00610838149158956,-0.0403401496719237,0.0492845591912071));
#14060=CARTESIAN_POINT('',(-0.00610871063094603,-0.0403400998316485,0.0492846614286744));
#14061=CARTESIAN_POINT('',(-0.00599027767047373,-0.0403580341621958,0.0496734748044682));
#14062=CARTESIAN_POINT('',(-0.00595952072178062,-0.0403624550758955,0.0500869956017501));
#14063=CARTESIAN_POINT('',(-0.0060194137066911,-0.0403535210189607,0.0504891110193232));
#14064=CARTESIAN_POINT('',(-0.00598893199112356,-0.0395491174820084,0.0492846614286744));
#14065=CARTESIAN_POINT('',(-0.00587282481707644,-0.0395666996181803,0.0496734628447448));
#14066=CARTESIAN_POINT('',(-0.00584266899845171,-0.0395710341458622,0.0500870067242636));
#14067=CARTESIAN_POINT('',(-0.00590138598695206,-0.039562275508785,0.0504891110193232));
#14068=CARTESIAN_POINT('',(-0.00601920686707307,-0.0403535517629417,0.0504891429038416));
#14069=CARTESIAN_POINT('',(-0.00597999806260838,-0.0400897833837622,0.0504891227031381));
#14070=CARTESIAN_POINT('',(-0.00594080170253268,-0.0398260131548884,0.0504891005841206));
#14071=CARTESIAN_POINT('',(-0.00590161779736946,-0.0395622410759788,0.0504890766166883));
#14072=CARTESIAN_POINT('',(-0.0060194137066911,-0.0403535210189607,0.0504891110193232));
#14073=CARTESIAN_POINT('',(-0.00610871063094602,-0.0403400998316485,0.0492846614286744));
#14074=CARTESIAN_POINT('',(-0.00599000291453081,-0.0403580757685517,0.0496743768235113));
#14075=CARTESIAN_POINT('',(-0.00595931869244603,-0.0403624852120054,0.0500856391973169));
#14076=CARTESIAN_POINT('',(-0.0060194137066911,-0.0403535210189607,0.0504891110193231));
#14077=CARTESIAN_POINT('',(-0.00841572361469133,-0.0398315727433878,0.050118839505615));
#14078=CARTESIAN_POINT('',(-0.00632550938029451,-0.0394966839742705,0.0515601314387171));
#14079=CARTESIAN_POINT('',(-0.00636735322438506,-0.0397600468366245,0.0515603622225373));
#14080=CARTESIAN_POINT('',(-0.00640921355160059,-0.0400234070904461,0.0515605811912815));
#14081=CARTESIAN_POINT('',(-0.00645109027892415,-0.0402867647458528,0.0515607882277769));
#14082=CARTESIAN_POINT('',(-0.0064512408090657,-0.0402867408960249,0.0515606787063542));
#14083=CARTESIAN_POINT('',(-0.00601920687927853,-0.0403535518669505,0.0504891429043407));
#14084=CARTESIAN_POINT('',(-0.00607768016301893,-0.040344829888947,0.0508768777848368));
#14085=CARTESIAN_POINT('',(-0.00622508764753229,-0.0403229546372552,0.0512422813114771));
#14086=CARTESIAN_POINT('',(-0.00645109031862682,-0.0402867649942375,0.0515607882282564));
#14087=CARTESIAN_POINT('',(-0.00645124080906569,-0.0402867408960249,0.0515606787063542));
#14088=CARTESIAN_POINT('',(-0.00655967527354804,-0.0402693769488101,0.0517133974299961));
#14089=CARTESIAN_POINT('',(-0.00668700450265436,-0.0402485472313098,0.0518501515874971));
#14090=CARTESIAN_POINT('',(-0.0069766821233265,-0.0401993468852362,0.0520890633091445));
#14091=CARTESIAN_POINT('',(-0.00713475518521772,-0.0401717009073807,0.0521876595798969));
#14092=CARTESIAN_POINT('',(-0.00730596919247226,-0.0401405382893485,0.0522653966414374));
#14093=CARTESIAN_POINT('',(-0.00632474589124087,-0.0394968048000245,0.0515606787063542));
#14094=CARTESIAN_POINT('',(-0.00643105494743329,-0.0394797812010331,0.0517133985184527));
#14095=CARTESIAN_POINT('',(-0.00655588676730819,-0.0394593600306958,0.0518501515874971));
#14096=CARTESIAN_POINT('',(-0.00683988443463382,-0.0394111243972904,0.0520890633091445));
#14097=CARTESIAN_POINT('',(-0.0069948580265532,-0.039384020497099,0.0521876595807443));
#14098=CARTESIAN_POINT('',(-0.00716271489458065,-0.0393534689111259,0.0522653966414374));
#14099=CARTESIAN_POINT('',(-0.00730601930607345,-0.0401405291256713,0.05226528324618));
#14100=CARTESIAN_POINT('',(-0.0072582315392614,-0.0398781793084518,0.0522653650127864));
#14101=CARTESIAN_POINT('',(-0.00721044573417376,-0.0396158291325151,0.0522654423404731));
#14102=CARTESIAN_POINT('',(-0.00716266190864152,-0.0393534785947964,0.0522655152374126));
#14103=CARTESIAN_POINT('',(-0.00730596919247226,-0.0401405382893485,0.0522653966414374));
#14104=CARTESIAN_POINT('',(-0.00645124080906569,-0.0402867408960249,0.0515606787063542));
#14105=CARTESIAN_POINT('',(-0.00666841455140405,-0.040251964190884,0.051866545451736));
#14106=CARTESIAN_POINT('',(-0.00696354173718579,-0.040202863423629,0.0521099227722626));
#14107=CARTESIAN_POINT('',(-0.00730596919247227,-0.0401405382893484,0.0522653966414374));
#14108=CARTESIAN_POINT('',(-0.00798565710130163,-0.039852438476573,0.0506656482771636));
#14109=CARTESIAN_POINT('',(-0.0076916629616094,-0.039253514745762,0.05241255326622));
#14110=CARTESIAN_POINT('',(-0.00774298533372144,-0.0395151952987202,0.0524121134394506));
#14111=CARTESIAN_POINT('',(-0.00779431071577922,-0.0397768752131772,0.0524116449519422));
#14112=CARTESIAN_POINT('',(-0.00784563882724696,-0.0400385545377543,0.0524111477745787));
#14113=CARTESIAN_POINT('',(-0.00784557572112462,-0.0400385681762485,0.0524118111070009));
#14114=CARTESIAN_POINT('',(-0.00730601931319587,-0.0401405291685226,0.0522652832476625));
#14115=CARTESIAN_POINT('',(-0.00747827201326929,-0.0401091772760699,0.0523439417554291));
#14116=CARTESIAN_POINT('',(-0.00765816677660546,-0.0400752913525446,0.0523925572980502));
#14117=CARTESIAN_POINT('',(-0.00784563908362298,-0.040038555760286,0.0524111477738331));
#14118=CARTESIAN_POINT('',(-0.00784557572112461,-0.0400385681762485,0.0524118111070009));
#14119=CARTESIAN_POINT('',(-0.00826560257029974,-0.039956263723312,0.0524554081053803));
#14120=CARTESIAN_POINT('',(-0.00868499657517639,-0.0398672194667627,0.0524912493749702));
#14121=CARTESIAN_POINT('',(-0.00910353624103578,-0.0397714172227763,0.052519334914677));
#14122=CARTESIAN_POINT('',(-0.00769174090306335,-0.0392534982120084,0.0524118111070009));
#14123=CARTESIAN_POINT('',(-0.00810353193171343,-0.0391728075718652,0.0524554081053853));
#14124=CARTESIAN_POINT('',(-0.00851470252467269,-0.0390855092811423,0.0524912493749695));
#14125=CARTESIAN_POINT('',(-0.00892503553042723,-0.0389915855125258,0.052519334914677));
#14126=CARTESIAN_POINT('',(-0.00892503553042723,-0.0389915855125258,0.052519334914677));
#14127=CARTESIAN_POINT('',(-0.00898453576729675,-0.0392515294159426,0.052519334914677));
#14128=CARTESIAN_POINT('',(-0.00904403600416626,-0.0395114733193595,0.052519334914677));
#14129=CARTESIAN_POINT('',(-0.00910353624103578,-0.0397714172227763,0.052519334914677));
#14130=CARTESIAN_POINT('',(-0.00910353624103578,-0.0397714172227763,0.052519334914677));
#14131=CARTESIAN_POINT('',(-0.0078455757211246,-0.0400385681762485,0.0524118111070009));
#14132=CARTESIAN_POINT('',(-0.00826560262723997,-0.0399562637121545,0.0524554081112905));
#14133=CARTESIAN_POINT('',(-0.00868499665781907,-0.0398672194478461,0.0524912493805158));
#14134=CARTESIAN_POINT('',(-0.00910353624103578,-0.0397714172227763,0.0525193349146769));
#14135=CARTESIAN_POINT('',(-0.00910353624103578,-0.0397714172227763,0.052519334914677));
#14136=CARTESIAN_POINT('',(-0.00963011994625432,-0.0396508840816628,0.0525546705199157));
#14137=CARTESIAN_POINT('',(-0.0101548097880391,-0.0395197769006692,0.0525790910034267));
#14138=CARTESIAN_POINT('',(-0.0106771765786508,-0.0393781398787235,0.0525925963659475));
#14139=CARTESIAN_POINT('',(-0.00892503553042724,-0.0389915855125258,0.052519334914677));
#14140=CARTESIAN_POINT('',(-0.00944129406497709,-0.0388734157663311,0.0525546705199172));
#14141=CARTESIAN_POINT('',(-0.0099556958706155,-0.0387448793143845,0.0525790910034264));
#14142=CARTESIAN_POINT('',(-0.0104678201751479,-0.0386060194889445,0.0525925963659475));
#14143=CARTESIAN_POINT('',(-0.0104678201751479,-0.0386060194889445,0.0525925963659475));
#14144=CARTESIAN_POINT('',(-0.0105376056429822,-0.0388633929522042,0.0525925963659475));
#14145=CARTESIAN_POINT('',(-0.0106073911108165,-0.0391207664154638,0.0525925963659475));
#14146=CARTESIAN_POINT('',(-0.0106771765786508,-0.0393781398787235,0.0525925963659475));
#14147=CARTESIAN_POINT('',(-0.0106771765786508,-0.0393781398787235,0.0525925963659475));
#14148=CARTESIAN_POINT('',(-0.00910353624103578,-0.0397714172227763,0.0525193349146769));
#14149=CARTESIAN_POINT('',(-0.00963011999033397,-0.0396508840715732,0.0525546705228736));
#14150=CARTESIAN_POINT('',(-0.0101548099119544,-0.0395197768670702,0.0525790910066304));
#14151=CARTESIAN_POINT('',(-0.0106771765786508,-0.0393781398787235,0.0525925963659474));
#14152=CARTESIAN_POINT('',(-0.0106771765786508,-0.0393781398787235,0.0525925963659475));
#14153=CARTESIAN_POINT('',(-0.0112911946230459,-0.0392116520988873,0.0526084717670427));
#14154=CARTESIAN_POINT('',(-0.0119014171723227,-0.039030773344912,0.0526164094142158));
#14155=CARTESIAN_POINT('',(-0.0125071730012355,-0.0388356874989637,0.0526164093126363));
#14156=CARTESIAN_POINT('',(-0.0104678201751478,-0.0386060194889446,0.0525925963659475));
#14157=CARTESIAN_POINT('',(-0.0110697986500413,-0.0384427961753808,0.0526084717670426));
#14158=CARTESIAN_POINT('',(-0.0116680560512996,-0.0382654640636384,0.0526164094142158));
#14159=CARTESIAN_POINT('',(-0.0122619343149368,-0.0380742034303565,0.0526164093126363));
#14160=CARTESIAN_POINT('',(-0.0125071730012355,-0.0388356874989637,0.0526164093126363));
#14161=CARTESIAN_POINT('',(-0.0124254267724693,-0.0385818594760947,0.0526164093126363));
#14162=CARTESIAN_POINT('',(-0.012343680543703,-0.0383280314532256,0.0526164093126363));
#14163=CARTESIAN_POINT('',(-0.0122619343149368,-0.0380742034303565,0.0526164093126363));
#14164=CARTESIAN_POINT('',(-0.0125071730012355,-0.0388356874989637,0.0526164093126363));
#14165=CARTESIAN_POINT('',(-0.0106771765786508,-0.0393781398787235,0.0525925963659474));
#14166=CARTESIAN_POINT('',(-0.0112911945563943,-0.0392116521169596,0.0526084717653194));
#14167=CARTESIAN_POINT('',(-0.0119014172841213,-0.0390307733089069,0.0526164094142157));
#14168=CARTESIAN_POINT('',(-0.0125071730012355,-0.0388356874989637,0.0526164093126363));
#14169=CARTESIAN_POINT('',(0.,0.,0.0526164093126363));
#14170=CARTESIAN_POINT('',(-0.0164502094832723,-0.0364608092060017,0.0526164093126363));
#14171=CARTESIAN_POINT('',(-0.0167792136729378,-0.0371900253901217,0.0526164093126363));
#14172=CARTESIAN_POINT('',(0.,0.,0.0526164093126363));
#14173=CARTESIAN_POINT('',(-0.0106135946206967,-0.0392346831705173,0.0501112826820541));
#14174=CARTESIAN_POINT('',(-0.00999973305339283,-0.0395555976690508,0.0498336579894234));
#14175=CARTESIAN_POINT('',(-0.0099343946039889,-0.0392970596925924,0.0498336666245232));
#14176=CARTESIAN_POINT('',(-0.00986906368256448,-0.0390385198137489,0.0498336784740967));
#14177=CARTESIAN_POINT('',(-0.0098037403149106,-0.0387799780265468,0.0498336934734482));
#14178=CARTESIAN_POINT('',(-0.00980414465857881,-0.0387798758748213,0.0498338668435687));
#14179=CARTESIAN_POINT('',(-0.00999972731816006,-0.0395555991183879,0.0498336553779558));
#14180=CARTESIAN_POINT('',(-0.00980374025397104,-0.0387799777853555,0.0498336934734622));
#14181=CARTESIAN_POINT('',(-0.00986188138331111,-0.038765279465174,0.049685354627161));
#14182=CARTESIAN_POINT('',(-0.00996569865389737,-0.0387389187019203,0.0495608854285762));
#14183=CARTESIAN_POINT('',(-0.0100989747790836,-0.0387041432977328,0.0494794668745947));
#14184=CARTESIAN_POINT('',(-0.0100989621733666,-0.038704146870796,0.0494794445515925));
#14185=CARTESIAN_POINT('',(-0.0100989748445403,-0.038704143548284,0.0494794668747311));
#14186=CARTESIAN_POINT('',(-0.010166379210951,-0.0389621506374933,0.0494796075004734));
#14187=CARTESIAN_POINT('',(-0.0102337951216984,-0.0392201546997394,0.0494797683163148));
#14188=CARTESIAN_POINT('',(-0.0103012223031837,-0.0394781558021469,0.0494799494861274));
#14189=CARTESIAN_POINT('',(-0.0103010961089384,-0.0394781891547393,0.04947972147268));
#14190=CARTESIAN_POINT('',(-0.00999973314482383,-0.0395555980452797,0.0498336579879457));
#14191=CARTESIAN_POINT('',(-0.0100595839311895,-0.0395404676485282,0.0496845389263663));
#14192=CARTESIAN_POINT('',(-0.0101656976839021,-0.0395135193080205,0.049560136896638));
#14193=CARTESIAN_POINT('',(-0.0103012224270175,-0.0394781561943958,0.0494799494745962));
#14194=CARTESIAN_POINT('',(-0.0110595879491468,-0.0391126506740915,0.05089684031807));
#14195=CARTESIAN_POINT('',(-0.0100989342426243,-0.0387041538747865,0.0494793956165966));
#14196=CARTESIAN_POINT('',(-0.0102807150468164,-0.0386567224700322,0.0493688513776873));
#14197=CARTESIAN_POINT('',(-0.0104757157471244,-0.0386044814412945,0.0492985440455677));
#14198=CARTESIAN_POINT('',(-0.0106837609447601,-0.0385468189618186,0.049268443932731));
#14199=CARTESIAN_POINT('',(-0.010683885781567,-0.038546784361428,0.0492693733683819));
#14200=CARTESIAN_POINT('',(-0.0106837614591239,-0.0385468209730343,0.0492684439431534));
#14201=CARTESIAN_POINT('',(-0.0107550620355781,-0.0388037773945697,0.0492690285253981));
#14202=CARTESIAN_POINT('',(-0.0108263677326857,-0.0390607323081283,0.0492696513892778));
#14203=CARTESIAN_POINT('',(-0.0108976781086106,-0.0393176858245454,0.0492703125955012));
#14204=CARTESIAN_POINT('',(-0.0108975634971984,-0.0393177200486566,0.0492693733683819));
#14205=CARTESIAN_POINT('',(-0.010301067346741,-0.0394781966603136,0.0494796703681412));
#14206=CARTESIAN_POINT('',(-0.0104856493248368,-0.0394300335842816,0.0493687120273617));
#14207=CARTESIAN_POINT('',(-0.0106867147644928,-0.0393761609659994,0.0492981866398131));
#14208=CARTESIAN_POINT('',(-0.010897678748185,-0.0393176881047367,0.0492703126005426));
#14209=CARTESIAN_POINT('',(-0.0108975634971984,-0.0393177200486566,0.0492693733683819));
#14210=CARTESIAN_POINT('',(-0.0112052574746212,-0.0392324375182219,0.0492266592509217));
#14211=CARTESIAN_POINT('',(-0.0115133751577543,-0.0391431480311189,0.0492046623798439));
#14212=CARTESIAN_POINT('',(-0.0118218017572129,-0.039049775968796,0.0492033827873436));
#14213=CARTESIAN_POINT('',(-0.010683885781567,-0.038546784361428,0.0492693733683819));
#14214=CARTESIAN_POINT('',(-0.010985546543872,-0.0384631740374376,0.0492266592509039));
#14215=CARTESIAN_POINT('',(-0.0112876227035883,-0.0383756353246543,0.0492046623798443));
#14216=CARTESIAN_POINT('',(-0.0115900017227578,-0.0382840940870549,0.0492033827873436));
#14217=CARTESIAN_POINT('',(-0.010683885781567,-0.038546784361428,0.0492693733683819));
#14218=CARTESIAN_POINT('',(-0.0109855466221307,-0.0384631740157469,0.0492266592398227));
#14219=CARTESIAN_POINT('',(-0.0112876227904703,-0.0383756352983519,0.0492046623794766));
#14220=CARTESIAN_POINT('',(-0.0115900017227578,-0.0382840940870549,0.0492033827873436));
#14221=CARTESIAN_POINT('',(-0.0115900017227578,-0.0382840940870549,0.0492033827873436));
#14222=CARTESIAN_POINT('',(-0.011821802310009,-0.0390497757522468,0.0492034959514903));
#14223=CARTESIAN_POINT('',(-0.0117445352790043,-0.03879454861077,0.0492033849946729));
#14224=CARTESIAN_POINT('',(-0.0116672682713343,-0.0385393214601523,0.0492032788147457));
#14225=CARTESIAN_POINT('',(-0.0115900012740999,-0.0382840943044775,0.0492031774117602));
#14226=CARTESIAN_POINT('',(-0.0118218017572129,-0.039049775968796,0.0492033827873436));
#14227=CARTESIAN_POINT('',(-0.0108975634971984,-0.0393177200486566,0.0492693733683819));
#14228=CARTESIAN_POINT('',(-0.0112052575545733,-0.0392324374960618,0.0492266592398227));
#14229=CARTESIAN_POINT('',(-0.0115133752462797,-0.0391431480043189,0.0492046623794766));
#14230=CARTESIAN_POINT('',(-0.0118218017572129,-0.039049775968796,0.0492033827873436));
#14231=CARTESIAN_POINT('',(-0.0117914809890908,-0.0388920446046886,0.0527760815717591));
#14232=CARTESIAN_POINT('',(-0.0115900012520886,-0.0382840942317877,0.0492031774095836));
#14233=CARTESIAN_POINT('',(-0.0118418833397256,-0.0382078402738537,0.0492025464280925));
#14234=CARTESIAN_POINT('',(-0.0120900173627455,-0.0381300079921961,0.0492306455762981));
#14235=CARTESIAN_POINT('',(-0.0123344571343992,-0.0380507709146565,0.0492874797321881));
#14236=CARTESIAN_POINT('',(-0.0123342773889437,-0.0380508291800927,0.0492883339933573));
#14237=CARTESIAN_POINT('',(-0.012334457616308,-0.0380507724335191,0.0492874797329641));
#14238=CARTESIAN_POINT('',(-0.0124165858449859,-0.0383044762050892,0.0492879537505548));
#14239=CARTESIAN_POINT('',(-0.0124987138048942,-0.0385581800612842,0.0492884290420874));
#14240=CARTESIAN_POINT('',(-0.0125808414942355,-0.0388118840026736,0.0492889056071433));
#14241=CARTESIAN_POINT('',(-0.0125809629367226,-0.0388118457636945,0.0492883339933573));
#14242=CARTESIAN_POINT('',(-0.0118218023238383,-0.0390497757979394,0.0492034959508578));
#14243=CARTESIAN_POINT('',(-0.012078658678322,-0.038972015939239,0.0492020924319724));
#14244=CARTESIAN_POINT('',(-0.012331653318843,-0.0388926592793286,0.0492305606245707));
#14245=CARTESIAN_POINT('',(-0.0125808418283678,-0.0388118850210807,0.0492889056100036));
#14246=CARTESIAN_POINT('',(-0.0125809629367226,-0.0388118457636945,0.0492883339933573));
#14247=CARTESIAN_POINT('',(-0.0127596576794296,-0.0387539213880111,0.0493297145944813));
#14248=CARTESIAN_POINT('',(-0.0129242702762273,-0.0386991082447583,0.0494258072522588));
#14249=CARTESIAN_POINT('',(-0.0130504683810259,-0.0386565036576751,0.0495625378637946));
#14250=CARTESIAN_POINT('',(-0.0123342773889437,-0.0380508291800927,0.0492883339933573));
#14251=CARTESIAN_POINT('',(-0.0125094717217356,-0.0379940394715846,0.0493297153995952));
#14252=CARTESIAN_POINT('',(-0.0126708458012708,-0.0379403047026077,0.0494257990624584));
#14253=CARTESIAN_POINT('',(-0.012794576844143,-0.0378985329977206,0.0495625378637946));
#14254=CARTESIAN_POINT('',(-0.0123342773889437,-0.0380508291800927,0.0492883339933573));
#14255=CARTESIAN_POINT('',(-0.0125100247644113,-0.0379938602013317,0.0493298460298688));
#14256=CARTESIAN_POINT('',(-0.0126701754039635,-0.0379405310293066,0.0494250581867486));
#14257=CARTESIAN_POINT('',(-0.0127945768441431,-0.0378985329977206,0.0495625378637946));
#14258=CARTESIAN_POINT('',(-0.012794576844143,-0.0378985329977206,0.0495625378637946));
#14259=CARTESIAN_POINT('',(-0.0130504610301494,-0.0386565061393745,0.0495625454376756));
#14260=CARTESIAN_POINT('',(-0.0129651631809272,-0.0384038494801115,0.0495625459566965));
#14261=CARTESIAN_POINT('',(-0.0128798575408435,-0.0381511954510896,0.0495625545029307));
#14262=CARTESIAN_POINT('',(-0.0127945440335752,-0.0378985440791206,0.0495625709926732));
#14263=CARTESIAN_POINT('',(-0.0130504683810259,-0.0386565036576751,0.0495625378637946));
#14264=CARTESIAN_POINT('',(-0.0125809629367226,-0.0388118457636945,0.0492883339933573));
#14265=CARTESIAN_POINT('',(-0.0127602252596996,-0.0387537374053584,0.0493298460298688));
#14266=CARTESIAN_POINT('',(-0.0129235789120428,-0.0386993416498927,0.0494250581867486));
#14267=CARTESIAN_POINT('',(-0.0130504683810259,-0.038656503657675,0.0495625378637946));
#14268=CARTESIAN_POINT('',(-0.012543123360446,-0.0386597682133712,0.0500309171830194));
#14269=CARTESIAN_POINT('',(-0.012794544032199,-0.0378985440750449,0.0495625709926735));
#14270=CARTESIAN_POINT('',(-0.0129039271860489,-0.0378616163351417,0.0496832552599573));
#14271=CARTESIAN_POINT('',(-0.0129670159256957,-0.0378398799430426,0.0498439216671171));
#14272=CARTESIAN_POINT('',(-0.0129708140790201,-0.0378385779612223,0.0500108854504015));
#14273=CARTESIAN_POINT('',(-0.0129707828435234,-0.0378385890257594,0.0500108867103779));
#14274=CARTESIAN_POINT('',(-0.0129708141766007,-0.0378385782448423,0.0500108854501792));
#14275=CARTESIAN_POINT('',(-0.0130575749154336,-0.0380907360676564,0.0500108761998281));
#14276=CARTESIAN_POINT('',(-0.0131443300287666,-0.0383428958260592,0.0500108670925418));
#14277=CARTESIAN_POINT('',(-0.0132310795176496,-0.0385950575194104,0.0500108581716836));
#14278=CARTESIAN_POINT('',(-0.0132306799159176,-0.0385951954193303,0.0500108713073022));
#14279=CARTESIAN_POINT('',(-0.0130504610301412,-0.0386565061393279,0.0495625454376676));
#14280=CARTESIAN_POINT('',(-0.013161418237448,-0.0386190469156528,0.049682509728074));
#14281=CARTESIAN_POINT('',(-0.0132261115720108,-0.0385967615256625,0.0498432916479019));
#14282=CARTESIAN_POINT('',(-0.0132310797965424,-0.0385950583289821,0.0500108581831598));
#14283=CARTESIAN_POINT('',(-0.0117263693928295,-0.0389416659549819,0.0500533535366987));
#14284=CARTESIAN_POINT('',(-0.0129706479473873,-0.0378386349070868,0.0500108908886107));
#14285=CARTESIAN_POINT('',(-0.0129763867041123,-0.037836667727422,0.0502177709094649));
#14286=CARTESIAN_POINT('',(-0.012943177280533,-0.0378481150806422,0.0504208980354568));
#14287=CARTESIAN_POINT('',(-0.0128719884621576,-0.0378723106375896,0.0506137266498657));
#14288=CARTESIAN_POINT('',(-0.0128725623580666,-0.0378721155777927,0.050613962993866));
#14289=CARTESIAN_POINT('',(-0.012871988702793,-0.0378723113394957,0.0506137266471771));
#14290=CARTESIAN_POINT('',(-0.012958072228851,-0.0381247011861917,0.0506138366445787));
#14291=CARTESIAN_POINT('',(-0.0130441543937566,-0.0383770914973854,0.050613946081184));
#14292=CARTESIAN_POINT('',(-0.0131302351988124,-0.038629482272615,0.0506140549534622));
#14293=CARTESIAN_POINT('',(-0.0131300136052279,-0.0386295578893485,0.050613962993866));
#14294=CARTESIAN_POINT('',(-0.013230280003636,-0.0385953324806014,0.0500108828286584));
#14295=CARTESIAN_POINT('',(-0.0132356189671282,-0.0385935023115786,0.0502179732335476));
#14296=CARTESIAN_POINT('',(-0.0132019404297238,-0.0386051098243015,0.0504212269643241));
#14297=CARTESIAN_POINT('',(-0.0131302352895265,-0.0386294825391394,0.050614054954028));
#14298=CARTESIAN_POINT('',(-0.0131300136052279,-0.0386295578893485,0.050613962993866));
#14299=CARTESIAN_POINT('',(-0.0130902002075306,-0.0386430902847991,0.0507213959693966));
#14300=CARTESIAN_POINT('',(-0.013026252797217,-0.0386647797353422,0.0508117030515058));
#14301=CARTESIAN_POINT('',(-0.0128518546662954,-0.0387230975718105,0.0509555534690486));
#14302=CARTESIAN_POINT('',(-0.0127527571853461,-0.0387559135369961,0.0509996339953505));
#14303=CARTESIAN_POINT('',(-0.0126416740161906,-0.038792113606613,0.0510158698924443));
#14304=CARTESIAN_POINT('',(-0.0128725623580666,-0.0378721155777927,0.050613962993866));
#14305=CARTESIAN_POINT('',(-0.0128335290260042,-0.0378853828324298,0.0507213975911598));
#14306=CARTESIAN_POINT('',(-0.0127708360757029,-0.0379066467993551,0.0508117030515058));
#14307=CARTESIAN_POINT('',(-0.0125998575159758,-0.0379638211488338,0.0509555534690486));
#14308=CARTESIAN_POINT('',(-0.0125027031227973,-0.0379959936637513,0.0509996339953641));
#14309=CARTESIAN_POINT('',(-0.0123937980550889,-0.038031483928052,0.0510158698924443));
#14310=CARTESIAN_POINT('',(-0.0128725623580666,-0.0378721155777927,0.050613962993866));
#14311=CARTESIAN_POINT('',(-0.0127943465060993,-0.0378987007953459,0.0508292428102204));
#14312=CARTESIAN_POINT('',(-0.0126116079525146,-0.0379605034770077,0.0509833981337643));
#14313=CARTESIAN_POINT('',(-0.0123937980550889,-0.038031483928052,0.0510158698924442));
#14314=CARTESIAN_POINT('',(-0.0123937980550889,-0.038031483928052,0.0510158698924443));
#14315=CARTESIAN_POINT('',(-0.0123937980550889,-0.038031483928052,0.0510158698924443));
#14316=CARTESIAN_POINT('',(-0.0124764233754561,-0.038285027154239,0.0510158698924443));
#14317=CARTESIAN_POINT('',(-0.0125590486958234,-0.038538570380426,0.0510158698924443));
#14318=CARTESIAN_POINT('',(-0.0126416740161906,-0.038792113606613,0.0510158698924443));
#14319=CARTESIAN_POINT('',(-0.0126416740161906,-0.038792113606613,0.0510158698924443));
#14320=CARTESIAN_POINT('',(-0.0131300136052279,-0.0386295578893485,0.050613962993866));
#14321=CARTESIAN_POINT('',(-0.0130502334362213,-0.0386566748112529,0.0508292428102204));
#14322=CARTESIAN_POINT('',(-0.0128638401115649,-0.0387197135465479,0.0509833981337643));
#14323=CARTESIAN_POINT('',(-0.0126416740161906,-0.038792113606613,0.0510158698924442));
#14324=CARTESIAN_POINT('',(-0.0126416740161906,-0.038792113606613,0.0510158698924443));
#14325=CARTESIAN_POINT('',(-0.0122640716825842,-0.0389151676288201,0.0510710604835426));
#14326=CARTESIAN_POINT('',(-0.0118835430923225,-0.0390330759912792,0.0510811366539852));
#14327=CARTESIAN_POINT('',(-0.0115002205237031,-0.0391456884970261,0.0510460983311444));
#14328=CARTESIAN_POINT('',(-0.0123937980550889,-0.038031483928052,0.0510158698924443));
#14329=CARTESIAN_POINT('',(-0.0120235996887422,-0.0381521251263156,0.0510710604835524));
#14330=CARTESIAN_POINT('',(-0.0116505324435021,-0.0382677215600633,0.0510811366539898));
#14331=CARTESIAN_POINT('',(-0.0112747260036305,-0.0383781259774765,0.0510460983311444));
#14332=CARTESIAN_POINT('',(-0.0123937980550889,-0.038031483928052,0.0510158698924442));
#14333=CARTESIAN_POINT('',(-0.0120235995962062,-0.0381521251564715,0.051071060497348));
#14334=CARTESIAN_POINT('',(-0.0116505323318665,-0.0382677215928597,0.0510811366435814));
#14335=CARTESIAN_POINT('',(-0.0112747260036305,-0.0383781259774765,0.0510460983311443));
#14336=CARTESIAN_POINT('',(-0.0112747260036305,-0.0383781259774765,0.0510460983311444));
#14337=CARTESIAN_POINT('',(-0.0112747260036305,-0.0383781259774765,0.0510460983311444));
#14338=CARTESIAN_POINT('',(-0.0113498908436547,-0.0386339801506597,0.0510460983311444));
#14339=CARTESIAN_POINT('',(-0.0114250556836789,-0.0388898343238429,0.0510460983311444));
#14340=CARTESIAN_POINT('',(-0.0115002205237031,-0.0391456884970261,0.0510460983311444));
#14341=CARTESIAN_POINT('',(-0.0115002205237031,-0.0391456884970261,0.0510460983311444));
#14342=CARTESIAN_POINT('',(-0.0126416740161906,-0.038792113606613,0.0510158698924442));
#14343=CARTESIAN_POINT('',(-0.0122640715881304,-0.0389151676596009,0.051071060497348));
#14344=CARTESIAN_POINT('',(-0.0118835429785038,-0.0390330760247169,0.0510811366435814));
#14345=CARTESIAN_POINT('',(-0.0115002205237031,-0.0391456884970261,0.0510460983311443));
#14346=CARTESIAN_POINT('',(-0.0115002205237031,-0.0391456884970261,0.0510460983311444));
#14347=CARTESIAN_POINT('',(-0.0111169033706711,-0.0392582994117817,0.0510110612728308));
#14348=CARTESIAN_POINT('',(-0.0107408950793128,-0.0393626499890191,0.0509318325301668));
#14349=CARTESIAN_POINT('',(-0.0103725652538721,-0.0394594714872636,0.0508084125548112));
#14350=CARTESIAN_POINT('',(-0.0112747260036305,-0.0383781259774765,0.0510460983311444));
#14351=CARTESIAN_POINT('',(-0.0108989248697463,-0.0384885288360967,0.0510110612725081));
#14352=CARTESIAN_POINT('',(-0.0105302892990719,-0.0385908333210884,0.0509318325320904));
#14353=CARTESIAN_POINT('',(-0.0101691816214433,-0.0386857563600623,0.0508084125548112));
#14354=CARTESIAN_POINT('',(-0.0112747260036305,-0.0383781259774765,0.0510460983311443));
#14355=CARTESIAN_POINT('',(-0.0108989257009549,-0.0384885285919042,0.0510110613500041));
#14356=CARTESIAN_POINT('',(-0.0105302899597356,-0.0385908331474221,0.0509318327578931));
#14357=CARTESIAN_POINT('',(-0.0101691816214433,-0.0386857563600623,0.0508084125548112));
#14358=CARTESIAN_POINT('',(-0.0101691816214432,-0.0386857563600623,0.0508084125548112));
#14359=CARTESIAN_POINT('',(-0.010372660701769,-0.0394594460541982,0.0508080998120627));
#14360=CARTESIAN_POINT('',(-0.0103047856843156,-0.0392015624219077,0.0508083563922725));
#14361=CARTESIAN_POINT('',(-0.0102369173261159,-0.0389436770151912,0.0508085911529072));
#14362=CARTESIAN_POINT('',(-0.0101690559369784,-0.0386857897566703,0.0508088041973936));
#14363=CARTESIAN_POINT('',(-0.0103725652538721,-0.0394594714872636,0.0508084125548112));
#14364=CARTESIAN_POINT('',(-0.0115002205237031,-0.0391456884970261,0.0510460983311443));
#14365=CARTESIAN_POINT('',(-0.011116904214974,-0.0392582991637423,0.0510110613500041));
#14366=CARTESIAN_POINT('',(-0.0107408957589303,-0.0393626498103706,0.0509318327578931));
#14367=CARTESIAN_POINT('',(-0.0103725652538721,-0.0394594714872635,0.0508084125548112));
#14368=CARTESIAN_POINT('',(-0.0105196846382951,-0.0392561830715269,0.0502004418539965));
#14369=CARTESIAN_POINT('',(-0.0101690558462053,-0.038685789473493,0.0508088042449719));
#14370=CARTESIAN_POINT('',(-0.00996008737545879,-0.0387407195157137,0.0507370588084978));
#14371=CARTESIAN_POINT('',(-0.0097984886060541,-0.0387813287386008,0.0505470236206347));
#14372=CARTESIAN_POINT('',(-0.00975691512199036,-0.0387917853069729,0.0503234283167564));
#14373=CARTESIAN_POINT('',(-0.00975739573276215,-0.0387916645444178,0.0503233311080512));
#14374=CARTESIAN_POINT('',(-0.00975691523048846,-0.0387917857371861,0.0503234283167034));
#14375=CARTESIAN_POINT('',(-0.00982212567241211,-0.0390503561502378,0.0503233964414505));
#14376=CARTESIAN_POINT('',(-0.00988733926078814,-0.0393089257696898,0.0503233639440589));
#14377=CARTESIAN_POINT('',(-0.00995255599218445,-0.0395674945963212,0.0503233308064497));
#14378=CARTESIAN_POINT('',(-0.00995266520217495,-0.0395674671283479,0.0503233081876254));
#14379=CARTESIAN_POINT('',(-0.0103726607850223,-0.0394594464077683,0.0508080998417297));
#14380=CARTESIAN_POINT('',(-0.0101609122299167,-0.0395151085149132,0.0507389484005876));
#14381=CARTESIAN_POINT('',(-0.00999570115469125,-0.0395566421439797,0.0505485826313584));
#14382=CARTESIAN_POINT('',(-0.00995255599396031,-0.0395674946033621,0.0503233308064487));
#14383=CARTESIAN_POINT('',(-0.0107147888425454,-0.0392110784592488,0.0501575301765487));
#14384=CARTESIAN_POINT('',(-0.00975787621686942,-0.0387915435022121,0.0503232339103042));
#14385=CARTESIAN_POINT('',(-0.00972590833069032,-0.0387995849114495,0.0501589389440784));
#14386=CARTESIAN_POINT('',(-0.00974215903324814,-0.0387955471502699,0.0499887595643684));
#14387=CARTESIAN_POINT('',(-0.00980454897214376,-0.0387797733290543,0.0498340400539246));
#14388=CARTESIAN_POINT('',(-0.00995277440367424,-0.0395674396522029,0.0503232855700539));
#14389=CARTESIAN_POINT('',(-0.00992076246341273,-0.0395754919199879,0.0501588188752731));
#14390=CARTESIAN_POINT('',(-0.00993707190968151,-0.0395714387288668,0.0499884530574126));
#14391=CARTESIAN_POINT('',(-0.0099996119243094,-0.0395556286938182,0.0498336057517661));
#14392=CARTESIAN_POINT('',(-0.0164502094832723,-0.0364608092060017,0.0507521632807051));
#14393=CARTESIAN_POINT('',(-0.0167792136729378,-0.0371900253901217,0.0522883834768696));
#14394=CARTESIAN_POINT('',(0.,0.,0.0522883834768696));
#14395=CARTESIAN_POINT('',(0.,2.4492935982947E-18,0.107));
#14396=CARTESIAN_POINT('',(-0.0344725966851212,0.0215287848917117,0.0539420916566344));
#14397=CARTESIAN_POINT('',(-0.0343567931863028,0.02200569791239,0.0542444457433128));
#14398=CARTESIAN_POINT('',(-0.0341322441196458,0.02186186196441,0.0542444401281265));
#14399=CARTESIAN_POINT('',(-0.0339076977329601,0.0217180218327275,0.0542444312644176));
#14400=CARTESIAN_POINT('',(-0.0336831540404323,0.0215741774956837,0.0542444191921326));
#14401=CARTESIAN_POINT('',(-0.0343567876650321,0.0220057065316378,0.0542444526017811));
#14402=CARTESIAN_POINT('',(-0.0336385330810878,0.0216436849128954,0.0540213515128873));
#14403=CARTESIAN_POINT('',(-0.0338627381194536,0.021788056666548,0.0540213649770069));
#14404=CARTESIAN_POINT('',(-0.034086945459783,0.0219324248453748,0.0540213778497166));
#14405=CARTESIAN_POINT('',(-0.0343111550997241,0.0220767894527756,0.0540213901020356));
#14406=CARTESIAN_POINT('',(-0.0343111872137142,0.0220767396139453,0.0540213814424876));
#14407=CARTESIAN_POINT('',(-0.034356793405153,0.0220056980536421,0.0542444457439056));
#14408=CARTESIAN_POINT('',(-0.0343329610261395,0.0220429067856771,0.0541768641416663));
#14409=CARTESIAN_POINT('',(-0.0343174692862471,0.0220669761851655,0.0541012873847253));
#14410=CARTESIAN_POINT('',(-0.0343111551324586,0.0220767894739331,0.0540213901015755));
#14411=CARTESIAN_POINT('',(-0.0358861644889218,0.0193348639744897,0.053560333662741));
#14412=CARTESIAN_POINT('',(-0.0336208002174699,0.021671220459384,0.0535929225195529));
#14413=CARTESIAN_POINT('',(-0.0338448950395064,0.0218157632409332,0.0535929232727732));
#14414=CARTESIAN_POINT('',(-0.0340689909230552,0.0219603043767455,0.0535929240089877));
#14415=CARTESIAN_POINT('',(-0.0342930878680724,0.0221048438668357,0.0535929247244388));
#14416=CARTESIAN_POINT('',(-0.0342931123851553,0.0221048058787465,0.053592924245039));
#14417=CARTESIAN_POINT('',(-0.0343112140924327,0.022076697839391,0.0540213741707387));
#14418=CARTESIAN_POINT('',(-0.034299961314934,0.0220941867075498,0.0538793106975227));
#14419=CARTESIAN_POINT('',(-0.0342939125965515,0.0221035644441611,0.0537364942157689));
#14420=CARTESIAN_POINT('',(-0.0342930878896525,0.0221048438807554,0.0535929247243772));
#14421=CARTESIAN_POINT('',(-0.0977184000250742,-0.0770150524827617,0.052420264924894));
#14422=CARTESIAN_POINT('',(-0.0336175879099025,0.0216762031527661,0.0524193305855851));
#14423=CARTESIAN_POINT('',(-0.0338417050603952,0.0218207113323482,0.0524193305855749));
#14424=CARTESIAN_POINT('',(-0.0340658223121907,0.0219652193548201,0.0524193305855751));
#14425=CARTESIAN_POINT('',(-0.0342899396652889,0.0221097272201815,0.0524193305855674));
#14426=CARTESIAN_POINT('',(-0.0342899395676473,0.022109727371614,0.052419330585575));
#14427=CARTESIAN_POINT('',(-0.0342899396652889,0.0221097272201815,0.0524193305855674));
#14428=CARTESIAN_POINT('',(-0.0342899485072472,0.0221097134190931,0.0528105348778872));
#14429=CARTESIAN_POINT('',(-0.0342910142406005,0.0221080604843725,0.0532017390884286));
#14430=CARTESIAN_POINT('',(-0.0342931365776319,0.0221047683468489,0.0535929237713012));
#14431=CARTESIAN_POINT('',(-0.0342899395676473,0.022109727371614,0.052419330585575));
#14432=CARTESIAN_POINT('',(-0.0342900534298324,0.0221097841691575,0.050585480427372));
#14433=CARTESIAN_POINT('',(-0.034289947136672,0.0221097156328216,0.0505854996711981));
#14434=CARTESIAN_POINT('',(-0.0342899395676473,0.022109727371614,0.052419330585575));
#14435=CARTESIAN_POINT('',(-0.0342899420906562,0.0221097234586837,0.051808053614116));
#14436=CARTESIAN_POINT('',(-0.0342899446136644,0.0221097195457529,0.0511967766426571));
#14437=CARTESIAN_POINT('',(-0.034289947136672,0.0221097156328217,0.0505854996711981));
#14438=CARTESIAN_POINT('',(-0.0390563546803711,0.010332529171556,0.0505826666117651));
#14439=CARTESIAN_POINT('',(-0.0399385366673489,-0.0022165959682738,0.0505799079775535));
#14440=CARTESIAN_POINT('',(-0.0402047935417079,-0.00223137326867343,0.0505798895866621));
#14441=CARTESIAN_POINT('',(-0.0404710504160668,-0.00224615056907307,0.0505798711957708));
#14442=CARTESIAN_POINT('',(-0.0407373072904258,-0.0022609278694727,0.0505798528048795));
#14443=CARTESIAN_POINT('',(-0.0407373071849655,-0.00226092796041454,0.0505798340521373));
#14444=CARTESIAN_POINT('',(0.,2.4492935982947E-18,0.0505826666117651));
#14445=CARTESIAN_POINT('',(-0.0376730928016222,-0.0145910273373866,0.0505770014300845));
#14446=CARTESIAN_POINT('',(-0.0310124520861195,-0.0252631711393092,0.0505742427347054));
#14447=CARTESIAN_POINT('',(-0.0316327011326643,-0.0257684345479414,0.0505741875608011));
#14448=CARTESIAN_POINT('',(0.,2.4492935982947E-18,0.0505770014300845));
#14449=CARTESIAN_POINT('',(-0.03101245209208,-0.0252631711239195,0.0535535589534604));
#14450=CARTESIAN_POINT('',(-0.0310123302130351,-0.0252630718395688,0.054546521685236));
#14451=CARTESIAN_POINT('',(-0.0316327011339216,-0.0257684345463979,0.0545466483615146));
#14452=CARTESIAN_POINT('',(-0.0316327011339217,-0.025768434546398,0.0525604289049192));
#14453=CARTESIAN_POINT('',(-0.0376213054964596,-0.0147240406391064,0.0545401891405465));
#14454=CARTESIAN_POINT('',(-0.0399218764800296,-0.00249875577678932,0.0545338565709251));
#14455=CARTESIAN_POINT('',(-0.0401880223150477,-0.00251541416954059,0.0545338143538059));
#14456=CARTESIAN_POINT('',(-0.0404541681500658,-0.00253207256229186,0.0545337721366867));
#14457=CARTESIAN_POINT('',(-0.0407203139850839,-0.00254873095504313,0.0545337299195675));
#14458=CARTESIAN_POINT('',(-0.0407203139774101,-0.00254873097464925,0.0545336892790915));
#14459=CARTESIAN_POINT('',(0.,2.4492935982947E-18,0.0545401891405465));
#14460=CARTESIAN_POINT('',(-0.0407203139774101,-0.00254873097465041,0.0545336892790935));
#14461=CARTESIAN_POINT('',(-0.0408414935099057,-0.000612681756456128,0.0545326928550988));
#14462=CARTESIAN_POINT('',(-0.0408243643339777,0.00133199796602204,0.0545311030774736));
#14463=CARTESIAN_POINT('',(-0.0405138388763753,0.00519921160888271,0.0545267367960489));
#14464=CARTESIAN_POINT('',(-0.040220445707313,0.0071217067727808,0.0545239603060532));
#14465=CARTESIAN_POINT('',(-0.0397918937456138,0.00901361149250297,0.0545205904348194));
#14466=CARTESIAN_POINT('',(-0.0399218764484413,-0.0024987558575004,0.0545336892790935));
#14467=CARTESIAN_POINT('',(-0.0400406799116723,-0.000600668388682543,0.0545326928550988));
#14468=CARTESIAN_POINT('',(-0.040023886601939,0.00130588035884514,0.0545311030774736));
#14469=CARTESIAN_POINT('',(-0.0397194498787993,0.00509726628321834,0.0545267367960489));
#14470=CARTESIAN_POINT('',(-0.0394318095169734,0.0069820654635113,0.0545239603060532));
#14471=CARTESIAN_POINT('',(-0.0390116605349155,0.00883687401225782,0.0545205904348194));
#14472=CARTESIAN_POINT('',(-0.0390116605349155,0.00883687401225782,0.0545205904348194));
#14473=CARTESIAN_POINT('',(-0.0392717382718149,0.00889578650567287,0.0545205904348194));
#14474=CARTESIAN_POINT('',(-0.0395318160087144,0.00895469899908792,0.0545205904348194));
#14475=CARTESIAN_POINT('',(-0.0397918937456138,0.00901361149250297,0.0545205904348194));
#14476=CARTESIAN_POINT('',(-0.0397918937456138,0.00901361149250297,0.0545205904348194));
#14477=CARTESIAN_POINT('',(-0.0407203139774101,-0.00254873097465039,0.0545336892790935));
#14478=CARTESIAN_POINT('',(-0.0409626722756787,0.00132335521203813,0.0545316964374085));
#14479=CARTESIAN_POINT('',(-0.0406489949598456,0.00522981401306679,0.0545273301559838));
#14480=CARTESIAN_POINT('',(-0.0397918937456138,0.00901361149250301,0.0545205904348194));
#14481=CARTESIAN_POINT('',(-0.0397918937456136,0.00901361149250382,0.0545205904348183));
#14482=CARTESIAN_POINT('',(-0.0392240484394248,0.0115204468610574,0.0545161229940955));
#14483=CARTESIAN_POINT('',(-0.0384187242814527,0.0139731203041242,0.0545065310862184));
#14484=CARTESIAN_POINT('',(-0.0373900601781147,0.0163286067953442,0.0544918125757097));
#14485=CARTESIAN_POINT('',(-0.0390116605349153,0.00883687401225865,0.0545205904348183));
#14486=CARTESIAN_POINT('',(-0.0384549494504425,0.0112945557460199,0.0545161229940957));
#14487=CARTESIAN_POINT('',(-0.0376654159621356,0.0136991375532301,0.0545065310862173));
#14488=CARTESIAN_POINT('',(-0.0366569217432497,0.0160084380346513,0.0544918125757097));
#14489=CARTESIAN_POINT('',(-0.037390059718066,0.0163286076685077,0.0544919746158484));
#14490=CARTESIAN_POINT('',(-0.0371456805768673,0.0162218841084872,0.0544918558848377));
#14491=CARTESIAN_POINT('',(-0.0369013014356685,0.0161151605484667,0.054491737153827));
#14492=CARTESIAN_POINT('',(-0.0366569222944698,0.0160084369884462,0.0544916184228164));
#14493=CARTESIAN_POINT('',(-0.0373900601781147,0.0163286067953442,0.0544918125757097));
#14494=CARTESIAN_POINT('',(-0.0397918937456136,0.0090136114925038,0.0545205904348183));
#14495=CARTESIAN_POINT('',(-0.0392240695332135,0.0115203537394716,0.0545161231600478));
#14496=CARTESIAN_POINT('',(-0.0384186861308286,0.0139732076633308,0.054506530540345));
#14497=CARTESIAN_POINT('',(-0.0373900601781147,0.0163286067953443,0.0544918125757097));
#14498=CARTESIAN_POINT('',(-0.0357424019295614,0.0188318062389031,0.0544738081033272));
#14499=CARTESIAN_POINT('',(-0.0339308161427329,0.0211825334368651,0.0544559977838379));
#14500=CARTESIAN_POINT('',(-0.0341570219244488,0.02132374967968,0.0544558790528273));
#14501=CARTESIAN_POINT('',(-0.0343832277061648,0.0214649659224949,0.0544557603218166));
#14502=CARTESIAN_POINT('',(-0.0346094334878807,0.0216061821653099,0.0544556415908059));
#14503=CARTESIAN_POINT('',(-0.0346094332884576,0.0216061826209954,0.0544557226108564));
#14504=CARTESIAN_POINT('',(0.,2.4492935982947E-18,0.0544738081033272));
#14505=CARTESIAN_POINT('',(-0.0344747614524463,0.0215198687626573,0.0537305614725662));
#14506=CARTESIAN_POINT('',(-0.0337697756547523,0.0214383375699429,0.0543874946936298));
#14507=CARTESIAN_POINT('',(-0.0339949871420089,0.0215811334987629,0.0543871802656374));
#14508=CARTESIAN_POINT('',(-0.034220198763097,0.0217239292153298,0.0543868653017386));
#14509=CARTESIAN_POINT('',(-0.0344454105186496,0.0218667247186414,0.0543865498024898));
#14510=CARTESIAN_POINT('',(-0.0344453832365392,0.0218667682276872,0.0543866594438024));
#14511=CARTESIAN_POINT('',(-0.034609433343371,0.0216061825353295,0.0544556538311589));
#14512=CARTESIAN_POINT('',(-0.0345528606749411,0.0216968023379661,0.0544554957958949));
#14513=CARTESIAN_POINT('',(-0.034497209673353,0.0217851294623589,0.0544320635148619));
#14514=CARTESIAN_POINT('',(-0.0344454109747243,0.0218667250127298,0.0543865497998934));
#14515=CARTESIAN_POINT('',(-0.0343958786117395,0.0216465420856221,0.0540371987776409));
#14516=CARTESIAN_POINT('',(-0.034445354462551,0.0218668140602027,0.0543867678420373));
#14517=CARTESIAN_POINT('',(-0.0344091709249906,0.0219238116078813,0.0543561681687343));
#14518=CARTESIAN_POINT('',(-0.0343784116808775,0.0219719460833689,0.0543067979660665));
#14519=CARTESIAN_POINT('',(-0.0343568079100294,0.0220056754096151,0.0542444287583943));
#14520=CARTESIAN_POINT('',(0.,2.4492935982947E-18,0.0525604289049192));
#14521=CARTESIAN_POINT('',(0.0328092623292995,-0.0239884693729721,0.0537443034418991));
#14522=CARTESIAN_POINT('',(0.0326328552649797,-0.0244895229788415,0.0540744027192835));
#14523=CARTESIAN_POINT('',(0.0324195748522461,-0.0243294525938279,0.054074396588771));
#14524=CARTESIAN_POINT('',(0.0322062976956569,-0.0241693778704098,0.0540743869116243));
#14525=CARTESIAN_POINT('',(0.0319930238124303,-0.0240092987861686,0.0540743737314554));
#14526=CARTESIAN_POINT('',(0.0326328485639663,-0.0244895319070955,0.0540744101993878));
#14527=CARTESIAN_POINT('',(0.0319388153652002,-0.0240813637151099,0.0538308354575402));
#14528=CARTESIAN_POINT('',(0.0321516778208051,-0.0242419896028696,0.0538308501572255));
#14529=CARTESIAN_POINT('',(0.0323645430725701,-0.0244026117851991,0.0538308642112287));
#14530=CARTESIAN_POINT('',(0.0325774111176477,-0.0245632302656012,0.0538308775879093));
#14531=CARTESIAN_POINT('',(0.0325774501226891,-0.0245631786114809,0.0538308681342047));
#14532=CARTESIAN_POINT('',(0.0326328554744191,-0.0244895231372545,0.0540744027199303));
#14533=CARTESIAN_POINT('',(0.0326038991724014,-0.0245281080788037,0.0540006192502416));
#14534=CARTESIAN_POINT('',(0.0325850811478009,-0.0245530578319484,0.0539181069278272));
#14535=CARTESIAN_POINT('',(0.0325774111546872,-0.0245632302936413,0.0538308775874077));
#14536=CARTESIAN_POINT('',(0.0345262314244969,-0.021714532053142,0.0533275153293297));
#14537=CARTESIAN_POINT('',(0.0319172756228795,-0.0241099050379717,0.0533630901664908));
#14538=CARTESIAN_POINT('',(0.0321300042054378,-0.0242707081907512,0.0533630909888323));
#14539=CARTESIAN_POINT('',(0.0323427340772953,-0.0244315096379,0.0533630917926074));
#14540=CARTESIAN_POINT('',(0.0325554652384009,-0.0245923093794291,0.0533630925737137));
#14541=CARTESIAN_POINT('',(0.0325554950155145,-0.0245922700109683,0.0533630920503234));
#14542=CARTESIAN_POINT('',(0.0325774827709397,-0.0245631353107998,0.0538308601956707));
#14543=CARTESIAN_POINT('',(0.0325638136691088,-0.0245812643046663,0.0536757597663486));
#14544=CARTESIAN_POINT('',(0.0325564669725188,-0.0245909833278211,0.0535198372261581));
#14545=CARTESIAN_POINT('',(0.0325554652628188,-0.024592309397887,0.0533630925736467));
#14546=CARTESIAN_POINT('',(0.10967901991181,0.078151517974209,0.0520828448306794));
#14547=CARTESIAN_POINT('',(0.0319133739027848,-0.0241150692750626,0.0520817994265618));
#14548=CARTESIAN_POINT('',(0.0321261296046218,-0.0242758365679019,0.0520817994265506));
#14549=CARTESIAN_POINT('',(0.0323388854295021,-0.0244366036979088,0.0520817994265509));
#14550=CARTESIAN_POINT('',(0.0325516413774253,-0.0245973706650828,0.0520817994265425));
#14551=CARTESIAN_POINT('',(0.0325516412588269,-0.0245973708220339,0.0520817994265507));
#14552=CARTESIAN_POINT('',(0.0325516413774254,-0.0245973706650828,0.0520817994265425));
#14553=CARTESIAN_POINT('',(0.0325516521202657,-0.0245973563538327,0.0525089039614866));
#14554=CARTESIAN_POINT('',(0.0325529465711621,-0.0245956432077448,0.0529360084071477));
#14555=CARTESIAN_POINT('',(0.0325555244001486,-0.0245922311112939,0.0533630915331145));
#14556=CARTESIAN_POINT('',(0.0325516412588269,-0.0245973708220338,0.0520817994265507));
#14557=CARTESIAN_POINT('',(0.0325517703453729,-0.0245974492516353,0.0500796497878892));
#14558=CARTESIAN_POINT('',(0.0325516504522197,-0.0245973586556872,0.0500796805));
#14559=CARTESIAN_POINT('',(0.0325516412588269,-0.0245973708220338,0.0520817994265507));
#14560=CARTESIAN_POINT('',(0.0325516443232919,-0.0245973667665855,0.0514144264510338));
#14561=CARTESIAN_POINT('',(0.0325516473877562,-0.0245973627111366,0.0507470534755169));
#14562=CARTESIAN_POINT('',(0.0325516504522197,-0.0245973586556871,0.0500796805));
#14563=CARTESIAN_POINT('',(0.0385450258845583,-0.0121012800793442,0.0500765875007533));
#14564=CARTESIAN_POINT('',(0.0399700692101063,0.00154711874895054,0.0500735852695082));
#14565=CARTESIAN_POINT('',(0.0402365363005186,0.0015574328681483,0.050073565254637));
#14566=CARTESIAN_POINT('',(0.0405030033909309,0.00156774698734606,0.0500735452397658));
#14567=CARTESIAN_POINT('',(0.0407694704813433,0.00157806110654382,0.0500735252248946));
#14568=CARTESIAN_POINT('',(0.0407694703773139,0.0015780611969799,0.0500734950012094));
#14569=CARTESIAN_POINT('',(0.,2.4492935982947E-18,0.0500765875007533));
#14570=CARTESIAN_POINT('',(0.0374942948923589,0.0150445289233273,0.0500704024336806));
#14571=CARTESIAN_POINT('',(0.0299538518078861,0.0265097484411534,0.0500674001358672));
#14572=CARTESIAN_POINT('',(0.0305529288495927,0.0270399433932789,0.0500673400899149));
#14573=CARTESIAN_POINT('',(0.,2.4492935982947E-18,0.0500704024336806));
#14574=CARTESIAN_POINT('',(0.0299538518153906,0.0265097484224507,0.053320114263828));
#14575=CARTESIAN_POINT('',(0.0299537119376144,0.0265096246278656,0.0544041782713442));
#14576=CARTESIAN_POINT('',(0.0305529288516984,0.0270399433908996,0.054404316148554));
#14577=CARTESIAN_POINT('',(0.0305529288516984,0.0270399433908996,0.0522358461311703));
#14578=CARTESIAN_POINT('',(0.0374359836125096,0.0151890464139101,0.0543972860523033));
#14579=CARTESIAN_POINT('',(0.0399569441488118,0.00185542908839418,0.0543903938010224));
#14580=CARTESIAN_POINT('',(0.0402233237672554,0.00186779863836224,0.0543903478526932));
#14581=CARTESIAN_POINT('',(0.0404897033856991,0.00188016818833029,0.054390301904364));
#14582=CARTESIAN_POINT('',(0.0407560830041428,0.00189253773829834,0.0543902559560349));
#14583=CARTESIAN_POINT('',(0.0407560829912388,0.0018925377701004,0.0543901897081209));
#14584=CARTESIAN_POINT('',(0.,2.4492935982947E-18,0.0543972860523033));
#14585=CARTESIAN_POINT('',(0.0407560829912387,0.00189253777010266,0.0543901897081209));
#14586=CARTESIAN_POINT('',(0.0408543213233631,-0.00022303935614259,0.0543891018423146));
#14587=CARTESIAN_POINT('',(0.0407875033132832,-0.00234624041399495,0.0543873661745812));
#14588=CARTESIAN_POINT('',(0.040325372413583,-0.00655664627055557,0.0543825992059315));
#14589=CARTESIAN_POINT('',(0.0399300660995671,-0.00864379116749148,0.0543795679264229));
#14590=CARTESIAN_POINT('',(0.0393752875292836,-0.010687690676018,0.0543758888021717));
#14591=CARTESIAN_POINT('',(0.0399569441090576,0.00185542918637516,0.0543901897081209));
#14592=CARTESIAN_POINT('',(0.0400532561993756,-0.000218666035433811,0.0543891018423146));
#14593=CARTESIAN_POINT('',(0.0399877483463561,-0.00230023569999506,0.0543873661745812));
#14594=CARTESIAN_POINT('',(0.0395346788368462,-0.00642808457897605,0.0543825992059315));
#14595=CARTESIAN_POINT('',(0.0391471236270262,-0.00847430506616922,0.0543795679264229));
#14596=CARTESIAN_POINT('',(0.0386032230679251,-0.0104781281137432,0.0543758888021717));
#14597=CARTESIAN_POINT('',(0.0386032230679251,-0.0104781281137432,0.0543758888021717));
#14598=CARTESIAN_POINT('',(0.0388605778883779,-0.0105479823011681,0.0543758888021717));
#14599=CARTESIAN_POINT('',(0.0391179327088308,-0.0106178364885931,0.0543758888021717));
#14600=CARTESIAN_POINT('',(0.0393752875292836,-0.010687690676018,0.0543758888021717));
#14601=CARTESIAN_POINT('',(0.0393752875292836,-0.010687690676018,0.0543758888021717));
#14602=CARTESIAN_POINT('',(0.0407560829912387,0.00189253777010266,0.0543901897081209));
#14603=CARTESIAN_POINT('',(0.0409525587726433,-0.00233859747020448,0.0543880139862846));
#14604=CARTESIAN_POINT('',(0.0404848396878208,-0.00659991001361801,0.0543832470176348));
#14605=CARTESIAN_POINT('',(0.0393752875292836,-0.010687690676018,0.0543758888021717));
#14606=CARTESIAN_POINT('',(0.0393752875292833,-0.0106876906760192,0.0543758888021706));
#14607=CARTESIAN_POINT('',(0.0386401777375286,-0.0133959613673554,0.0543710113173646));
#14608=CARTESIAN_POINT('',(0.0376248652253748,-0.0160276133060696,0.0543605394901823));
#14609=CARTESIAN_POINT('',(0.0363505249609384,-0.0185277989805641,0.0543444700412505));
#14610=CARTESIAN_POINT('',(0.0386032230679248,-0.0104781281137443,0.0543758888021706));
#14611=CARTESIAN_POINT('',(0.0378825271937023,-0.0131332954580193,0.0543710113173649));
#14612=CARTESIAN_POINT('',(0.036887122769849,-0.0157133463787472,0.0543605394901807));
#14613=CARTESIAN_POINT('',(0.0356377695695475,-0.0181645088044746,0.0543444700412505));
#14614=CARTESIAN_POINT('',(0.0363505244074127,-0.0185277998808398,0.0543446435552421));
#14615=CARTESIAN_POINT('',(0.0361129396903997,-0.0184067024830245,0.0543445139506594));
#14616=CARTESIAN_POINT('',(0.0358753549733866,-0.0182856050852093,0.0543443843460767));
#14617=CARTESIAN_POINT('',(0.0356377702563736,-0.018164507687394,0.0543442547414941));
#14618=CARTESIAN_POINT('',(0.0363505249609384,-0.0185277989805641,0.0543444700412505));
#14619=CARTESIAN_POINT('',(0.0393752875292833,-0.0106876906760192,0.0543758888021706));
#14620=CARTESIAN_POINT('',(0.0386402161395765,-0.0133958198876175,0.0543710115721638));
#14621=CARTESIAN_POINT('',(0.037624798744471,-0.0160277437379549,0.0543605386518571));
#14622=CARTESIAN_POINT('',(0.0363505249609384,-0.0185277989805642,0.0543444700412505));
#14623=CARTESIAN_POINT('',(0.034415299283491,-0.0211599111296731,0.0543248133249126));
#14624=CARTESIAN_POINT('',(0.0322941188753425,-0.0236027518403408,0.0543053719083311));
#14625=CARTESIAN_POINT('',(0.0325094134192076,-0.0237601028393771,0.0543052423037484));
#14626=CARTESIAN_POINT('',(0.0327247079630726,-0.0239174538384134,0.0543051126991657));
#14627=CARTESIAN_POINT('',(0.0329400025069377,-0.0240748048374497,0.054304983094583));
#14628=CARTESIAN_POINT('',(0.0329400022642186,-0.0240748053124688,0.0543050698515567));
#14629=CARTESIAN_POINT('',(0.,2.4492935982947E-18,0.0543248133249144));
#14630=CARTESIAN_POINT('',(0.0328121011063525,-0.0239787568626962,0.0535133610358609));
#14631=CARTESIAN_POINT('',(0.0320982914844754,-0.0238683841491695,0.0542305790564723));
#14632=CARTESIAN_POINT('',(0.0323123769420916,-0.0240273755511966,0.054230235773842));
#14633=CARTESIAN_POINT('',(0.0325264625624369,-0.0241863667328423,0.054229891906125));
#14634=CARTESIAN_POINT('',(0.0327405483462809,-0.0243453576930661,0.054229547453929));
#14635=CARTESIAN_POINT('',(0.0327405151628524,-0.0243454028894971,0.0542296671612931));
#14636=CARTESIAN_POINT('',(0.0329400023323747,-0.024074805221566,0.0543049930695589));
#14637=CARTESIAN_POINT('',(0.0328711811825526,-0.0241689687595383,0.0543048204989918));
#14638=CARTESIAN_POINT('',(0.0328035113391176,-0.0242606837874372,0.0542792378748386));
#14639=CARTESIAN_POINT('',(0.0327405488628662,-0.0243453580823588,0.0542295474509574));
#14640=CARTESIAN_POINT('',(0.0327161269768194,-0.0241104105345013,0.0538481383078885));
#14641=CARTESIAN_POINT('',(0.0327404801664254,-0.0243454504944046,0.0542297855115796));
#14642=CARTESIAN_POINT('',(0.032696498279867,-0.0244045986331863,0.0541963777322841));
#14643=CARTESIAN_POINT('',(0.0326591216452237,-0.0244545228071755,0.0541424769191988));
#14644=CARTESIAN_POINT('',(0.032632873111427,-0.0244894996374672,0.0540743841610217));
#14645=CARTESIAN_POINT('',(0.,2.4492935982947E-18,0.0522358461311703));
#14646=MECHANICAL_DESIGN_GEOMETRIC_PRESENTATION_REPRESENTATION('',(#6413,
#5724,#5725,#5726,#5727,#5728,#5729,#5730,#5731,#5732,#5733,#5734,#5735,
#5736,#5737,#5738,#5739,#5740,#5741,#5742,#5743,#5744,#5745,#5746,#5747,
#5748,#5749,#5750,#5751,#5752,#5753,#5754,#5755,#5756,#5757,#5758,#5759,
#5760,#5761,#5762,#5763,#5764,#5765,#5766,#5767,#5768,#5769,#5770,#5771,
#5772,#5773,#5774,#5775,#5776,#5777,#5778,#5779,#5780,#5781,#5782,#5783,
#5784,#5785,#5786,#5787,#5788,#5789,#5790,#5791,#5792,#5793,#5794,#5795,
#5796,#5797,#5798,#5799,#5800,#5801,#5802,#5803,#5804,#5805,#5806,#5807,
#5808,#5809,#5810,#5811,#5812,#5813,#5814,#5815,#5816,#5817,#5818,#5819,
#5820,#5821,#5822,#5823,#5824,#5825,#5826,#5827,#5828,#5829,#5830,#5831,
#5832,#5833,#5834,#5835,#5836,#5837,#5838,#5839,#5840,#5841,#5842,#5843,
#5844,#5845,#5846,#5847,#5848,#5849,#5850,#5851,#5852,#5853,#5854,#5855,
#5856,#5857,#5858,#5859,#5860,#5861,#5862,#5863,#5864,#5865,#5866,#5867,
#5868,#5869,#5870,#5871,#5872,#5873,#5874,#5875,#5876,#5877,#5878,#5879,
#5880,#5881,#5882,#5883,#5884,#5885,#5886,#5887,#5888,#5889,#5890,#5891,
#5892,#5893,#5894,#5895,#5896,#5897,#5898,#5899,#5900,#5901,#5902,#5903,
#5904,#5905,#5906,#5907,#5908,#5909,#5910,#5911,#5912,#5913,#5914,#5915,
#5916,#5917,#5918,#5919,#5920,#5921,#5922,#5923,#5924,#5925,#5926,#5927,
#5928,#5929,#5930,#5931,#5932,#5933,#5934,#5935,#5936,#5937,#5938,#5939,
#5940,#5941,#5942,#5943,#5944,#5945,#5946,#5947,#5948,#5949,#5950,#5951,
#5952,#5953,#5954,#5955,#5956,#5957,#5958,#5959,#5960,#5961,#5962,#5963,
#5964,#5965,#5966,#5967,#5968,#5969,#5970,#5971,#5972,#5973,#5974,#5975,
#5976,#5977,#5978,#5979,#5980,#5981,#5982,#5983,#5984,#5985,#5986,#5987,
#5988,#5989,#5990,#5991,#5992,#5993,#5994,#5995,#5996,#5997,#5998,#5999,
#6000,#6001,#6002,#6003,#6004,#6005,#6006,#6007,#6008,#6009,#6010,#6011,
#6012,#6013,#6014,#6015,#6016,#6017,#6018,#6019,#6020,#6021,#6022,#6023,
#6024,#6025,#6026,#6027,#6028,#6029,#6030,#6031,#6032,#6033,#6034,#6035,
#6036,#6037,#6038,#6039,#6040,#6041,#6042,#6043,#6044,#6045,#6046,#6047,
#6048,#6049,#6050,#6051,#6052,#6053,#6054,#6055,#6056,#6057,#6058,#6059,
#6060,#6061,#6062,#6063,#6064,#6065,#6066,#6067),#14647);
#14647=(
GEOMETRIC_REPRESENTATION_CONTEXT(3)
GLOBAL_UNCERTAINTY_ASSIGNED_CONTEXT((#14648))
GLOBAL_UNIT_ASSIGNED_CONTEXT((#14651,#14650,#14649))
REPRESENTATION_CONTEXT('Part 1','TOP_LEVEL_ASSEMBLY_PART')
);
#14648=UNCERTAINTY_MEASURE_WITH_UNIT(LENGTH_MEASURE(2.E-5),#14651,
'DISTANCE_ACCURACY_VALUE','Maximum Tolerance applied to model');
#14649=(
NAMED_UNIT(*)
SI_UNIT($,.STERADIAN.)
SOLID_ANGLE_UNIT()
);
#14650=(
NAMED_UNIT(*)
PLANE_ANGLE_UNIT()
SI_UNIT($,.RADIAN.)
);
#14651=(
LENGTH_UNIT()
NAMED_UNIT(*)
SI_UNIT($,.METRE.)
);
#14652=PRODUCT_DEFINITION_SHAPE('','',#14653);
#14653=PRODUCT_DEFINITION('','',#14655,#14654);
#14654=PRODUCT_DEFINITION_CONTEXT('',#14661,'design');
#14655=PRODUCT_DEFINITION_FORMATION_WITH_SPECIFIED_SOURCE('','',#14657,
 .NOT_KNOWN.);
#14656=PRODUCT_RELATED_PRODUCT_CATEGORY('','',(#14657));
#14657=PRODUCT('Part 1','Part 1','Part 1',(#14659));
#14658=PRODUCT_CATEGORY('','');
#14659=PRODUCT_CONTEXT('',#14661,'mechanical');
#14660=APPLICATION_PROTOCOL_DEFINITION('international standard',
'ap242_managed_model_based_3d_engineering',2020,#14661);
#14661=APPLICATION_CONTEXT('managed model based 3d engineering');
ENDSEC;
END-ISO-10303-21;
